SKU,Handle,Title,Vendor,Collections,Bing_Image_Search,Google_Image_Search,Chosen_Image_URL,Source_File
ZETLN1050,zetlight-zn1050-led,Zetlight ZN1050 LED 3-in-1,Zetlight,Lighting,https://www.bing.com/images/search?q=Zetlight%20Zetlight%20ZN1050%20LED%203-in-1,https://www.google.com/search?tbm=isch&q=Zetlight%20Zetlight%20ZN1050%20LED%203-in-1,,AquaCube_01_Lighting_CO2_SHOPIFY_COLLECTIONS.csv
ZETE324WPLANT,zetlight-e3-24w-freshwater-plant,Zetlight E3 24W Freshwater Plant,Zetlight,Lighting,https://www.bing.com/images/search?q=Zetlight%20Zetlight%20E3%2024W%20Freshwater%20Plant,https://www.google.com/search?tbm=isch&q=Zetlight%20Zetlight%20E3%2024W%20Freshwater%20Plant,,AquaCube_01_Lighting_CO2_SHOPIFY_COLLECTIONS.csv
ZETE324WMARINE,zetlight-e3-24w-marine,Zetlight E3 24W Marine,Zetlight,Lighting,https://www.bing.com/images/search?q=Zetlight%20Zetlight%20E3%2024W%20Marine,https://www.google.com/search?tbm=isch&q=Zetlight%20Zetlight%20E3%2024W%20Marine,,AquaCube_01_Lighting_CO2_SHOPIFY_COLLECTIONS.csv
ZETZA1201AI,zetlight-za1201ai-marine,Zetlight ZA1201AI Marine,Zetlight,Lighting,https://www.bing.com/images/search?q=Zetlight%20Zetlight%20ZA1201AI%20Marine,https://www.google.com/search?tbm=isch&q=Zetlight%20Zetlight%20ZA1201AI%20Marine,,AquaCube_01_Lighting_CO2_SHOPIFY_COLLECTIONS.csv
ZETO2FRESHWATER,zetlight-o2-freshwater-hanging,Zetlight O2 Freshwater Hanging Kits,Zetlight,Lighting,https://www.bing.com/images/search?q=Zetlight%20Zetlight%20O2%20Freshwater%20Hanging%20Kits,https://www.google.com/search?tbm=isch&q=Zetlight%20Zetlight%20O2%20Freshwater%20Hanging%20Kits,,AquaCube_01_Lighting_CO2_SHOPIFY_COLLECTIONS.csv
ZETUFO8PRO,zetlight-ufo-f8-pro-algae,Zetlight UFO F8 PRO Algae Bursting,Zetlight,Lighting,https://www.bing.com/images/search?q=Zetlight%20Zetlight%20UFO%20F8%20PRO%20Algae%20Bursting,https://www.google.com/search?tbm=isch&q=Zetlight%20Zetlight%20UFO%20F8%20PRO%20Algae%20Bursting,,AquaCube_01_Lighting_CO2_SHOPIFY_COLLECTIONS.csv
ZETX966WMARINE,zetlight-x9-66w-marine-rgb,Zetlight X9 66W Marine RGB,Zetlight,Lighting,https://www.bing.com/images/search?q=Zetlight%20Zetlight%20X9%2066W%20Marine%20RGB,https://www.google.com/search?tbm=isch&q=Zetlight%20Zetlight%20X9%2066W%20Marine%20RGB,,AquaCube_01_Lighting_CO2_SHOPIFY_COLLECTIONS.csv
ZETX9PRO96W,zetlight-x9-pro-96w-marine-rgb,Zetlight X9 PRO 96W Marine RGB,Zetlight,Lighting,https://www.bing.com/images/search?q=Zetlight%20Zetlight%20X9%20PRO%2096W%20Marine%20RGB,https://www.google.com/search?tbm=isch&q=Zetlight%20Zetlight%20X9%20PRO%2096W%20Marine%20RGB,,AquaCube_01_Lighting_CO2_SHOPIFY_COLLECTIONS.csv
ZETQMAVEN90,zetlight-qmaven-ii-q6-90,Zetlight Qmaven II Q6-90 Marine,Zetlight,Lighting,https://www.bing.com/images/search?q=Zetlight%20Zetlight%20Qmaven%20II%20Q6-90%20Marine,https://www.google.com/search?tbm=isch&q=Zetlight%20Zetlight%20Qmaven%20II%20Q6-90%20Marine,,AquaCube_01_Lighting_CO2_SHOPIFY_COLLECTIONS.csv
ZETQMAVEN120,zetlight-qmaven-ii-q6-120,Zetlight Qmaven II Q6-120 Marine,Zetlight,Lighting,https://www.bing.com/images/search?q=Zetlight%20Zetlight%20Qmaven%20II%20Q6-120%20Marine,https://www.google.com/search?tbm=isch&q=Zetlight%20Zetlight%20Qmaven%20II%20Q6-120%20Marine,,AquaCube_01_Lighting_CO2_SHOPIFY_COLLECTIONS.csv
CHIAII301,chihiros-aii-301-30cm-bluetooth,Chihiros AII 301 30cm Bluetooth,Chihiros,Lighting,https://www.bing.com/images/search?q=Chihiros%20Chihiros%20AII%20301%2030cm%20Bluetooth,https://www.google.com/search?tbm=isch&q=Chihiros%20Chihiros%20AII%20301%2030cm%20Bluetooth,,AquaCube_01_Lighting_CO2_SHOPIFY_COLLECTIONS.csv
CHIAII361,chihiros-aii-361-36cm-bluetooth,Chihiros AII 361 36cm Bluetooth,Chihiros,Lighting,https://www.bing.com/images/search?q=Chihiros%20Chihiros%20AII%20361%2036cm%20Bluetooth,https://www.google.com/search?tbm=isch&q=Chihiros%20Chihiros%20AII%20361%2036cm%20Bluetooth,,AquaCube_01_Lighting_CO2_SHOPIFY_COLLECTIONS.csv
CHIAII451,chihiros-aii-451-45cm-bluetooth,Chihiros AII 451 45cm Bluetooth,Chihiros,Lighting,https://www.bing.com/images/search?q=Chihiros%20Chihiros%20AII%20451%2045cm%20Bluetooth,https://www.google.com/search?tbm=isch&q=Chihiros%20Chihiros%20AII%20451%2045cm%20Bluetooth,,AquaCube_01_Lighting_CO2_SHOPIFY_COLLECTIONS.csv
CHIAII601,chihiros-aii-601-60cm-bluetooth,Chihiros AII 601 60cm Bluetooth,Chihiros,Lighting,https://www.bing.com/images/search?q=Chihiros%20Chihiros%20AII%20601%2060cm%20Bluetooth,https://www.google.com/search?tbm=isch&q=Chihiros%20Chihiros%20AII%20601%2060cm%20Bluetooth,,AquaCube_01_Lighting_CO2_SHOPIFY_COLLECTIONS.csv
CHIAII801,chihiros-aii-801-80cm-bluetooth,Chihiros AII 801 80cm Bluetooth,Chihiros,Lighting,https://www.bing.com/images/search?q=Chihiros%20Chihiros%20AII%20801%2080cm%20Bluetooth,https://www.google.com/search?tbm=isch&q=Chihiros%20Chihiros%20AII%20801%2080cm%20Bluetooth,,AquaCube_01_Lighting_CO2_SHOPIFY_COLLECTIONS.csv
CHIAII901,chihiros-aii-901-90cm-bluetooth,Chihiros AII 901 90cm Bluetooth,Chihiros,Lighting,https://www.bing.com/images/search?q=Chihiros%20Chihiros%20AII%20901%2090cm%20Bluetooth,https://www.google.com/search?tbm=isch&q=Chihiros%20Chihiros%20AII%20901%2090cm%20Bluetooth,,AquaCube_01_Lighting_CO2_SHOPIFY_COLLECTIONS.csv
CHIAII1201,chihiros-aii-1201-120cm-bluetooth,Chihiros AII 1201 120cm Bluetooth,Chihiros,Lighting,https://www.bing.com/images/search?q=Chihiros%20Chihiros%20AII%201201%20120cm%20Bluetooth,https://www.google.com/search?tbm=isch&q=Chihiros%20Chihiros%20AII%201201%20120cm%20Bluetooth,,AquaCube_01_Lighting_CO2_SHOPIFY_COLLECTIONS.csv
CHIWRGB2S30,chihiros-wrgb-ii-slim-30-plant,Chihiros WRGB II SLIM 30 Plant,Chihiros,Lighting,https://www.bing.com/images/search?q=Chihiros%20Chihiros%20WRGB%20II%20SLIM%2030%20Plant,https://www.google.com/search?tbm=isch&q=Chihiros%20Chihiros%20WRGB%20II%20SLIM%2030%20Plant,,AquaCube_01_Lighting_CO2_SHOPIFY_COLLECTIONS.csv
CHIWRGB2S45,chihiros-wrgb-ii-slim-45-plant,Chihiros WRGB II SLIM 45 Plant,Chihiros,Lighting,https://www.bing.com/images/search?q=Chihiros%20Chihiros%20WRGB%20II%20SLIM%2045%20Plant,https://www.google.com/search?tbm=isch&q=Chihiros%20Chihiros%20WRGB%20II%20SLIM%2045%20Plant,,AquaCube_01_Lighting_CO2_SHOPIFY_COLLECTIONS.csv
CHIWRGB2S60,chihiros-wrgb-ii-slim-60-plant,Chihiros WRGB II SLIM 60 Plant,Chihiros,Lighting,https://www.bing.com/images/search?q=Chihiros%20Chihiros%20WRGB%20II%20SLIM%2060%20Plant,https://www.google.com/search?tbm=isch&q=Chihiros%20Chihiros%20WRGB%20II%20SLIM%2060%20Plant,,AquaCube_01_Lighting_CO2_SHOPIFY_COLLECTIONS.csv
CHIWRGB2S90,chihiros-wrgb-ii-slim-90-plant,Chihiros WRGB II SLIM 90 Plant,Chihiros,Lighting,https://www.bing.com/images/search?q=Chihiros%20Chihiros%20WRGB%20II%20SLIM%2090%20Plant,https://www.google.com/search?tbm=isch&q=Chihiros%20Chihiros%20WRGB%20II%20SLIM%2090%20Plant,,AquaCube_01_Lighting_CO2_SHOPIFY_COLLECTIONS.csv
CHIWRGB2S120,chihiros-wrgb-ii-slim-120-plant,Chihiros WRGB II SLIM 120 Plant,Chihiros,Lighting,https://www.bing.com/images/search?q=Chihiros%20Chihiros%20WRGB%20II%20SLIM%20120%20Plant,https://www.google.com/search?tbm=isch&q=Chihiros%20Chihiros%20WRGB%20II%20SLIM%20120%20Plant,,AquaCube_01_Lighting_CO2_SHOPIFY_COLLECTIONS.csv
CHICII,chihiros-cii-rgb-plant,Chihiros CII RGB Plant,Chihiros,Lighting,https://www.bing.com/images/search?q=Chihiros%20Chihiros%20CII%20RGB%20Plant,https://www.google.com/search?tbm=isch&q=Chihiros%20Chihiros%20CII%20RGB%20Plant,,AquaCube_01_Lighting_CO2_SHOPIFY_COLLECTIONS.csv
CHIZLIGHT,chihiros-z-light-tiny-6w-led,Chihiros Z Light Tiny 6W LED,Chihiros,Lighting,https://www.bing.com/images/search?q=Chihiros%20Chihiros%20Z%20Light%20Tiny%206W%20LED,https://www.google.com/search?tbm=isch&q=Chihiros%20Chihiros%20Z%20Light%20Tiny%206W%20LED,,AquaCube_01_Lighting_CO2_SHOPIFY_COLLECTIONS.csv
CHIRGBVIVID,chihiros-rgb-vivid-mini-75w-plant,Chihiros RGB VIVID MINI 75W Plant,Chihiros,Lighting,https://www.bing.com/images/search?q=Chihiros%20Chihiros%20RGB%20VIVID%20MINI%2075W%20Plant,https://www.google.com/search?tbm=isch&q=Chihiros%20Chihiros%20RGB%20VIVID%20MINI%2075W%20Plant,,AquaCube_01_Lighting_CO2_SHOPIFY_COLLECTIONS.csv
CHIRGBVIVID2,chihiros-rgb-vivid-ii-10th-edition-130w,Chihiros RGB VIVID II 10th Edition 130W,Chihiros,Lighting,https://www.bing.com/images/search?q=Chihiros%20Chihiros%20RGB%20VIVID%20II%2010th%20Edition%20130W,https://www.google.com/search?tbm=isch&q=Chihiros%20Chihiros%20RGB%20VIVID%20II%2010th%20Edition%20130W,,AquaCube_01_Lighting_CO2_SHOPIFY_COLLECTIONS.csv
CHIWRGBVIVID3,chihiros-wrgb-vivid3-black-180w,Chihiros WRGB VIVID3 BLACK 180W,Chihiros,Lighting,https://www.bing.com/images/search?q=Chihiros%20Chihiros%20WRGB%20VIVID3%20BLACK%20180W,https://www.google.com/search?tbm=isch&q=Chihiros%20Chihiros%20WRGB%20VIVID3%20BLACK%20180W,,AquaCube_01_Lighting_CO2_SHOPIFY_COLLECTIONS.csv
CHIWRGB2P60,chihiros-wrgb2-pro-60-74w-plant,Chihiros WRGB2 PRO 60 74W Plant,Chihiros,Lighting,https://www.bing.com/images/search?q=Chihiros%20Chihiros%20WRGB2%20PRO%2060%2074W%20Plant,https://www.google.com/search?tbm=isch&q=Chihiros%20Chihiros%20WRGB2%20PRO%2060%2074W%20Plant,,AquaCube_01_Lighting_CO2_SHOPIFY_COLLECTIONS.csv
CHIWRGB2P90,chihiros-wrgb2-pro-90-110w-plant,Chihiros WRGB2 PRO 90 110W Plant,Chihiros,Lighting,https://www.bing.com/images/search?q=Chihiros%20Chihiros%20WRGB2%20PRO%2090%20110W%20Plant,https://www.google.com/search?tbm=isch&q=Chihiros%20Chihiros%20WRGB2%20PRO%2090%20110W%20Plant,,AquaCube_01_Lighting_CO2_SHOPIFY_COLLECTIONS.csv
CHIWRGB2P120,chihiros-wrgb2-pro-120-138w-plant,Chihiros WRGB2 PRO 120 138W Plant,Chihiros,Lighting,https://www.bing.com/images/search?q=Chihiros%20Chihiros%20WRGB2%20PRO%20120%20138W%20Plant,https://www.google.com/search?tbm=isch&q=Chihiros%20Chihiros%20WRGB2%20PRO%20120%20138W%20Plant,,AquaCube_01_Lighting_CO2_SHOPIFY_COLLECTIONS.csv
AQUAPRON2REG,aquapro-n-series-co2-regulator,Aquapro N Series CO2 Regulator,Aquapro,CO2 & Dosing,https://www.bing.com/images/search?q=Aquapro%20Aquapro%20N%20Series%20CO2%20Regulator,https://www.google.com/search?tbm=isch&q=Aquapro%20Aquapro%20N%20Series%20CO2%20Regulator,,AquaCube_01_Lighting_CO2_SHOPIFY_COLLECTIONS.csv
CHITINYCO2,chihiros-tiny-co2-diffuser,Chihiros Tiny CO2 Diffuser,Chihiros,CO2 & Dosing,https://www.bing.com/images/search?q=Chihiros%20Chihiros%20Tiny%20CO2%20Diffuser,https://www.google.com/search?tbm=isch&q=Chihiros%20Chihiros%20Tiny%20CO2%20Diffuser,,AquaCube_01_Lighting_CO2_SHOPIFY_COLLECTIONS.csv
CHICO2REG,chihiros-co2-regulator,Chihiros CO2 Regulator,Chihiros,CO2 & Dosing,https://www.bing.com/images/search?q=Chihiros%20Chihiros%20CO2%20Regulator,https://www.google.com/search?tbm=isch&q=Chihiros%20Chihiros%20CO2%20Regulator,,AquaCube_01_Lighting_CO2_SHOPIFY_COLLECTIONS.csv
CHICO2REGPRO,chihiros-co2-regulator-pro,Chihiros CO2 Regulator PRO,Chihiros,CO2 & Dosing,https://www.bing.com/images/search?q=Chihiros%20Chihiros%20CO2%20Regulator%20PRO,https://www.google.com/search?tbm=isch&q=Chihiros%20Chihiros%20CO2%20Regulator%20PRO,,AquaCube_01_Lighting_CO2_SHOPIFY_COLLECTIONS.csv
CHIMANIFOLDB,chihiros-co2-manifold-block,Chihiros CO2 Manifold Block,Chihiros,CO2 & Dosing,https://www.bing.com/images/search?q=Chihiros%20Chihiros%20CO2%20Manifold%20Block,https://www.google.com/search?tbm=isch&q=Chihiros%20Chihiros%20CO2%20Manifold%20Block,,AquaCube_01_Lighting_CO2_SHOPIFY_COLLECTIONS.csv
CHICO2GENKIT,chihiros-co2-generator-kit-25l,Chihiros CO2 Generator Kit 2.5L,Chihiros,CO2 & Dosing,https://www.bing.com/images/search?q=Chihiros%20Chihiros%20CO2%20Generator%20Kit%202.5L,https://www.google.com/search?tbm=isch&q=Chihiros%20Chihiros%20CO2%20Generator%20Kit%202.5L,,AquaCube_01_Lighting_CO2_SHOPIFY_COLLECTIONS.csv
SOBOPD1,sobo-pd1-dc-usb-pump-200lh,Sobo PD1 DC USB Pump 200L/H,Sobo,Pumps & Filters,https://www.bing.com/images/search?q=Sobo%20Sobo%20PD1%20DC%20USB%20Pump%20200L/H,https://www.google.com/search?tbm=isch&q=Sobo%20Sobo%20PD1%20DC%20USB%20Pump%20200L/H,,AquaCube_02_Pumps_Flow_SHOPIFY_COLLECTIONS.csv
SOBOWP3200,sobo-wp3200-submersible-300lh,Sobo WP3200 Submersible 300L/H,Sobo,Pumps & Filters,https://www.bing.com/images/search?q=Sobo%20Sobo%20WP3200%20Submersible%20300L/H,https://www.google.com/search?tbm=isch&q=Sobo%20Sobo%20WP3200%20Submersible%20300L/H,,AquaCube_02_Pumps_Flow_SHOPIFY_COLLECTIONS.csv
SOBOWP3300,sobo-wp3300-submersible-600lh,Sobo WP3300 Submersible 600L/H,Sobo,Pumps & Filters,https://www.bing.com/images/search?q=Sobo%20Sobo%20WP3300%20Submersible%20600L/H,https://www.google.com/search?tbm=isch&q=Sobo%20Sobo%20WP3300%20Submersible%20600L/H,,AquaCube_02_Pumps_Flow_SHOPIFY_COLLECTIONS.csv
SOBOWP3400,sobo-wp3400-submersible-880lh,Sobo WP3400 Submersible 880L/H,Sobo,Pumps & Filters,https://www.bing.com/images/search?q=Sobo%20Sobo%20WP3400%20Submersible%20880L/H,https://www.google.com/search?tbm=isch&q=Sobo%20Sobo%20WP3400%20Submersible%20880L/H,,AquaCube_02_Pumps_Flow_SHOPIFY_COLLECTIONS.csv
SOBOWP3500,sobo-wp3500-submersible-1200lh,Sobo WP3500 Submersible 1200L/H,Sobo,Pumps & Filters,https://www.bing.com/images/search?q=Sobo%20Sobo%20WP3500%20Submersible%201200L/H,https://www.google.com/search?tbm=isch&q=Sobo%20Sobo%20WP3500%20Submersible%201200L/H,,AquaCube_02_Pumps_Flow_SHOPIFY_COLLECTIONS.csv
SOBOWP4000,sobo-wp4000-submersible-2000lh,Sobo WP4000 Submersible 2000L/H,Sobo,Pumps & Filters,https://www.bing.com/images/search?q=Sobo%20Sobo%20WP4000%20Submersible%202000L/H,https://www.google.com/search?tbm=isch&q=Sobo%20Sobo%20WP4000%20Submersible%202000L/H,,AquaCube_02_Pumps_Flow_SHOPIFY_COLLECTIONS.csv
SOBOWP5000,sobo-wp5000-submersible-3000lh,Sobo WP5000 Submersible 3000L/H,Sobo,Pumps & Filters,https://www.bing.com/images/search?q=Sobo%20Sobo%20WP5000%20Submersible%203000L/H,https://www.google.com/search?tbm=isch&q=Sobo%20Sobo%20WP5000%20Submersible%203000L/H,,AquaCube_02_Pumps_Flow_SHOPIFY_COLLECTIONS.csv
SOBOWP6000,sobo-wp6000-submersible-4000lh,Sobo WP6000 Submersible 4000L/H,Sobo,Pumps & Filters,https://www.bing.com/images/search?q=Sobo%20Sobo%20WP6000%20Submersible%204000L/H,https://www.google.com/search?tbm=isch&q=Sobo%20Sobo%20WP6000%20Submersible%204000L/H,,AquaCube_02_Pumps_Flow_SHOPIFY_COLLECTIONS.csv
SOBOWP7000,sobo-wp7000-submersible-5000lh,Sobo WP7000 Submersible 5000L/H,Sobo,Pumps & Filters,https://www.bing.com/images/search?q=Sobo%20Sobo%20WP7000%20Submersible%205000L/H,https://www.google.com/search?tbm=isch&q=Sobo%20Sobo%20WP7000%20Submersible%205000L/H,,AquaCube_02_Pumps_Flow_SHOPIFY_COLLECTIONS.csv
SOBOWP8000,sobo-wp8000-submersible-6000lh,Sobo WP8000 Submersible 6000L/H,Sobo,Pumps & Filters,https://www.bing.com/images/search?q=Sobo%20Sobo%20WP8000%20Submersible%206000L/H,https://www.google.com/search?tbm=isch&q=Sobo%20Sobo%20WP8000%20Submersible%206000L/H,,AquaCube_02_Pumps_Flow_SHOPIFY_COLLECTIONS.csv
SOBOBO9000A,sobo-bo9000a-amphibious-9000lh,Sobo BO9000A Amphibious 9000L/H,Sobo,Pumps & Filters,https://www.bing.com/images/search?q=Sobo%20Sobo%20BO9000A%20Amphibious%209000L/H,https://www.google.com/search?tbm=isch&q=Sobo%20Sobo%20BO9000A%20Amphibious%209000L/H,,AquaCube_02_Pumps_Flow_SHOPIFY_COLLECTIONS.csv
SOBOBO12000A,sobo-bo12000a-amphibious-12000lh,Sobo BO12000A Amphibious 12000L/H,Sobo,Pumps & Filters,https://www.bing.com/images/search?q=Sobo%20Sobo%20BO12000A%20Amphibious%2012000L/H,https://www.google.com/search?tbm=isch&q=Sobo%20Sobo%20BO12000A%20Amphibious%2012000L/H,,AquaCube_02_Pumps_Flow_SHOPIFY_COLLECTIONS.csv
SOBOBO14000A,sobo-bo14000a-amphibious-14000lh,Sobo BO14000A Amphibious 14000L/H,Sobo,Pumps & Filters,https://www.bing.com/images/search?q=Sobo%20Sobo%20BO14000A%20Amphibious%2014000L/H,https://www.google.com/search?tbm=isch&q=Sobo%20Sobo%20BO14000A%20Amphibious%2014000L/H,,AquaCube_02_Pumps_Flow_SHOPIFY_COLLECTIONS.csv
SOBOBO16000A,sobo-bo16000a-amphibious-16000lh,Sobo BO16000A Amphibious 16000L/H,Sobo,Pumps & Filters,https://www.bing.com/images/search?q=Sobo%20Sobo%20BO16000A%20Amphibious%2016000L/H,https://www.google.com/search?tbm=isch&q=Sobo%20Sobo%20BO16000A%20Amphibious%2016000L/H,,AquaCube_02_Pumps_Flow_SHOPIFY_COLLECTIONS.csv
SOBOWP2200,sobo-wp2200-water-pump-2000lh,Sobo WP2200 Water Pump 2000L/H,Sobo,Pumps & Filters,https://www.bing.com/images/search?q=Sobo%20Sobo%20WP2200%20Water%20Pump%202000L/H,https://www.google.com/search?tbm=isch&q=Sobo%20Sobo%20WP2200%20Water%20Pump%202000L/H,,AquaCube_02_Pumps_Flow_SHOPIFY_COLLECTIONS.csv
SOBOWP4200,sobo-wp4200-water-pump-3000lh,Sobo WP4200 Water Pump 3000L/H,Sobo,Pumps & Filters,https://www.bing.com/images/search?q=Sobo%20Sobo%20WP4200%20Water%20Pump%203000L/H,https://www.google.com/search?tbm=isch&q=Sobo%20Sobo%20WP4200%20Water%20Pump%203000L/H,,AquaCube_02_Pumps_Flow_SHOPIFY_COLLECTIONS.csv
SOBOWP5200,sobo-wp5200-water-pump-3500lh,Sobo WP5200 Water Pump 3500L/H,Sobo,Pumps & Filters,https://www.bing.com/images/search?q=Sobo%20Sobo%20WP5200%20Water%20Pump%203500L/H,https://www.google.com/search?tbm=isch&q=Sobo%20Sobo%20WP5200%20Water%20Pump%203500L/H,,AquaCube_02_Pumps_Flow_SHOPIFY_COLLECTIONS.csv
SOBOWP7200,sobo-wp7200-water-pump-5500lh,Sobo WP7200 Water Pump 5500L/H,Sobo,Pumps & Filters,https://www.bing.com/images/search?q=Sobo%20Sobo%20WP7200%20Water%20Pump%205500L/H,https://www.google.com/search?tbm=isch&q=Sobo%20Sobo%20WP7200%20Water%20Pump%205500L/H,,AquaCube_02_Pumps_Flow_SHOPIFY_COLLECTIONS.csv
SOBOWP9200,sobo-wp9200-submersible-2400lh,Sobo WP9200 Submersible 2400L/H,Sobo,Pumps & Filters,https://www.bing.com/images/search?q=Sobo%20Sobo%20WP9200%20Submersible%202400L/H,https://www.google.com/search?tbm=isch&q=Sobo%20Sobo%20WP9200%20Submersible%202400L/H,,AquaCube_02_Pumps_Flow_SHOPIFY_COLLECTIONS.csv
SOBOWP9600,sobo-wp9600-submersible-3200lh,Sobo WP9600 Submersible 3200L/H,Sobo,Pumps & Filters,https://www.bing.com/images/search?q=Sobo%20Sobo%20WP9600%20Submersible%203200L/H,https://www.google.com/search?tbm=isch&q=Sobo%20Sobo%20WP9600%20Submersible%203200L/H,,AquaCube_02_Pumps_Flow_SHOPIFY_COLLECTIONS.csv
SOBOWP9900,sobo-wp9900-submersible-5000lh,Sobo WP9900 Submersible 5000L/H,Sobo,Pumps & Filters,https://www.bing.com/images/search?q=Sobo%20Sobo%20WP9900%20Submersible%205000L/H,https://www.google.com/search?tbm=isch&q=Sobo%20Sobo%20WP9900%20Submersible%205000L/H,,AquaCube_02_Pumps_Flow_SHOPIFY_COLLECTIONS.csv
SOBOWP10800,sobo-wp10800-submersible-8000lh,Sobo WP10800 Submersible 8000L/H,Sobo,Pumps & Filters,https://www.bing.com/images/search?q=Sobo%20Sobo%20WP10800%20Submersible%208000L/H,https://www.google.com/search?tbm=isch&q=Sobo%20Sobo%20WP10800%20Submersible%208000L/H,,AquaCube_02_Pumps_Flow_SHOPIFY_COLLECTIONS.csv
SOBOSF1500DC,sobo-sf1500-dc-amphibious-1800lh,Sobo SF1500 DC Amphibious 1800L/H,Sobo,Pumps & Filters,https://www.bing.com/images/search?q=Sobo%20Sobo%20SF1500%20DC%20Amphibious%201800L/H,https://www.google.com/search?tbm=isch&q=Sobo%20Sobo%20SF1500%20DC%20Amphibious%201800L/H,,AquaCube_02_Pumps_Flow_SHOPIFY_COLLECTIONS.csv
SOBOSF2000DC,sobo-sf2000-dc-amphibious-2000lh,Sobo SF2000 DC Amphibious 2000L/H,Sobo,Pumps & Filters,https://www.bing.com/images/search?q=Sobo%20Sobo%20SF2000%20DC%20Amphibious%202000L/H,https://www.google.com/search?tbm=isch&q=Sobo%20Sobo%20SF2000%20DC%20Amphibious%202000L/H,,AquaCube_02_Pumps_Flow_SHOPIFY_COLLECTIONS.csv
SOBOSF3000DC,sobo-sf3000-dc-amphibious-3000lh,Sobo SF3000 DC Amphibious 3000L/H,Sobo,Pumps & Filters,https://www.bing.com/images/search?q=Sobo%20Sobo%20SF3000%20DC%20Amphibious%203000L/H,https://www.google.com/search?tbm=isch&q=Sobo%20Sobo%20SF3000%20DC%20Amphibious%203000L/H,,AquaCube_02_Pumps_Flow_SHOPIFY_COLLECTIONS.csv
SOBOSF4000DC,sobo-sf4000-dc-amphibious-4000lh,Sobo SF4000 DC Amphibious 4000L/H,Sobo,Pumps & Filters,https://www.bing.com/images/search?q=Sobo%20Sobo%20SF4000%20DC%20Amphibious%204000L/H,https://www.google.com/search?tbm=isch&q=Sobo%20Sobo%20SF4000%20DC%20Amphibious%204000L/H,,AquaCube_02_Pumps_Flow_SHOPIFY_COLLECTIONS.csv
SOBOSF5000DC,sobo-sf5000-dc-amphibious-5000lh,Sobo SF5000 DC Amphibious 5000L/H,Sobo,Pumps & Filters,https://www.bing.com/images/search?q=Sobo%20Sobo%20SF5000%20DC%20Amphibious%205000L/H,https://www.google.com/search?tbm=isch&q=Sobo%20Sobo%20SF5000%20DC%20Amphibious%205000L/H,,AquaCube_02_Pumps_Flow_SHOPIFY_COLLECTIONS.csv
SOBOSF6000DC,sobo-sf6000-dc-amphibious-6000lh,Sobo SF6000 DC Amphibious 6000L/H,Sobo,Pumps & Filters,https://www.bing.com/images/search?q=Sobo%20Sobo%20SF6000%20DC%20Amphibious%206000L/H,https://www.google.com/search?tbm=isch&q=Sobo%20Sobo%20SF6000%20DC%20Amphibious%206000L/H,,AquaCube_02_Pumps_Flow_SHOPIFY_COLLECTIONS.csv
SOBOSF8000DC,sobo-sf8000-dc-amphibious-8000lh,Sobo SF8000 DC Amphibious 8000L/H,Sobo,Pumps & Filters,https://www.bing.com/images/search?q=Sobo%20Sobo%20SF8000%20DC%20Amphibious%208000L/H,https://www.google.com/search?tbm=isch&q=Sobo%20Sobo%20SF8000%20DC%20Amphibious%208000L/H,,AquaCube_02_Pumps_Flow_SHOPIFY_COLLECTIONS.csv
SOBOSF10000DC,sobo-sf10000-dc-amphibious-10000lh,Sobo SF10000 DC Amphibious 10000L/H,Sobo,Pumps & Filters,https://www.bing.com/images/search?q=Sobo%20Sobo%20SF10000%20DC%20Amphibious%2010000L/H,https://www.google.com/search?tbm=isch&q=Sobo%20Sobo%20SF10000%20DC%20Amphibious%2010000L/H,,AquaCube_02_Pumps_Flow_SHOPIFY_COLLECTIONS.csv
SOBOSF12000DC,sobo-sf12000-dc-amphibious-12000lh,Sobo SF12000 DC Amphibious 12000L/H,Sobo,Pumps & Filters,https://www.bing.com/images/search?q=Sobo%20Sobo%20SF12000%20DC%20Amphibious%2012000L/H,https://www.google.com/search?tbm=isch&q=Sobo%20Sobo%20SF12000%20DC%20Amphibious%2012000L/H,,AquaCube_02_Pumps_Flow_SHOPIFY_COLLECTIONS.csv
SOBOWP50M,sobo-wp50m-wavemaker-1000lh,Sobo WP50M Wavemaker 1000L/H,Sobo,Pumps & Filters,https://www.bing.com/images/search?q=Sobo%20Sobo%20WP50M%20Wavemaker%201000L/H,https://www.google.com/search?tbm=isch&q=Sobo%20Sobo%20WP50M%20Wavemaker%201000L/H,,AquaCube_02_Pumps_Flow_SHOPIFY_COLLECTIONS.csv
SOBOWP100M,sobo-wp100m-wavemaker-3000lh,Sobo WP100M Wavemaker 3000L/H,Sobo,Pumps & Filters,https://www.bing.com/images/search?q=Sobo%20Sobo%20WP100M%20Wavemaker%203000L/H,https://www.google.com/search?tbm=isch&q=Sobo%20Sobo%20WP100M%20Wavemaker%203000L/H,,AquaCube_02_Pumps_Flow_SHOPIFY_COLLECTIONS.csv
SOBOWP200M,sobo-wp200m-wavemaker-5000lh,Sobo WP200M Wavemaker 5000L/H,Sobo,Pumps & Filters,https://www.bing.com/images/search?q=Sobo%20Sobo%20WP200M%20Wavemaker%205000L/H,https://www.google.com/search?tbm=isch&q=Sobo%20Sobo%20WP200M%20Wavemaker%205000L/H,,AquaCube_02_Pumps_Flow_SHOPIFY_COLLECTIONS.csv
SOBOWP300M,sobo-wp300m-wavemaker-7500lh,Sobo WP300M Wavemaker 7500L/H,Sobo,Pumps & Filters,https://www.bing.com/images/search?q=Sobo%20Sobo%20WP300M%20Wavemaker%207500L/H,https://www.google.com/search?tbm=isch&q=Sobo%20Sobo%20WP300M%20Wavemaker%207500L/H,,AquaCube_02_Pumps_Flow_SHOPIFY_COLLECTIONS.csv
SOBOWP400M,sobo-wp400m-wavemaker-10000lh,Sobo WP400M Wavemaker 10000L/H,Sobo,Pumps & Filters,https://www.bing.com/images/search?q=Sobo%20Sobo%20WP400M%20Wavemaker%2010000L/H,https://www.google.com/search?tbm=isch&q=Sobo%20Sobo%20WP400M%20Wavemaker%2010000L/H,,AquaCube_02_Pumps_Flow_SHOPIFY_COLLECTIONS.csv
SOBOWP800M,sobo-wp800m-wavemaker-20000lh,Sobo WP800M Wavemaker 20000L/H,Sobo,Pumps & Filters,https://www.bing.com/images/search?q=Sobo%20Sobo%20WP800M%20Wavemaker%2020000L/H,https://www.google.com/search?tbm=isch&q=Sobo%20Sobo%20WP800M%20Wavemaker%2020000L/H,,AquaCube_02_Pumps_Flow_SHOPIFY_COLLECTIONS.csv
BMROCKWP600,bubble-magus-rock-wp600-680lh,Bubble Magus Rock WP600 680L/H,BubbleMagus,Pumps & Filters,https://www.bing.com/images/search?q=BubbleMagus%20Bubble%20Magus%20Rock%20WP600%20680L/H,https://www.google.com/search?tbm=isch&q=BubbleMagus%20Bubble%20Magus%20Rock%20WP600%20680L/H,,AquaCube_02_Pumps_Flow_SHOPIFY_COLLECTIONS.csv
BMROCKWP1000,bubble-magus-rock-wp1000-1100lh,Bubble Magus Rock WP1000 1100L/H,BubbleMagus,Pumps & Filters,https://www.bing.com/images/search?q=BubbleMagus%20Bubble%20Magus%20Rock%20WP1000%201100L/H,https://www.google.com/search?tbm=isch&q=BubbleMagus%20Bubble%20Magus%20Rock%20WP1000%201100L/H,,AquaCube_02_Pumps_Flow_SHOPIFY_COLLECTIONS.csv
BMROCKWP2000,bubble-magus-rock-wp2000-2100lh,Bubble Magus Rock WP2000 2100L/H,BubbleMagus,Pumps & Filters,https://www.bing.com/images/search?q=BubbleMagus%20Bubble%20Magus%20Rock%20WP2000%202100L/H,https://www.google.com/search?tbm=isch&q=BubbleMagus%20Bubble%20Magus%20Rock%20WP2000%202100L/H,,AquaCube_02_Pumps_Flow_SHOPIFY_COLLECTIONS.csv
BMROCKWP4000,bubble-magus-rock-wp4000-4100lh,Bubble Magus Rock WP4000 4100L/H,BubbleMagus,Pumps & Filters,https://www.bing.com/images/search?q=BubbleMagus%20Bubble%20Magus%20Rock%20WP4000%204100L/H,https://www.google.com/search?tbm=isch&q=BubbleMagus%20Bubble%20Magus%20Rock%20WP4000%204100L/H,,AquaCube_02_Pumps_Flow_SHOPIFY_COLLECTIONS.csv
BMSP600,bubble-magus-sp600-skimmer-pump,Bubble Magus SP600 Skimmer Pump,BubbleMagus,Pumps & Filters,https://www.bing.com/images/search?q=BubbleMagus%20Bubble%20Magus%20SP600%20Skimmer%20Pump,https://www.google.com/search?tbm=isch&q=BubbleMagus%20Bubble%20Magus%20SP600%20Skimmer%20Pump,,AquaCube_02_Pumps_Flow_SHOPIFY_COLLECTIONS.csv
BMSP1000,bubble-magus-sp1000-skimmer-pump,Bubble Magus SP1000 Skimmer Pump,BubbleMagus,Pumps & Filters,https://www.bing.com/images/search?q=BubbleMagus%20Bubble%20Magus%20SP1000%20Skimmer%20Pump,https://www.google.com/search?tbm=isch&q=BubbleMagus%20Bubble%20Magus%20SP1000%20Skimmer%20Pump,,AquaCube_02_Pumps_Flow_SHOPIFY_COLLECTIONS.csv
BMSP1500,bubble-magus-sp1500-skimmer-pump,Bubble Magus SP1500 Skimmer Pump,BubbleMagus,Pumps & Filters,https://www.bing.com/images/search?q=BubbleMagus%20Bubble%20Magus%20SP1500%20Skimmer%20Pump,https://www.google.com/search?tbm=isch&q=BubbleMagus%20Bubble%20Magus%20SP1500%20Skimmer%20Pump,,AquaCube_02_Pumps_Flow_SHOPIFY_COLLECTIONS.csv
BMSP2000,bubble-magus-sp2000-skimmer-pump,Bubble Magus SP2000 Skimmer Pump,BubbleMagus,Pumps & Filters,https://www.bing.com/images/search?q=BubbleMagus%20Bubble%20Magus%20SP2000%20Skimmer%20Pump,https://www.google.com/search?tbm=isch&q=BubbleMagus%20Bubble%20Magus%20SP2000%20Skimmer%20Pump,,AquaCube_02_Pumps_Flow_SHOPIFY_COLLECTIONS.csv
BMSP4000,bubble-magus-sp4000-skimmer-pump,Bubble Magus SP4000 Skimmer Pump,BubbleMagus,Pumps & Filters,https://www.bing.com/images/search?q=BubbleMagus%20Bubble%20Magus%20SP4000%20Skimmer%20Pump,https://www.google.com/search?tbm=isch&q=BubbleMagus%20Bubble%20Magus%20SP4000%20Skimmer%20Pump,,AquaCube_02_Pumps_Flow_SHOPIFY_COLLECTIONS.csv
BMDSP4000,bubble-magus-dsp4000-skimmer-pump,Bubble Magus DSP4000 Skimmer Pump,BubbleMagus,Pumps & Filters,https://www.bing.com/images/search?q=BubbleMagus%20Bubble%20Magus%20DSP4000%20Skimmer%20Pump,https://www.google.com/search?tbm=isch&q=BubbleMagus%20Bubble%20Magus%20DSP4000%20Skimmer%20Pump,,AquaCube_02_Pumps_Flow_SHOPIFY_COLLECTIONS.csv
BMSP6000,bubble-magus-sp6000-skimmer-pump,Bubble Magus SP6000 Skimmer Pump,BubbleMagus,Pumps & Filters,https://www.bing.com/images/search?q=BubbleMagus%20Bubble%20Magus%20SP6000%20Skimmer%20Pump,https://www.google.com/search?tbm=isch&q=BubbleMagus%20Bubble%20Magus%20SP6000%20Skimmer%20Pump,,AquaCube_02_Pumps_Flow_SHOPIFY_COLLECTIONS.csv
BMSP8000,bubble-magus-sp8000-skimmer-pump,Bubble Magus SP8000 Skimmer Pump,BubbleMagus,Pumps & Filters,https://www.bing.com/images/search?q=BubbleMagus%20Bubble%20Magus%20SP8000%20Skimmer%20Pump,https://www.google.com/search?tbm=isch&q=BubbleMagus%20Bubble%20Magus%20SP8000%20Skimmer%20Pump,,AquaCube_02_Pumps_Flow_SHOPIFY_COLLECTIONS.csv
BMSP10000,bubble-magus-sp10000-skimmer-pump,Bubble Magus SP10000 Skimmer Pump,BubbleMagus,Pumps & Filters,https://www.bing.com/images/search?q=BubbleMagus%20Bubble%20Magus%20SP10000%20Skimmer%20Pump,https://www.google.com/search?tbm=isch&q=BubbleMagus%20Bubble%20Magus%20SP10000%20Skimmer%20Pump,,AquaCube_02_Pumps_Flow_SHOPIFY_COLLECTIONS.csv
JEBMOW3,jebao-mow3-smart-wavemaker-3000lh,Jebao MOW3 Smart Wavemaker 3000L/H,Jebao,Pumps & Filters,https://www.bing.com/images/search?q=Jebao%20Jebao%20MOW3%20Smart%20Wavemaker%203000L/H,https://www.google.com/search?tbm=isch&q=Jebao%20Jebao%20MOW3%20Smart%20Wavemaker%203000L/H,,AquaCube_02_Pumps_Flow_SHOPIFY_COLLECTIONS.csv
JEBMOW5,jebao-mow5-smart-wavemaker-5000lh,Jebao MOW5 Smart Wavemaker 5000L/H,Jebao,Pumps & Filters,https://www.bing.com/images/search?q=Jebao%20Jebao%20MOW5%20Smart%20Wavemaker%205000L/H,https://www.google.com/search?tbm=isch&q=Jebao%20Jebao%20MOW5%20Smart%20Wavemaker%205000L/H,,AquaCube_02_Pumps_Flow_SHOPIFY_COLLECTIONS.csv
JEBMOW9,jebao-mow9-smart-wavemaker-9000lh,Jebao MOW9 Smart Wavemaker 9000L/H,Jebao,Pumps & Filters,https://www.bing.com/images/search?q=Jebao%20Jebao%20MOW9%20Smart%20Wavemaker%209000L/H,https://www.google.com/search?tbm=isch&q=Jebao%20Jebao%20MOW9%20Smart%20Wavemaker%209000L/H,,AquaCube_02_Pumps_Flow_SHOPIFY_COLLECTIONS.csv
JEBMOW16,jebao-mow16-smart-wavemaker-16000lh,Jebao MOW16 Smart Wavemaker 16000L/H,Jebao,Pumps & Filters,https://www.bing.com/images/search?q=Jebao%20Jebao%20MOW16%20Smart%20Wavemaker%2016000L/H,https://www.google.com/search?tbm=isch&q=Jebao%20Jebao%20MOW16%20Smart%20Wavemaker%2016000L/H,,AquaCube_02_Pumps_Flow_SHOPIFY_COLLECTIONS.csv
JEBMOW22,jebao-mow22-smart-wavemaker-22000lh,Jebao MOW22 Smart Wavemaker 22000L/H,Jebao,Pumps & Filters,https://www.bing.com/images/search?q=Jebao%20Jebao%20MOW22%20Smart%20Wavemaker%2022000L/H,https://www.google.com/search?tbm=isch&q=Jebao%20Jebao%20MOW22%20Smart%20Wavemaker%2022000L/H,,AquaCube_02_Pumps_Flow_SHOPIFY_COLLECTIONS.csv
XYBIOCHEM168,xy168-biochemical-sponge-filter,XY168 Biochemical Sponge Filter,SYAquarium,Filtration,https://www.bing.com/images/search?q=SYAquarium%20XY168%20Biochemical%20Sponge%20Filter,https://www.google.com/search?tbm=isch&q=SYAquarium%20XY168%20Biochemical%20Sponge%20Filter,,AquaCube_03_Filtration_Accessories_SHOPIFY_COLLECTIONS.csv
XYBIOSPONG2820,xy2820-biosponge-filter-medium,XY2820 BioSponge Filter Medium,SYAquarium,Filtration,https://www.bing.com/images/search?q=SYAquarium%20XY2820%20BioSponge%20Filter%20Medium,https://www.google.com/search?tbm=isch&q=SYAquarium%20XY2820%20BioSponge%20Filter%20Medium,,AquaCube_03_Filtration_Accessories_SHOPIFY_COLLECTIONS.csv
XYBIOSPONG2830,xy2830-biosponge-filter-large,XY2830 BioSponge Filter Large,SYAquarium,Filtration,https://www.bing.com/images/search?q=SYAquarium%20XY2830%20BioSponge%20Filter%20Large,https://www.google.com/search?tbm=isch&q=SYAquarium%20XY2830%20BioSponge%20Filter%20Large,,AquaCube_03_Filtration_Accessories_SHOPIFY_COLLECTIONS.csv
XYBIOSPONG2831,xy2831-biosponge-filter-xl,XY2831 BioSponge Filter XL,SYAquarium,Filtration,https://www.bing.com/images/search?q=SYAquarium%20XY2831%20BioSponge%20Filter%20XL,https://www.google.com/search?tbm=isch&q=SYAquarium%20XY2831%20BioSponge%20Filter%20XL,,AquaCube_03_Filtration_Accessories_SHOPIFY_COLLECTIONS.csv
XYBIOSPONG2822,xy2822-biosponge-filter-xxl,XY2822 BioSponge Filter XXL,SYAquarium,Filtration,https://www.bing.com/images/search?q=SYAquarium%20XY2822%20BioSponge%20Filter%20XXL,https://www.google.com/search?tbm=isch&q=SYAquarium%20XY2822%20BioSponge%20Filter%20XXL,,AquaCube_03_Filtration_Accessories_SHOPIFY_COLLECTIONS.csv
XYBIOFOAM2011,xy2011-biological-corner-foam-filter,XY2011 Biological Corner Foam Filter,SYAquarium,Filtration,https://www.bing.com/images/search?q=SYAquarium%20XY2011%20Biological%20Corner%20Foam%20Filter,https://www.google.com/search?tbm=isch&q=SYAquarium%20XY2011%20Biological%20Corner%20Foam%20Filter,,AquaCube_03_Filtration_Accessories_SHOPIFY_COLLECTIONS.csv
XYBIOFOAM2008,xy2008-biological-corner-foam-filter-medium,XY2008 Biological Corner Foam Filter,SYAquarium,Filtration,https://www.bing.com/images/search?q=SYAquarium%20XY2008%20Biological%20Corner%20Foam%20Filter,https://www.google.com/search?tbm=isch&q=SYAquarium%20XY2008%20Biological%20Corner%20Foam%20Filter,,AquaCube_03_Filtration_Accessories_SHOPIFY_COLLECTIONS.csv
XYBIOFOAM2010,xy2010-biological-corner-foam-filter-large,XY2010 Biological Corner Foam Filter,SYAquarium,Filtration,https://www.bing.com/images/search?q=SYAquarium%20XY2010%20Biological%20Corner%20Foam%20Filter,https://www.google.com/search?tbm=isch&q=SYAquarium%20XY2010%20Biological%20Corner%20Foam%20Filter,,AquaCube_03_Filtration_Accessories_SHOPIFY_COLLECTIONS.csv
XYNITRITE0121,xy0121-nitrite-nitrate-removing-sponge,XY0121 Nitrite Nitrate Removing Filter Sponge,SYAquarium,Filtration,https://www.bing.com/images/search?q=SYAquarium%20XY0121%20Nitrite%20Nitrate%20Removing%20Filter%20Sponge,https://www.google.com/search?tbm=isch&q=SYAquarium%20XY0121%20Nitrite%20Nitrate%20Removing%20Filter%20Sponge,,AquaCube_03_Filtration_Accessories_SHOPIFY_COLLECTIONS.csv
XYPHOSPHATE0122,xy0122-phosphate-removing-sponge,XY0122 Phosphate Removing Filter Sponge,SYAquarium,Filtration,https://www.bing.com/images/search?q=SYAquarium%20XY0122%20Phosphate%20Removing%20Filter%20Sponge,https://www.google.com/search?tbm=isch&q=SYAquarium%20XY0122%20Phosphate%20Removing%20Filter%20Sponge,,AquaCube_03_Filtration_Accessories_SHOPIFY_COLLECTIONS.csv
XYAMMONIA0123,xy0123-ammonia-removing-sponge,XY0123 Ammonia Removing Filter Sponge,SYAquarium,Filtration,https://www.bing.com/images/search?q=SYAquarium%20XY0123%20Ammonia%20Removing%20Filter%20Sponge,https://www.google.com/search?tbm=isch&q=SYAquarium%20XY0123%20Ammonia%20Removing%20Filter%20Sponge,,AquaCube_03_Filtration_Accessories_SHOPIFY_COLLECTIONS.csv
XYCARBON0124,xy0124-super-activated-carbon-sponge,XY0124 Super Activated Carbon Sponge,SYAquarium,Filtration,https://www.bing.com/images/search?q=SYAquarium%20XY0124%20Super%20Activated%20Carbon%20Sponge,https://www.google.com/search?tbm=isch&q=SYAquarium%20XY0124%20Super%20Activated%20Carbon%20Sponge,,AquaCube_03_Filtration_Accessories_SHOPIFY_COLLECTIONS.csv
XYNITRITE0125,xy0125-nitrite-nitrate-removing-large-sponge,XY0125 Nitrite Nitrate Removing Large Sponge,SYAquarium,Filtration,https://www.bing.com/images/search?q=SYAquarium%20XY0125%20Nitrite%20Nitrate%20Removing%20Large%20Sponge,https://www.google.com/search?tbm=isch&q=SYAquarium%20XY0125%20Nitrite%20Nitrate%20Removing%20Large%20Sponge,,AquaCube_03_Filtration_Accessories_SHOPIFY_COLLECTIONS.csv
XYPHOSPHATE0126,xy0126-phosphate-removing-large-sponge,XY0126 Phosphate Removing Large Sponge,SYAquarium,Filtration,https://www.bing.com/images/search?q=SYAquarium%20XY0126%20Phosphate%20Removing%20Large%20Sponge,https://www.google.com/search?tbm=isch&q=SYAquarium%20XY0126%20Phosphate%20Removing%20Large%20Sponge,,AquaCube_03_Filtration_Accessories_SHOPIFY_COLLECTIONS.csv
XYNITRITE0127,xy0127-nitrite-nitrate-large-sponge,XY0127 Nitrite Nitrate Large Sponge,SYAquarium,Filtration,https://www.bing.com/images/search?q=SYAquarium%20XY0127%20Nitrite%20Nitrate%20Large%20Sponge,https://www.google.com/search?tbm=isch&q=SYAquarium%20XY0127%20Nitrite%20Nitrate%20Large%20Sponge,,AquaCube_03_Filtration_Accessories_SHOPIFY_COLLECTIONS.csv
XYPHOSPHATE0128,xy0128-phosphate-removing-large-sponge-2,XY0128 Phosphate Removing Large Sponge,SYAquarium,Filtration,https://www.bing.com/images/search?q=SYAquarium%20XY0128%20Phosphate%20Removing%20Large%20Sponge,https://www.google.com/search?tbm=isch&q=SYAquarium%20XY0128%20Phosphate%20Removing%20Large%20Sponge,,AquaCube_03_Filtration_Accessories_SHOPIFY_COLLECTIONS.csv
XYBREEDERBOX,external-cycle-breeder-box-small,External Cycle Breeder Box Small,SYAquarium,Breeding,https://www.bing.com/images/search?q=SYAquarium%20External%20Cycle%20Breeder%20Box%20Small,https://www.google.com/search?tbm=isch&q=SYAquarium%20External%20Cycle%20Breeder%20Box%20Small,,AquaCube_03_Filtration_Accessories_SHOPIFY_COLLECTIONS.csv
XYBREEDBXL,external-cycle-breeder-box-large,External Cycle Breeder Box Large,SYAquarium,Breeding,https://www.bing.com/images/search?q=SYAquarium%20External%20Cycle%20Breeder%20Box%20Large,https://www.google.com/search?tbm=isch&q=SYAquarium%20External%20Cycle%20Breeder%20Box%20Large,,AquaCube_03_Filtration_Accessories_SHOPIFY_COLLECTIONS.csv
ANBREEDER2,an2-aquarium-fish-breeding-box,AN2 Aquarium Fish Breeding Box,SYAquarium,Breeding,https://www.bing.com/images/search?q=SYAquarium%20AN2%20Aquarium%20Fish%20Breeding%20Box,https://www.google.com/search?tbm=isch&q=SYAquarium%20AN2%20Aquarium%20Fish%20Breeding%20Box,,AquaCube_03_Filtration_Accessories_SHOPIFY_COLLECTIONS.csv
BBTBETTA2S,bbt2s-betta-single-bow-fish-tank,BBT2S Betta Single Bow Fish Tank,SYAquarium,Breeding,https://www.bing.com/images/search?q=SYAquarium%20BBT2S%20Betta%20Single%20Bow%20Fish%20Tank,https://www.google.com/search?tbm=isch&q=SYAquarium%20BBT2S%20Betta%20Single%20Bow%20Fish%20Tank,,AquaCube_03_Filtration_Accessories_SHOPIFY_COLLECTIONS.csv
BBTBETTA3S,bbt3s-betta-double-bow-fish-tank,BBT3S Betta Double Bow Fish Tank,SYAquarium,Breeding,https://www.bing.com/images/search?q=SYAquarium%20BBT3S%20Betta%20Double%20Bow%20Fish%20Tank,https://www.google.com/search?tbm=isch&q=SYAquarium%20BBT3S%20Betta%20Double%20Bow%20Fish%20Tank,,AquaCube_03_Filtration_Accessories_SHOPIFY_COLLECTIONS.csv
BBTBETTA4S,bbt4s-betta-triple-bow-fish-tank,BBT4S Betta Triple Bow Fish Tank,SYAquarium,Breeding,https://www.bing.com/images/search?q=SYAquarium%20BBT4S%20Betta%20Triple%20Bow%20Fish%20Tank,https://www.google.com/search?tbm=isch&q=SYAquarium%20BBT4S%20Betta%20Triple%20Bow%20Fish%20Tank,,AquaCube_03_Filtration_Accessories_SHOPIFY_COLLECTIONS.csv
BUBBLEWALL7,bubble-wall-air-stone-7-inch,Bubble Wall Air Stone 7 inch,SYAquarium,Aeration,https://www.bing.com/images/search?q=SYAquarium%20Bubble%20Wall%20Air%20Stone%207%20inch,https://www.google.com/search?tbm=isch&q=SYAquarium%20Bubble%20Wall%20Air%20Stone%207%20inch,,AquaCube_03_Filtration_Accessories_SHOPIFY_COLLECTIONS.csv
BUBBLEWALL10,bubble-wall-air-stone-10-inch,Bubble Wall Air Stone 10 inch,SYAquarium,Aeration,https://www.bing.com/images/search?q=SYAquarium%20Bubble%20Wall%20Air%20Stone%2010%20inch,https://www.google.com/search?tbm=isch&q=SYAquarium%20Bubble%20Wall%20Air%20Stone%2010%20inch,,AquaCube_03_Filtration_Accessories_SHOPIFY_COLLECTIONS.csv
BUBBLEWALL14,bubble-wall-air-stone-14-inch,Bubble Wall Air Stone 14 inch,SYAquarium,Aeration,https://www.bing.com/images/search?q=SYAquarium%20Bubble%20Wall%20Air%20Stone%2014%20inch,https://www.google.com/search?tbm=isch&q=SYAquarium%20Bubble%20Wall%20Air%20Stone%2014%20inch,,AquaCube_03_Filtration_Accessories_SHOPIFY_COLLECTIONS.csv
BUBBLEWALL18,bubble-wall-air-stone-18-inch,Bubble Wall Air Stone 18 inch,SYAquarium,Aeration,https://www.bing.com/images/search?q=SYAquarium%20Bubble%20Wall%20Air%20Stone%2018%20inch,https://www.google.com/search?tbm=isch&q=SYAquarium%20Bubble%20Wall%20Air%20Stone%2018%20inch,,AquaCube_03_Filtration_Accessories_SHOPIFY_COLLECTIONS.csv
BUBBLEWALL23,bubble-wall-air-stone-23-inch,Bubble Wall Air Stone 23 inch,SYAquarium,Aeration,https://www.bing.com/images/search?q=SYAquarium%20Bubble%20Wall%20Air%20Stone%2023%20inch,https://www.google.com/search?tbm=isch&q=SYAquarium%20Bubble%20Wall%20Air%20Stone%2023%20inch,,AquaCube_03_Filtration_Accessories_SHOPIFY_COLLECTIONS.csv
VENYUGF20,venys-undergravel-filter-20,Venys Undergravel Filter 20,SYAquarium,Filtration,https://www.bing.com/images/search?q=SYAquarium%20Venys%20Undergravel%20Filter%2020,https://www.google.com/search?tbm=isch&q=SYAquarium%20Venys%20Undergravel%20Filter%2020,,AquaCube_03_Filtration_Accessories_SHOPIFY_COLLECTIONS.csv
VENYUGF29,venys-undergravel-filter-29,Venys Undergravel Filter 29,SYAquarium,Filtration,https://www.bing.com/images/search?q=SYAquarium%20Venys%20Undergravel%20Filter%2029,https://www.google.com/search?tbm=isch&q=SYAquarium%20Venys%20Undergravel%20Filter%2029,,AquaCube_03_Filtration_Accessories_SHOPIFY_COLLECTIONS.csv
VENYUGF30,venys-undergravel-filter-30,Venys Undergravel Filter 30,SYAquarium,Filtration,https://www.bing.com/images/search?q=SYAquarium%20Venys%20Undergravel%20Filter%2030,https://www.google.com/search?tbm=isch&q=SYAquarium%20Venys%20Undergravel%20Filter%2030,,AquaCube_03_Filtration_Accessories_SHOPIFY_COLLECTIONS.csv
VENYUGF55,venys-undergravel-filter-55,Venys Undergravel Filter 55,SYAquarium,Filtration,https://www.bing.com/images/search?q=SYAquarium%20Venys%20Undergravel%20Filter%2055,https://www.google.com/search?tbm=isch&q=SYAquarium%20Venys%20Undergravel%20Filter%2055,,AquaCube_03_Filtration_Accessories_SHOPIFY_COLLECTIONS.csv
FILTERMEDIA15,filter-media-net-bag-15x20cm,Filter Media Net Bag 15x20cm,SYAquarium,Filtration,https://www.bing.com/images/search?q=SYAquarium%20Filter%20Media%20Net%20Bag%2015x20cm,https://www.google.com/search?tbm=isch&q=SYAquarium%20Filter%20Media%20Net%20Bag%2015x20cm,,AquaCube_03_Filtration_Accessories_SHOPIFY_COLLECTIONS.csv
FILTERMEDIA28,filter-media-net-bag-28x32cm,Filter Media Net Bag 28x32cm,SYAquarium,Filtration,https://www.bing.com/images/search?q=SYAquarium%20Filter%20Media%20Net%20Bag%2028x32cm,https://www.google.com/search?tbm=isch&q=SYAquarium%20Filter%20Media%20Net%20Bag%2028x32cm,,AquaCube_03_Filtration_Accessories_SHOPIFY_COLLECTIONS.csv
CERAMTUBE,far-infrared-ceramic-tube-single,Far-infrared Ceramic Tube Single,SYAquarium,Filtration,https://www.bing.com/images/search?q=SYAquarium%20Far-infrared%20Ceramic%20Tube%20Single,https://www.google.com/search?tbm=isch&q=SYAquarium%20Far-infrared%20Ceramic%20Tube%20Single,,AquaCube_03_Filtration_Accessories_SHOPIFY_COLLECTIONS.csv
CERAMTUBEBOX,far-infrared-ceramic-tube-box-154pcs,Far-infrared Ceramic Tube Box 154pcs,SYAquarium,Filtration,https://www.bing.com/images/search?q=SYAquarium%20Far-infrared%20Ceramic%20Tube%20Box%20154pcs,https://www.google.com/search?tbm=isch&q=SYAquarium%20Far-infrared%20Ceramic%20Tube%20Box%20154pcs,,AquaCube_03_Filtration_Accessories_SHOPIFY_COLLECTIONS.csv
ABSCLIP6MM,abs-clips-glass-lid-6mm-4pcs,ABS Clips Glass Lid 6mm 4pcs,SYAquarium,Accessories,https://www.bing.com/images/search?q=SYAquarium%20ABS%20Clips%20Glass%20Lid%206mm%204pcs,https://www.google.com/search?tbm=isch&q=SYAquarium%20ABS%20Clips%20Glass%20Lid%206mm%204pcs,,AquaCube_03_Filtration_Accessories_SHOPIFY_COLLECTIONS.csv
ABSCLIP8MM,abs-clips-glass-lid-8mm-4pcs,ABS Clips Glass Lid 8mm 4pcs,SYAquarium,Accessories,https://www.bing.com/images/search?q=SYAquarium%20ABS%20Clips%20Glass%20Lid%208mm%204pcs,https://www.google.com/search?tbm=isch&q=SYAquarium%20ABS%20Clips%20Glass%20Lid%208mm%204pcs,,AquaCube_03_Filtration_Accessories_SHOPIFY_COLLECTIONS.csv
BRIESHRIMP,brine-shrimp-hatch-kit,Brine Shrimp Hatch Kit,SYAquarium,Food,https://www.bing.com/images/search?q=SYAquarium%20Brine%20Shrimp%20Hatch%20Kit,https://www.google.com/search?tbm=isch&q=SYAquarium%20Brine%20Shrimp%20Hatch%20Kit,,AquaCube_03_Filtration_Accessories_SHOPIFY_COLLECTIONS.csv
LONDA10L,londa-10l-koi-feeder,Londa 10L Koi Feeder,SYAquarium,Feeding,https://www.bing.com/images/search?q=SYAquarium%20Londa%2010L%20Koi%20Feeder,https://www.google.com/search?tbm=isch&q=SYAquarium%20Londa%2010L%20Koi%20Feeder,,AquaCube_03_Filtration_Accessories_SHOPIFY_COLLECTIONS.csv
SOLARFEEDER,solar-auto-pond-feeder,Solar Auto Pond Feeder,SYAquarium,Feeding,https://www.bing.com/images/search?q=SYAquarium%20Solar%20Auto%20Pond%20Feeder,https://www.google.com/search?tbm=isch&q=SYAquarium%20Solar%20Auto%20Pond%20Feeder,,AquaCube_03_Filtration_Accessories_SHOPIFY_COLLECTIONS.csv
TELESCOPICCL,telescopic-aquarium-cleaning-kit-5-in-1,Telescopic Aquarium Cleaning Kit 5 in 1,SYAquarium,Maintenance,https://www.bing.com/images/search?q=SYAquarium%20Telescopic%20Aquarium%20Cleaning%20Kit%205%20in%201,https://www.google.com/search?tbm=isch&q=SYAquarium%20Telescopic%20Aquarium%20Cleaning%20Kit%205%20in%201,,AquaCube_03_Filtration_Accessories_SHOPIFY_COLLECTIONS.csv
BATTERYVACU,battery-operated-aquarium-vacuum-cleaner,Battery Operated Aquarium Vacuum Cleaner,SYAquarium,Maintenance,https://www.bing.com/images/search?q=SYAquarium%20Battery%20Operated%20Aquarium%20Vacuum%20Cleaner,https://www.google.com/search?tbm=isch&q=SYAquarium%20Battery%20Operated%20Aquarium%20Vacuum%20Cleaner,,AquaCube_03_Filtration_Accessories_SHOPIFY_COLLECTIONS.csv
DIGITHERM,digital-aquarium-thermometer,Digital Aquarium Thermometer,SYAquarium,Maintenance,https://www.bing.com/images/search?q=SYAquarium%20Digital%20Aquarium%20Thermometer,https://www.google.com/search?tbm=isch&q=SYAquarium%20Digital%20Aquarium%20Thermometer,,AquaCube_03_Filtration_Accessories_SHOPIFY_COLLECTIONS.csv
LEDTHERM,led-thermometer-strip,LED Thermometer Strip,SYAquarium,Maintenance,https://www.bing.com/images/search?q=SYAquarium%20LED%20Thermometer%20Strip,https://www.google.com/search?tbm=isch&q=SYAquarium%20LED%20Thermometer%20Strip,,AquaCube_03_Filtration_Accessories_SHOPIFY_COLLECTIONS.csv
ANTIFLBAG1,anti-overflow-filter-bag,Anti Overflow Filter Bag,SYAquarium,Filtration,https://www.bing.com/images/search?q=SYAquarium%20Anti%20Overflow%20Filter%20Bag,https://www.google.com/search?tbm=isch&q=SYAquarium%20Anti%20Overflow%20Filter%20Bag,,AquaCube_03_Filtration_Accessories_SHOPIFY_COLLECTIONS.csv
ANTIFLBAG2,anti-overflow-honeycomb-filter-bag,Anti Overflow Honeycomb Filter Bag,SYAquarium,Filtration,https://www.bing.com/images/search?q=SYAquarium%20Anti%20Overflow%20Honeycomb%20Filter%20Bag,https://www.google.com/search?tbm=isch&q=SYAquarium%20Anti%20Overflow%20Honeycomb%20Filter%20Bag,,AquaCube_03_Filtration_Accessories_SHOPIFY_COLLECTIONS.csv
CARBONSPONGE,carbon-sponge-50x50x4cm,Carbon Sponge 50x50x4cm,SYAquarium,Filtration,https://www.bing.com/images/search?q=SYAquarium%20Carbon%20Sponge%2050x50x4cm,https://www.google.com/search?tbm=isch&q=SYAquarium%20Carbon%20Sponge%2050x50x4cm,,AquaCube_03_Filtration_Accessories_SHOPIFY_COLLECTIONS.csv
LIVEPLANT001,live-marcgravia-umbellata-plant,Live Marcgravia Umbellata Plant,Aquatic,Plants,https://www.bing.com/images/search?q=Aquatic%20Live%20Marcgravia%20Umbellata%20Plant,https://www.google.com/search?tbm=isch&q=Aquatic%20Live%20Marcgravia%20Umbellata%20Plant,,AquaCube_03_Filtration_Accessories_SHOPIFY_COLLECTIONS.csv
LIVEPLANT002,live-sphagnum-moss,Live Sphagnum Moss,Aquatic,Plants,https://www.bing.com/images/search?q=Aquatic%20Live%20Sphagnum%20Moss,https://www.google.com/search?tbm=isch&q=Aquatic%20Live%20Sphagnum%20Moss,,AquaCube_03_Filtration_Accessories_SHOPIFY_COLLECTIONS.csv
LIVEPLANT003,live-premium-cushion-moss,Live Premium Cushion Moss,Aquatic,Plants,https://www.bing.com/images/search?q=Aquatic%20Live%20Premium%20Cushion%20Moss,https://www.google.com/search?tbm=isch&q=Aquatic%20Live%20Premium%20Cushion%20Moss,,AquaCube_03_Filtration_Accessories_SHOPIFY_COLLECTIONS.csv
LIVEPLANT004,live-racomitrium-moss,Live Racomitrium Moss,Aquatic,Plants,https://www.bing.com/images/search?q=Aquatic%20Live%20Racomitrium%20Moss,https://www.google.com/search?tbm=isch&q=Aquatic%20Live%20Racomitrium%20Moss,,AquaCube_03_Filtration_Accessories_SHOPIFY_COLLECTIONS.csv
LIVEPLANT005,live-hypnum-moss,Live Hypnum Moss,Aquatic,Plants,https://www.bing.com/images/search?q=Aquatic%20Live%20Hypnum%20Moss,https://www.google.com/search?tbm=isch&q=Aquatic%20Live%20Hypnum%20Moss,,AquaCube_03_Filtration_Accessories_SHOPIFY_COLLECTIONS.csv
LIVEPLANT006,live-racopilum-cuspidigerum-plant,Live Racopilum Cuspidigerum Plant,Aquatic,Plants,https://www.bing.com/images/search?q=Aquatic%20Live%20Racopilum%20Cuspidigerum%20Plant,https://www.google.com/search?tbm=isch&q=Aquatic%20Live%20Racopilum%20Cuspidigerum%20Plant,,AquaCube_03_Filtration_Accessories_SHOPIFY_COLLECTIONS.csv
LANGAS8L,langa-soil-8l-bag,Langa Soil 8L Bag,Aquatic,Substrate,https://www.bing.com/images/search?q=Aquatic%20Langa%20Soil%208L%20Bag,https://www.google.com/search?tbm=isch&q=Aquatic%20Langa%20Soil%208L%20Bag,,AquaCube_03_Filtration_Accessories_SHOPIFY_COLLECTIONS.csv
LANGAS8LX3,langa-soil-8l-x3-box,Langa Soil 8L x3 Box,Aquatic,Substrate,https://www.bing.com/images/search?q=Aquatic%20Langa%20Soil%208L%20x3%20Box,https://www.google.com/search?tbm=isch&q=Aquatic%20Langa%20Soil%208L%20x3%20Box,,AquaCube_03_Filtration_Accessories_SHOPIFY_COLLECTIONS.csv
LANGAS4L,langa-soil-4l-bag,Langa Soil 4L Bag,Aquatic,Substrate,https://www.bing.com/images/search?q=Aquatic%20Langa%20Soil%204L%20Bag,https://www.google.com/search?tbm=isch&q=Aquatic%20Langa%20Soil%204L%20Bag,,AquaCube_03_Filtration_Accessories_SHOPIFY_COLLECTIONS.csv
LANGAS4LX6,langa-soil-4l-x6-box,Langa Soil 4L x6 Box,Aquatic,Substrate,https://www.bing.com/images/search?q=Aquatic%20Langa%20Soil%204L%20x6%20Box,https://www.google.com/search?tbm=isch&q=Aquatic%20Langa%20Soil%204L%20x6%20Box,,AquaCube_03_Filtration_Accessories_SHOPIFY_COLLECTIONS.csv
LANGASUP,langa-soil-supplement-120g,Langa Soil Supplement 120g,Aquatic,Substrate,https://www.bing.com/images/search?q=Aquatic%20Langa%20Soil%20Supplement%20120g,https://www.google.com/search?tbm=isch&q=Aquatic%20Langa%20Soil%20Supplement%20120g,,AquaCube_03_Filtration_Accessories_SHOPIFY_COLLECTIONS.csv
GLASS150X150X250,glass-150x150x250-5mm-glass-tank,150x150x250 5mm Glass Tank,Aquatic,Tanks,https://www.bing.com/images/search?q=Aquatic%20150x150x250%205mm%20Glass%20Tank,https://www.google.com/search?tbm=isch&q=Aquatic%20150x150x250%205mm%20Glass%20Tank,,AquaCube_03_Filtration_Accessories_SHOPIFY_COLLECTIONS.csv
GLASS150X150X300,glass-150x150x300-5mm-glass-tank,150x150x300 5mm Glass Tank,Aquatic,Tanks,https://www.bing.com/images/search?q=Aquatic%20150x150x300%205mm%20Glass%20Tank,https://www.google.com/search?tbm=isch&q=Aquatic%20150x150x300%205mm%20Glass%20Tank,,AquaCube_03_Filtration_Accessories_SHOPIFY_COLLECTIONS.csv
GLASS200X200X200,glass-200x200x200-5mm-glass-tank,200x200x200 5mm Glass Tank,Aquatic,Tanks,https://www.bing.com/images/search?q=Aquatic%20200x200x200%205mm%20Glass%20Tank,https://www.google.com/search?tbm=isch&q=Aquatic%20200x200x200%205mm%20Glass%20Tank,,AquaCube_03_Filtration_Accessories_SHOPIFY_COLLECTIONS.csv
GLASS200X200X300,glass-200x200x300-5mm-glass-tank,200x200x300 5mm Glass Tank,Aquatic,Tanks,https://www.bing.com/images/search?q=Aquatic%20200x200x300%205mm%20Glass%20Tank,https://www.google.com/search?tbm=isch&q=Aquatic%20200x200x300%205mm%20Glass%20Tank,,AquaCube_03_Filtration_Accessories_SHOPIFY_COLLECTIONS.csv
GLASS200X200X350,glass-200x200x350-5mm-glass-tank,200x200x350 5mm Glass Tank,Aquatic,Tanks,https://www.bing.com/images/search?q=Aquatic%20200x200x350%205mm%20Glass%20Tank,https://www.google.com/search?tbm=isch&q=Aquatic%20200x200x350%205mm%20Glass%20Tank,,AquaCube_03_Filtration_Accessories_SHOPIFY_COLLECTIONS.csv
GLASS300X180X120,glass-300x180x120-5mm-glass-tank,300x180x120 5mm Glass Tank,Aquatic,Tanks,https://www.bing.com/images/search?q=Aquatic%20300x180x120%205mm%20Glass%20Tank,https://www.google.com/search?tbm=isch&q=Aquatic%20300x180x120%205mm%20Glass%20Tank,,AquaCube_03_Filtration_Accessories_SHOPIFY_COLLECTIONS.csv
GLASS300X300X450,glass-300x300x450-5mm-glass-tank,300x300x450 5mm Glass Tank,Aquatic,Tanks,https://www.bing.com/images/search?q=Aquatic%20300x300x450%205mm%20Glass%20Tank,https://www.google.com/search?tbm=isch&q=Aquatic%20300x300x450%205mm%20Glass%20Tank,,AquaCube_03_Filtration_Accessories_SHOPIFY_COLLECTIONS.csv
GLASS900X450X450,glass-900x450x450-10mm-ultra-clear-glass-tank,900x450x450 10mm Ultra Clear Glass Tank,Aquatic,Tanks,https://www.bing.com/images/search?q=Aquatic%20900x450x450%2010mm%20Ultra%20Clear%20Glass%20Tank,https://www.google.com/search?tbm=isch&q=Aquatic%20900x450x450%2010mm%20Ultra%20Clear%20Glass%20Tank,,AquaCube_03_Filtration_Accessories_SHOPIFY_COLLECTIONS.csv
BETTABED001,betta-bed-with-suction-cup-a,Betta Bed with Suction Cup A,Aquatic,Decorations,https://www.bing.com/images/search?q=Aquatic%20Betta%20Bed%20with%20Suction%20Cup%20A,https://www.google.com/search?tbm=isch&q=Aquatic%20Betta%20Bed%20with%20Suction%20Cup%20A,,AquaCube_04_Decorations_Ornaments_SHOPIFY_COLLECTIONS.csv
BETTABED002,betta-bed-with-suction-cup-b,Betta Bed with Suction Cup B,Aquatic,Decorations,https://www.bing.com/images/search?q=Aquatic%20Betta%20Bed%20with%20Suction%20Cup%20B,https://www.google.com/search?tbm=isch&q=Aquatic%20Betta%20Bed%20with%20Suction%20Cup%20B,,AquaCube_04_Decorations_Ornaments_SHOPIFY_COLLECTIONS.csv
BETTABED003,betta-bed-with-suction-cup-c,Betta Bed with Suction Cup C,Aquatic,Decorations,https://www.bing.com/images/search?q=Aquatic%20Betta%20Bed%20with%20Suction%20Cup%20C,https://www.google.com/search?tbm=isch&q=Aquatic%20Betta%20Bed%20with%20Suction%20Cup%20C,,AquaCube_04_Decorations_Ornaments_SHOPIFY_COLLECTIONS.csv
BETTABED004,betta-bed-with-clear-tube-d,Betta Bed with Clear Tube D,Aquatic,Decorations,https://www.bing.com/images/search?q=Aquatic%20Betta%20Bed%20with%20Clear%20Tube%20D,https://www.google.com/search?tbm=isch&q=Aquatic%20Betta%20Bed%20with%20Clear%20Tube%20D,,AquaCube_04_Decorations_Ornaments_SHOPIFY_COLLECTIONS.csv
ORNAMENT004,spongebob-pineapple-home-ornament,SpongeBob Pineapple Home Ornament,Aquatic,Decorations,https://www.bing.com/images/search?q=Aquatic%20SpongeBob%20Pineapple%20Home%20Ornament,https://www.google.com/search?tbm=isch&q=Aquatic%20SpongeBob%20Pineapple%20Home%20Ornament,,AquaCube_04_Decorations_Ornaments_SHOPIFY_COLLECTIONS.csv
ORNAMENT005,spongebob-home-set-3pcs-ornament,SpongeBob Home Set 3pcs Ornament,Aquatic,Decorations,https://www.bing.com/images/search?q=Aquatic%20SpongeBob%20Home%20Set%203pcs%20Ornament,https://www.google.com/search?tbm=isch&q=Aquatic%20SpongeBob%20Home%20Set%203pcs%20Ornament,,AquaCube_04_Decorations_Ornaments_SHOPIFY_COLLECTIONS.csv
ORNAMENT006,mermaid-and-pink-seahorse-ornament,Mermaid and Pink Seahorse Ornament,Aquatic,Decorations,https://www.bing.com/images/search?q=Aquatic%20Mermaid%20and%20Pink%20Seahorse%20Ornament,https://www.google.com/search?tbm=isch&q=Aquatic%20Mermaid%20and%20Pink%20Seahorse%20Ornament,,AquaCube_04_Decorations_Ornaments_SHOPIFY_COLLECTIONS.csv
ORNAMENT007,mermaid-and-blue-seahorse-ornament,Mermaid and Blue Seahorse Ornament,Aquatic,Decorations,https://www.bing.com/images/search?q=Aquatic%20Mermaid%20and%20Blue%20Seahorse%20Ornament,https://www.google.com/search?tbm=isch&q=Aquatic%20Mermaid%20and%20Blue%20Seahorse%20Ornament,,AquaCube_04_Decorations_Ornaments_SHOPIFY_COLLECTIONS.csv
ORNAMENT008,mermaid-ornament-15x12x6,Mermaid Ornament 15x12x6,Aquatic,Decorations,https://www.bing.com/images/search?q=Aquatic%20Mermaid%20Ornament%2015x12x6,https://www.google.com/search?tbm=isch&q=Aquatic%20Mermaid%20Ornament%2015x12x6,,AquaCube_04_Decorations_Ornaments_SHOPIFY_COLLECTIONS.csv
ORNAMENT009,mermaid-ornament-14x15x6-large,Mermaid Ornament 14x15x6 Large,Aquatic,Decorations,https://www.bing.com/images/search?q=Aquatic%20Mermaid%20Ornament%2014x15x6%20Large,https://www.google.com/search?tbm=isch&q=Aquatic%20Mermaid%20Ornament%2014x15x6%20Large,,AquaCube_04_Decorations_Ornaments_SHOPIFY_COLLECTIONS.csv
ORNAMENT010,shipwreck-ornament,Shipwreck Ornament,Aquatic,Decorations,https://www.bing.com/images/search?q=Aquatic%20Shipwreck%20Ornament,https://www.google.com/search?tbm=isch&q=Aquatic%20Shipwreck%20Ornament,,AquaCube_04_Decorations_Ornaments_SHOPIFY_COLLECTIONS.csv
ORNAMENT011,old-submarine-ornament,Old Submarine Ornament,Aquatic,Decorations,https://www.bing.com/images/search?q=Aquatic%20Old%20Submarine%20Ornament,https://www.google.com/search?tbm=isch&q=Aquatic%20Old%20Submarine%20Ornament,,AquaCube_04_Decorations_Ornaments_SHOPIFY_COLLECTIONS.csv
ORNAMENT012,ufo-ornament,UFO Ornament,Aquatic,Decorations,https://www.bing.com/images/search?q=Aquatic%20UFO%20Ornament,https://www.google.com/search?tbm=isch&q=Aquatic%20UFO%20Ornament,,AquaCube_04_Decorations_Ornaments_SHOPIFY_COLLECTIONS.csv
ORNAMENT013,star-wars-walker-ornament-small,Star Wars Walker Ornament Small,Aquatic,Decorations,https://www.bing.com/images/search?q=Aquatic%20Star%20Wars%20Walker%20Ornament%20Small,https://www.google.com/search?tbm=isch&q=Aquatic%20Star%20Wars%20Walker%20Ornament%20Small,,AquaCube_04_Decorations_Ornaments_SHOPIFY_COLLECTIONS.csv
ORNAMENT014,star-wars-walker-ornament-large,Star Wars Walker Ornament Large,Aquatic,Decorations,https://www.bing.com/images/search?q=Aquatic%20Star%20Wars%20Walker%20Ornament%20Large,https://www.google.com/search?tbm=isch&q=Aquatic%20Star%20Wars%20Walker%20Ornament%20Large,,AquaCube_04_Decorations_Ornaments_SHOPIFY_COLLECTIONS.csv
ORNAMENT015,coast-guard-boat-shipwreck-ornament,Coast Guard Boat Shipwreck Ornament,Aquatic,Decorations,https://www.bing.com/images/search?q=Aquatic%20Coast%20Guard%20Boat%20Shipwreck%20Ornament,https://www.google.com/search?tbm=isch&q=Aquatic%20Coast%20Guard%20Boat%20Shipwreck%20Ornament,,AquaCube_04_Decorations_Ornaments_SHOPIFY_COLLECTIONS.csv
ORNAMENT016,vw-combi-ornament,VW Combi Ornament,Aquatic,Decorations,https://www.bing.com/images/search?q=Aquatic%20VW%20Combi%20Ornament,https://www.google.com/search?tbm=isch&q=Aquatic%20VW%20Combi%20Ornament,,AquaCube_04_Decorations_Ornaments_SHOPIFY_COLLECTIONS.csv
ORNAMENT017,sunken-ship-octopus-design-ornament,Sunken Ship Octopus Design Ornament,Aquatic,Decorations,https://www.bing.com/images/search?q=Aquatic%20Sunken%20Ship%20Octopus%20Design%20Ornament,https://www.google.com/search?tbm=isch&q=Aquatic%20Sunken%20Ship%20Octopus%20Design%20Ornament,,AquaCube_04_Decorations_Ornaments_SHOPIFY_COLLECTIONS.csv
ORNAMENT018,egyptian-sphinx-ornament,Egyptian Sphinx Ornament,Aquatic,Decorations,https://www.bing.com/images/search?q=Aquatic%20Egyptian%20Sphinx%20Ornament,https://www.google.com/search?tbm=isch&q=Aquatic%20Egyptian%20Sphinx%20Ornament,,AquaCube_04_Decorations_Ornaments_SHOPIFY_COLLECTIONS.csv
ORNAMENT019,tree-man-ornament-12x11x23,Tree Man Ornament 12x11x23,Aquatic,Decorations,https://www.bing.com/images/search?q=Aquatic%20Tree%20Man%20Ornament%2012x11x23,https://www.google.com/search?tbm=isch&q=Aquatic%20Tree%20Man%20Ornament%2012x11x23,,AquaCube_04_Decorations_Ornaments_SHOPIFY_COLLECTIONS.csv
ORNAMENT020,tree-man-ornament-14x12x18-large,Tree Man Ornament 14x12x18 Large,Aquatic,Decorations,https://www.bing.com/images/search?q=Aquatic%20Tree%20Man%20Ornament%2014x12x18%20Large,https://www.google.com/search?tbm=isch&q=Aquatic%20Tree%20Man%20Ornament%2014x12x18%20Large,,AquaCube_04_Decorations_Ornaments_SHOPIFY_COLLECTIONS.csv
ORNAMENT021,skull-arch-ornament,Skull Arch Ornament,Aquatic,Decorations,https://www.bing.com/images/search?q=Aquatic%20Skull%20Arch%20Ornament,https://www.google.com/search?tbm=isch&q=Aquatic%20Skull%20Arch%20Ornament,,AquaCube_04_Decorations_Ornaments_SHOPIFY_COLLECTIONS.csv
ORNAMENT022,gargoyle-ornament,Gargoyle Ornament,Aquatic,Decorations,https://www.bing.com/images/search?q=Aquatic%20Gargoyle%20Ornament,https://www.google.com/search?tbm=isch&q=Aquatic%20Gargoyle%20Ornament,,AquaCube_04_Decorations_Ornaments_SHOPIFY_COLLECTIONS.csv
ORNAMENT023,mechanical-skeleton-ornament,Mechanical Skeleton Ornament,Aquatic,Decorations,https://www.bing.com/images/search?q=Aquatic%20Mechanical%20Skeleton%20Ornament,https://www.google.com/search?tbm=isch&q=Aquatic%20Mechanical%20Skeleton%20Ornament,,AquaCube_04_Decorations_Ornaments_SHOPIFY_COLLECTIONS.csv
ORNAMENT024,mechanical-fish-ornament,Mechanical Fish Ornament,Aquatic,Decorations,https://www.bing.com/images/search?q=Aquatic%20Mechanical%20Fish%20Ornament,https://www.google.com/search?tbm=isch&q=Aquatic%20Mechanical%20Fish%20Ornament,,AquaCube_04_Decorations_Ornaments_SHOPIFY_COLLECTIONS.csv
ORNAMENT025,baby-groot-ornament,Baby Groot Ornament,Aquatic,Decorations,https://www.bing.com/images/search?q=Aquatic%20Baby%20Groot%20Ornament,https://www.google.com/search?tbm=isch&q=Aquatic%20Baby%20Groot%20Ornament,,AquaCube_04_Decorations_Ornaments_SHOPIFY_COLLECTIONS.csv
ORNAMENT026,groot-with-air-stone-ornament,Groot with Air Stone Ornament,Aquatic,Decorations,https://www.bing.com/images/search?q=Aquatic%20Groot%20with%20Air%20Stone%20Ornament,https://www.google.com/search?tbm=isch&q=Aquatic%20Groot%20with%20Air%20Stone%20Ornament,,AquaCube_04_Decorations_Ornaments_SHOPIFY_COLLECTIONS.csv
ORNAMENT027,popetpop-ornament,Popetpop Ornament,Aquatic,Decorations,https://www.bing.com/images/search?q=Aquatic%20Popetpop%20Ornament,https://www.google.com/search?tbm=isch&q=Aquatic%20Popetpop%20Ornament,,AquaCube_04_Decorations_Ornaments_SHOPIFY_COLLECTIONS.csv
ORNAMENT028,general-ornament-7x10x12,General Ornament 7x10x12,Aquatic,Decorations,https://www.bing.com/images/search?q=Aquatic%20General%20Ornament%207x10x12,https://www.google.com/search?tbm=isch&q=Aquatic%20General%20Ornament%207x10x12,,AquaCube_04_Decorations_Ornaments_SHOPIFY_COLLECTIONS.csv
ORNAMENT029,meditation-buddha-statue-ornament,Meditation Buddha Statue Ornament,Aquatic,Decorations,https://www.bing.com/images/search?q=Aquatic%20Meditation%20Buddha%20Statue%20Ornament,https://www.google.com/search?tbm=isch&q=Aquatic%20Meditation%20Buddha%20Statue%20Ornament,,AquaCube_04_Decorations_Ornaments_SHOPIFY_COLLECTIONS.csv
ORNAMENT030,ancient-buddha-ornament,Ancient Buddha Ornament,Aquatic,Decorations,https://www.bing.com/images/search?q=Aquatic%20Ancient%20Buddha%20Ornament,https://www.google.com/search?tbm=isch&q=Aquatic%20Ancient%20Buddha%20Ornament,,AquaCube_04_Decorations_Ornaments_SHOPIFY_COLLECTIONS.csv
ORNAMENT031,swim-school-shack-ornament,Swim School Shack Ornament,Aquatic,Decorations,https://www.bing.com/images/search?q=Aquatic%20Swim%20School%20Shack%20Ornament,https://www.google.com/search?tbm=isch&q=Aquatic%20Swim%20School%20Shack%20Ornament,,AquaCube_04_Decorations_Ornaments_SHOPIFY_COLLECTIONS.csv
ORNAMENT032,deco-castle-ornament,Deco Castle Ornament,Aquatic,Decorations,https://www.bing.com/images/search?q=Aquatic%20Deco%20Castle%20Ornament,https://www.google.com/search?tbm=isch&q=Aquatic%20Deco%20Castle%20Ornament,,AquaCube_04_Decorations_Ornaments_SHOPIFY_COLLECTIONS.csv
ORNAMENT033,magical-castle-pink-ornament,Magical Castle Pink Ornament,Aquatic,Decorations,https://www.bing.com/images/search?q=Aquatic%20Magical%20Castle%20Pink%20Ornament,https://www.google.com/search?tbm=isch&q=Aquatic%20Magical%20Castle%20Pink%20Ornament,,AquaCube_04_Decorations_Ornaments_SHOPIFY_COLLECTIONS.csv
ORNAMENT034,magical-castle-brown-ornament,Magical Castle Brown Ornament,Aquatic,Decorations,https://www.bing.com/images/search?q=Aquatic%20Magical%20Castle%20Brown%20Ornament,https://www.google.com/search?tbm=isch&q=Aquatic%20Magical%20Castle%20Brown%20Ornament,,AquaCube_04_Decorations_Ornaments_SHOPIFY_COLLECTIONS.csv
ORNAMENT035,mountain-level-steps-moss-ornament,Mountain Level Steps Moss Ornament,Aquatic,Decorations,https://www.bing.com/images/search?q=Aquatic%20Mountain%20Level%20Steps%20Moss%20Ornament,https://www.google.com/search?tbm=isch&q=Aquatic%20Mountain%20Level%20Steps%20Moss%20Ornament,,AquaCube_04_Decorations_Ornaments_SHOPIFY_COLLECTIONS.csv
ORNAMENT036,dragon-layer-7pcs-set-ornament,Dragon Layer 7pcs Set Ornament,Aquatic,Decorations,https://www.bing.com/images/search?q=Aquatic%20Dragon%20Layer%207pcs%20Set%20Ornament,https://www.google.com/search?tbm=isch&q=Aquatic%20Dragon%20Layer%207pcs%20Set%20Ornament,,AquaCube_04_Decorations_Ornaments_SHOPIFY_COLLECTIONS.csv
ORNAMENT037,landscape-pavilion-tree-ornament,Landscape Pavilion Tree Ornament,Aquatic,Decorations,https://www.bing.com/images/search?q=Aquatic%20Landscape%20Pavilion%20Tree%20Ornament,https://www.google.com/search?tbm=isch&q=Aquatic%20Landscape%20Pavilion%20Tree%20Ornament,,AquaCube_04_Decorations_Ornaments_SHOPIFY_COLLECTIONS.csv
ORNAMENT001,lotus-pods-decoration,Lotus Pods Decoration,Aquatic,Hardscape,https://www.bing.com/images/search?q=Aquatic%20Lotus%20Pods%20Decoration,https://www.google.com/search?tbm=isch&q=Aquatic%20Lotus%20Pods%20Decoration,,AquaCube_05_Hardscape_Decorations_SHOPIFY_COLLECTIONS.csv
ORNAMENT002,indian-almond-leaves-9-11pcs,Indian Almond Leaves 9-11pcs,Aquatic,Hardscape,https://www.bing.com/images/search?q=Aquatic%20Indian%20Almond%20Leaves%209-11pcs,https://www.google.com/search?tbm=isch&q=Aquatic%20Indian%20Almond%20Leaves%209-11pcs,,AquaCube_05_Hardscape_Decorations_SHOPIFY_COLLECTIONS.csv
ORNAMENT003,lava-rock-plant-holder,Lava Rock Plant Holder,Aquatic,Hardscape,https://www.bing.com/images/search?q=Aquatic%20Lava%20Rock%20Plant%20Holder,https://www.google.com/search?tbm=isch&q=Aquatic%20Lava%20Rock%20Plant%20Holder,,AquaCube_05_Hardscape_Decorations_SHOPIFY_COLLECTIONS.csv
ROCKDRAG25,alveolate-rock-dragon-rock-25kg,Alveolate Rock Dragon Rock 25kg,Aquatic,Hardscape,https://www.bing.com/images/search?q=Aquatic%20Alveolate%20Rock%20Dragon%20Rock%2025kg,https://www.google.com/search?tbm=isch&q=Aquatic%20Alveolate%20Rock%20Dragon%20Rock%2025kg,,AquaCube_05_Hardscape_Decorations_SHOPIFY_COLLECTIONS.csv
ROCKSCEN20,scenery-aquarium-rock-20kg,Scenery Aquarium Rock 20kg,Aquatic,Hardscape,https://www.bing.com/images/search?q=Aquatic%20Scenery%20Aquarium%20Rock%2020kg,https://www.google.com/search?tbm=isch&q=Aquatic%20Scenery%20Aquarium%20Rock%2020kg,,AquaCube_05_Hardscape_Decorations_SHOPIFY_COLLECTIONS.csv
ROCKVBLACK20,volcano-rock-black-20kg,Volcano Rock Black 20kg,Aquatic,Hardscape,https://www.bing.com/images/search?q=Aquatic%20Volcano%20Rock%20Black%2020kg,https://www.google.com/search?tbm=isch&q=Aquatic%20Volcano%20Rock%20Black%2020kg,,AquaCube_05_Hardscape_Decorations_SHOPIFY_COLLECTIONS.csv
ROCKVRED20,volcano-rock-red-20kg,Volcano Rock Red 20kg,Aquatic,Hardscape,https://www.bing.com/images/search?q=Aquatic%20Volcano%20Rock%20Red%2020kg,https://www.google.com/search?tbm=isch&q=Aquatic%20Volcano%20Rock%20Red%2020kg,,AquaCube_05_Hardscape_Decorations_SHOPIFY_COLLECTIONS.csv
ROCKREEF12,reef-rock-12kg,Reef Rock 12kg,Aquatic,Hardscape,https://www.bing.com/images/search?q=Aquatic%20Reef%20Rock%2012kg,https://www.google.com/search?tbm=isch&q=Aquatic%20Reef%20Rock%2012kg,,AquaCube_05_Hardscape_Decorations_SHOPIFY_COLLECTIONS.csv
DRAGONBOT,dragon-rock-bottle-mix,Dragon Rock Bottle Mix,Aquatic,Hardscape,https://www.bing.com/images/search?q=Aquatic%20Dragon%20Rock%20Bottle%20Mix,https://www.google.com/search?tbm=isch&q=Aquatic%20Dragon%20Rock%20Bottle%20Mix,,AquaCube_05_Hardscape_Decorations_SHOPIFY_COLLECTIONS.csv
SCENERYBOT,scenery-rock-bottle-mix,Scenery Rock Bottle Mix,Aquatic,Hardscape,https://www.bing.com/images/search?q=Aquatic%20Scenery%20Rock%20Bottle%20Mix,https://www.google.com/search?tbm=isch&q=Aquatic%20Scenery%20Rock%20Bottle%20Mix,,AquaCube_05_Hardscape_Decorations_SHOPIFY_COLLECTIONS.csv
MINILAVA35,mini-lava-rock-3-5mm,Mini Lava Rock 3-5mm,Aquatic,Hardscape,https://www.bing.com/images/search?q=Aquatic%20Mini%20Lava%20Rock%203-5mm,https://www.google.com/search?tbm=isch&q=Aquatic%20Mini%20Lava%20Rock%203-5mm,,AquaCube_05_Hardscape_Decorations_SHOPIFY_COLLECTIONS.csv
MINILAVA68,mini-lava-rock-6-8mm,Mini Lava Rock 6-8mm,Aquatic,Hardscape,https://www.bing.com/images/search?q=Aquatic%20Mini%20Lava%20Rock%206-8mm,https://www.google.com/search?tbm=isch&q=Aquatic%20Mini%20Lava%20Rock%206-8mm,,AquaCube_05_Hardscape_Decorations_SHOPIFY_COLLECTIONS.csv
MINILAVA1215,mini-lava-rock-12-15mm,Mini Lava Rock 12-15mm,Aquatic,Hardscape,https://www.bing.com/images/search?q=Aquatic%20Mini%20Lava%20Rock%2012-15mm,https://www.google.com/search?tbm=isch&q=Aquatic%20Mini%20Lava%20Rock%2012-15mm,,AquaCube_05_Hardscape_Decorations_SHOPIFY_COLLECTIONS.csv
AKADAMA14L,akadama-bonsai-soil-1-3mm-14l,Akadama Bonsai Soil 1-3mm 14L,Aquatic,Substrate,https://www.bing.com/images/search?q=Aquatic%20Akadama%20Bonsai%20Soil%201-3mm%2014L,https://www.google.com/search?tbm=isch&q=Aquatic%20Akadama%20Bonsai%20Soil%201-3mm%2014L,,AquaCube_05_Hardscape_Decorations_SHOPIFY_COLLECTIONS.csv
DRIFTWD001,christmas-tree-bonsai-driftwood,Christmas Tree Bonsai Driftwood,Aquatic,Hardscape,https://www.bing.com/images/search?q=Aquatic%20Christmas%20Tree%20Bonsai%20Driftwood,https://www.google.com/search?tbm=isch&q=Aquatic%20Christmas%20Tree%20Bonsai%20Driftwood,,AquaCube_05_Hardscape_Decorations_SHOPIFY_COLLECTIONS.csv
DRIFTWD002,dr0817b-s-wave-bonsai-driftwood,DR0817B S Wave Bonsai Driftwood,Aquatic,Hardscape,https://www.bing.com/images/search?q=Aquatic%20DR0817B%20S%20Wave%20Bonsai%20Driftwood,https://www.google.com/search?tbm=isch&q=Aquatic%20DR0817B%20S%20Wave%20Bonsai%20Driftwood,,AquaCube_05_Hardscape_Decorations_SHOPIFY_COLLECTIONS.csv
DRIFTWD003,dr0817b-m-wave-bonsai-driftwood,DR0817B M Wave Bonsai Driftwood,Aquatic,Hardscape,https://www.bing.com/images/search?q=Aquatic%20DR0817B%20M%20Wave%20Bonsai%20Driftwood,https://www.google.com/search?tbm=isch&q=Aquatic%20DR0817B%20M%20Wave%20Bonsai%20Driftwood,,AquaCube_05_Hardscape_Decorations_SHOPIFY_COLLECTIONS.csv
DRIFTWD004,dr0817b-l-wave-bonsai-driftwood,DR0817B L Wave Bonsai Driftwood,Aquatic,Hardscape,https://www.bing.com/images/search?q=Aquatic%20DR0817B%20L%20Wave%20Bonsai%20Driftwood,https://www.google.com/search?tbm=isch&q=Aquatic%20DR0817B%20L%20Wave%20Bonsai%20Driftwood,,AquaCube_05_Hardscape_Decorations_SHOPIFY_COLLECTIONS.csv
DRIFTWD005,dr0817a-s-weeping-bonsai-driftwood,DR0817A S Weeping Bonsai Driftwood,Aquatic,Hardscape,https://www.bing.com/images/search?q=Aquatic%20DR0817A%20S%20Weeping%20Bonsai%20Driftwood,https://www.google.com/search?tbm=isch&q=Aquatic%20DR0817A%20S%20Weeping%20Bonsai%20Driftwood,,AquaCube_05_Hardscape_Decorations_SHOPIFY_COLLECTIONS.csv
DRIFTWD006,dr0817a-ms-weeping-bonsai-driftwood,DR0817A MS Weeping Bonsai Driftwood,Aquatic,Hardscape,https://www.bing.com/images/search?q=Aquatic%20DR0817A%20MS%20Weeping%20Bonsai%20Driftwood,https://www.google.com/search?tbm=isch&q=Aquatic%20DR0817A%20MS%20Weeping%20Bonsai%20Driftwood,,AquaCube_05_Hardscape_Decorations_SHOPIFY_COLLECTIONS.csv
DRIFTWD007,dr0817-sss-bonsai-driftwood,DR0817 SSS Bonsai Driftwood,Aquatic,Hardscape,https://www.bing.com/images/search?q=Aquatic%20DR0817%20SSS%20Bonsai%20Driftwood,https://www.google.com/search?tbm=isch&q=Aquatic%20DR0817%20SSS%20Bonsai%20Driftwood,,AquaCube_05_Hardscape_Decorations_SHOPIFY_COLLECTIONS.csv
DRIFTWD008,dr0817-ss-bonsai-driftwood,DR0817 SS Bonsai Driftwood,Aquatic,Hardscape,https://www.bing.com/images/search?q=Aquatic%20DR0817%20SS%20Bonsai%20Driftwood,https://www.google.com/search?tbm=isch&q=Aquatic%20DR0817%20SS%20Bonsai%20Driftwood,,AquaCube_05_Hardscape_Decorations_SHOPIFY_COLLECTIONS.csv
DRIFTWD009,dr0817-ms-bonsai-driftwood,DR0817 MS Bonsai Driftwood,Aquatic,Hardscape,https://www.bing.com/images/search?q=Aquatic%20DR0817%20MS%20Bonsai%20Driftwood,https://www.google.com/search?tbm=isch&q=Aquatic%20DR0817%20MS%20Bonsai%20Driftwood,,AquaCube_05_Hardscape_Decorations_SHOPIFY_COLLECTIONS.csv
DRIFTWD010,dr0817-ml-bonsai-driftwood,DR0817 ML Bonsai Driftwood,Aquatic,Hardscape,https://www.bing.com/images/search?q=Aquatic%20DR0817%20ML%20Bonsai%20Driftwood,https://www.google.com/search?tbm=isch&q=Aquatic%20DR0817%20ML%20Bonsai%20Driftwood,,AquaCube_05_Hardscape_Decorations_SHOPIFY_COLLECTIONS.csv
DRIFTWD011,bonsai-tree-driftwood-large,Bonsai Tree Driftwood Large,Aquatic,Hardscape,https://www.bing.com/images/search?q=Aquatic%20Bonsai%20Tree%20Driftwood%20Large,https://www.google.com/search?tbm=isch&q=Aquatic%20Bonsai%20Tree%20Driftwood%20Large,,AquaCube_05_Hardscape_Decorations_SHOPIFY_COLLECTIONS.csv
SPIDERWD20,spider-wood-20kg-bag,Spider Wood 20kg Bag,Aquatic,Hardscape,https://www.bing.com/images/search?q=Aquatic%20Spider%20Wood%2020kg%20Bag,https://www.google.com/search?tbm=isch&q=Aquatic%20Spider%20Wood%2020kg%20Bag,,AquaCube_05_Hardscape_Decorations_SHOPIFY_COLLECTIONS.csv
SPIDERWDBRANCH,spider-wood-branches-15-30cm,Spider Wood Branches 15-30cm,Aquatic,Hardscape,https://www.bing.com/images/search?q=Aquatic%20Spider%20Wood%20Branches%2015-30cm,https://www.google.com/search?tbm=isch&q=Aquatic%20Spider%20Wood%20Branches%2015-30cm,,AquaCube_05_Hardscape_Decorations_SHOPIFY_COLLECTIONS.csv
CORKBARK,cork-bark-origin-china-7-5kg,Cork Bark Origin China 7.5kg,Aquatic,Hardscape,https://www.bing.com/images/search?q=Aquatic%20Cork%20Bark%20Origin%20China%207.5kg,https://www.google.com/search?tbm=isch&q=Aquatic%20Cork%20Bark%20Origin%20China%207.5kg,,AquaCube_05_Hardscape_Decorations_SHOPIFY_COLLECTIONS.csv
CORKTUBE,cork-tubes-origin-portugal-12kg,Cork Tubes Origin Portugal 12kg,Aquatic,Hardscape,https://www.bing.com/images/search?q=Aquatic%20Cork%20Tubes%20Origin%20Portugal%2012kg,https://www.google.com/search?tbm=isch&q=Aquatic%20Cork%20Tubes%20Origin%20Portugal%2012kg,,AquaCube_05_Hardscape_Decorations_SHOPIFY_COLLECTIONS.csv
GLOWDARK50,glow-in-dark-rocks-50pcs,Glow in Dark Rocks 50pcs,Aquatic,Hardscape,https://www.bing.com/images/search?q=Aquatic%20Glow%20in%20Dark%20Rocks%2050pcs,https://www.google.com/search?tbm=isch&q=Aquatic%20Glow%20in%20Dark%20Rocks%2050pcs,,AquaCube_05_Hardscape_Decorations_SHOPIFY_COLLECTIONS.csv
BG30DOUBLESIDE9019,bg-30cm-double-side-9019-9063,30cm Double Side 9019/9063 Background,Aquatic,Backgrounds,https://www.bing.com/images/search?q=Aquatic%2030cm%20Double%20Side%209019/9063%20Background,https://www.google.com/search?tbm=isch&q=Aquatic%2030cm%20Double%20Side%209019/9063%20Background,,AquaCube_05_Hardscape_Decorations_SHOPIFY_COLLECTIONS.csv
BG40DOUBLESIDE9019,bg-40cm-double-side-9019-9063,40cm Double Side 9019/9063 Background,Aquatic,Backgrounds,https://www.bing.com/images/search?q=Aquatic%2040cm%20Double%20Side%209019/9063%20Background,https://www.google.com/search?tbm=isch&q=Aquatic%2040cm%20Double%20Side%209019/9063%20Background,,AquaCube_05_Hardscape_Decorations_SHOPIFY_COLLECTIONS.csv
BG50DOUBLESIDE9019,bg-50cm-double-side-9019-9063,50cm Double Side 9019/9063 Background,Aquatic,Backgrounds,https://www.bing.com/images/search?q=Aquatic%2050cm%20Double%20Side%209019/9063%20Background,https://www.google.com/search?tbm=isch&q=Aquatic%2050cm%20Double%20Side%209019/9063%20Background,,AquaCube_05_Hardscape_Decorations_SHOPIFY_COLLECTIONS.csv
BG60DOUBLESIDE9019,bg-60cm-double-side-9019-9063,60cm Double Side 9019/9063 Background,Aquatic,Backgrounds,https://www.bing.com/images/search?q=Aquatic%2060cm%20Double%20Side%209019/9063%20Background,https://www.google.com/search?tbm=isch&q=Aquatic%2060cm%20Double%20Side%209019/9063%20Background,,AquaCube_05_Hardscape_Decorations_SHOPIFY_COLLECTIONS.csv
BG70DOUBLESIDE9019,bg-70cm-double-side-9019-9063,70cm Double Side 9019/9063 Background,Aquatic,Backgrounds,https://www.bing.com/images/search?q=Aquatic%2070cm%20Double%20Side%209019/9063%20Background,https://www.google.com/search?tbm=isch&q=Aquatic%2070cm%20Double%20Side%209019/9063%20Background,,AquaCube_05_Hardscape_Decorations_SHOPIFY_COLLECTIONS.csv
BG80DOUBLESIDE9019,bg-80cm-double-side-9019-9063,80cm Double Side 9019/9063 Background,Aquatic,Backgrounds,https://www.bing.com/images/search?q=Aquatic%2080cm%20Double%20Side%209019/9063%20Background,https://www.google.com/search?tbm=isch&q=Aquatic%2080cm%20Double%20Side%209019/9063%20Background,,AquaCube_05_Hardscape_Decorations_SHOPIFY_COLLECTIONS.csv
BG30DOUBLESIDE9037,bg-30cm-double-side-9037-9057,30cm Double Side 9037/9057 Background,Aquatic,Backgrounds,https://www.bing.com/images/search?q=Aquatic%2030cm%20Double%20Side%209037/9057%20Background,https://www.google.com/search?tbm=isch&q=Aquatic%2030cm%20Double%20Side%209037/9057%20Background,,AquaCube_05_Hardscape_Decorations_SHOPIFY_COLLECTIONS.csv
BG40DOUBLESIDE9037,bg-40cm-double-side-9037-9057,40cm Double Side 9037/9057 Background,Aquatic,Backgrounds,https://www.bing.com/images/search?q=Aquatic%2040cm%20Double%20Side%209037/9057%20Background,https://www.google.com/search?tbm=isch&q=Aquatic%2040cm%20Double%20Side%209037/9057%20Background,,AquaCube_05_Hardscape_Decorations_SHOPIFY_COLLECTIONS.csv
BG50DOUBLESIDE9037,bg-50cm-double-side-9037-9057,50cm Double Side 9037/9057 Background,Aquatic,Backgrounds,https://www.bing.com/images/search?q=Aquatic%2050cm%20Double%20Side%209037/9057%20Background,https://www.google.com/search?tbm=isch&q=Aquatic%2050cm%20Double%20Side%209037/9057%20Background,,AquaCube_05_Hardscape_Decorations_SHOPIFY_COLLECTIONS.csv
BG60DOUBLESIDE9037,bg-60cm-double-side-9037-9057,60cm Double Side 9037/9057 Background,Aquatic,Backgrounds,https://www.bing.com/images/search?q=Aquatic%2060cm%20Double%20Side%209037/9057%20Background,https://www.google.com/search?tbm=isch&q=Aquatic%2060cm%20Double%20Side%209037/9057%20Background,,AquaCube_05_Hardscape_Decorations_SHOPIFY_COLLECTIONS.csv
BG70DOUBLESIDE9037,bg-70cm-double-side-9037-9057,70cm Double Side 9037/9057 Background,Aquatic,Backgrounds,https://www.bing.com/images/search?q=Aquatic%2070cm%20Double%20Side%209037/9057%20Background,https://www.google.com/search?tbm=isch&q=Aquatic%2070cm%20Double%20Side%209037/9057%20Background,,AquaCube_05_Hardscape_Decorations_SHOPIFY_COLLECTIONS.csv
BG80DOUBLESIDE9037,bg-80cm-double-side-9037-9057,80cm Double Side 9037/9057 Background,Aquatic,Backgrounds,https://www.bing.com/images/search?q=Aquatic%2080cm%20Double%20Side%209037/9057%20Background,https://www.google.com/search?tbm=isch&q=Aquatic%2080cm%20Double%20Side%209037/9057%20Background,,AquaCube_05_Hardscape_Decorations_SHOPIFY_COLLECTIONS.csv
BG30DOUBLESIDE9086,bg-30cm-double-side-9086-9087,30cm Double Side 9086/9087 Background,Aquatic,Backgrounds,https://www.bing.com/images/search?q=Aquatic%2030cm%20Double%20Side%209086/9087%20Background,https://www.google.com/search?tbm=isch&q=Aquatic%2030cm%20Double%20Side%209086/9087%20Background,,AquaCube_05_Hardscape_Decorations_SHOPIFY_COLLECTIONS.csv
BG40DOUBLESIDE9086,bg-40cm-double-side-9086-9087,40cm Double Side 9086/9087 Background,Aquatic,Backgrounds,https://www.bing.com/images/search?q=Aquatic%2040cm%20Double%20Side%209086/9087%20Background,https://www.google.com/search?tbm=isch&q=Aquatic%2040cm%20Double%20Side%209086/9087%20Background,,AquaCube_05_Hardscape_Decorations_SHOPIFY_COLLECTIONS.csv
BG50DOUBLESIDE9086,bg-50cm-double-side-9086-9087,50cm Double Side 9086/9087 Background,Aquatic,Backgrounds,https://www.bing.com/images/search?q=Aquatic%2050cm%20Double%20Side%209086/9087%20Background,https://www.google.com/search?tbm=isch&q=Aquatic%2050cm%20Double%20Side%209086/9087%20Background,,AquaCube_05_Hardscape_Decorations_SHOPIFY_COLLECTIONS.csv
BG60DOUBLESIDE9086,bg-60cm-double-side-9086-9087,60cm Double Side 9086/9087 Background,Aquatic,Backgrounds,https://www.bing.com/images/search?q=Aquatic%2060cm%20Double%20Side%209086/9087%20Background,https://www.google.com/search?tbm=isch&q=Aquatic%2060cm%20Double%20Side%209086/9087%20Background,,AquaCube_05_Hardscape_Decorations_SHOPIFY_COLLECTIONS.csv
BG70DOUBLESIDE9086,bg-70cm-double-side-9086-9087,70cm Double Side 9086/9087 Background,Aquatic,Backgrounds,https://www.bing.com/images/search?q=Aquatic%2070cm%20Double%20Side%209086/9087%20Background,https://www.google.com/search?tbm=isch&q=Aquatic%2070cm%20Double%20Side%209086/9087%20Background,,AquaCube_05_Hardscape_Decorations_SHOPIFY_COLLECTIONS.csv
BG80DOUBLESIDE9086,bg-80cm-double-side-9086-9087,80cm Double Side 9086/9087 Background,Aquatic,Backgrounds,https://www.bing.com/images/search?q=Aquatic%2080cm%20Double%20Side%209086/9087%20Background,https://www.google.com/search?tbm=isch&q=Aquatic%2080cm%20Double%20Side%209086/9087%20Background,,AquaCube_05_Hardscape_Decorations_SHOPIFY_COLLECTIONS.csv
BG30DOUBLESIDE9094,bg-30cm-double-side-9094-9095,30cm Double Side 9094/9095 Background,Aquatic,Backgrounds,https://www.bing.com/images/search?q=Aquatic%2030cm%20Double%20Side%209094/9095%20Background,https://www.google.com/search?tbm=isch&q=Aquatic%2030cm%20Double%20Side%209094/9095%20Background,,AquaCube_05_Hardscape_Decorations_SHOPIFY_COLLECTIONS.csv
BG40DOUBLESIDE9094,bg-40cm-double-side-9094-9095,40cm Double Side 9094/9095 Background,Aquatic,Backgrounds,https://www.bing.com/images/search?q=Aquatic%2040cm%20Double%20Side%209094/9095%20Background,https://www.google.com/search?tbm=isch&q=Aquatic%2040cm%20Double%20Side%209094/9095%20Background,,AquaCube_05_Hardscape_Decorations_SHOPIFY_COLLECTIONS.csv
BG50DOUBLESIDE9094,bg-50cm-double-side-9094-9095,50cm Double Side 9094/9095 Background,Aquatic,Backgrounds,https://www.bing.com/images/search?q=Aquatic%2050cm%20Double%20Side%209094/9095%20Background,https://www.google.com/search?tbm=isch&q=Aquatic%2050cm%20Double%20Side%209094/9095%20Background,,AquaCube_05_Hardscape_Decorations_SHOPIFY_COLLECTIONS.csv
BG60DOUBLESIDE9094,bg-60cm-double-side-9094-9095,60cm Double Side 9094/9095 Background,Aquatic,Backgrounds,https://www.bing.com/images/search?q=Aquatic%2060cm%20Double%20Side%209094/9095%20Background,https://www.google.com/search?tbm=isch&q=Aquatic%2060cm%20Double%20Side%209094/9095%20Background,,AquaCube_05_Hardscape_Decorations_SHOPIFY_COLLECTIONS.csv
BG70DOUBLESIDE9094,bg-70cm-double-side-9094-9095,70cm Double Side 9094/9095 Background,Aquatic,Backgrounds,https://www.bing.com/images/search?q=Aquatic%2070cm%20Double%20Side%209094/9095%20Background,https://www.google.com/search?tbm=isch&q=Aquatic%2070cm%20Double%20Side%209094/9095%20Background,,AquaCube_05_Hardscape_Decorations_SHOPIFY_COLLECTIONS.csv
BG80DOUBLESIDE9094,bg-80cm-double-side-9094-9095,80cm Double Side 9094/9095 Background,Aquatic,Backgrounds,https://www.bing.com/images/search?q=Aquatic%2080cm%20Double%20Side%209094/9095%20Background,https://www.google.com/search?tbm=isch&q=Aquatic%2080cm%20Double%20Side%209094/9095%20Background,,AquaCube_05_Hardscape_Decorations_SHOPIFY_COLLECTIONS.csv
BG30DOUBLESIDE9003,bg-30cm-double-side-9003-9028-white,30cm Double Side 9003/9028 White Background,Aquatic,Backgrounds,https://www.bing.com/images/search?q=Aquatic%2030cm%20Double%20Side%209003/9028%20White%20Background,https://www.google.com/search?tbm=isch&q=Aquatic%2030cm%20Double%20Side%209003/9028%20White%20Background,,AquaCube_05_Hardscape_Decorations_SHOPIFY_COLLECTIONS.csv
BG40DOUBLESIDE9003,bg-40cm-double-side-9003-9028-white,40cm Double Side 9003/9028 White Background,Aquatic,Backgrounds,https://www.bing.com/images/search?q=Aquatic%2040cm%20Double%20Side%209003/9028%20White%20Background,https://www.google.com/search?tbm=isch&q=Aquatic%2040cm%20Double%20Side%209003/9028%20White%20Background,,AquaCube_05_Hardscape_Decorations_SHOPIFY_COLLECTIONS.csv
BG50DOUBLESIDE9003,bg-50cm-double-side-9003-9028-white,50cm Double Side 9003/9028 White Background,Aquatic,Backgrounds,https://www.bing.com/images/search?q=Aquatic%2050cm%20Double%20Side%209003/9028%20White%20Background,https://www.google.com/search?tbm=isch&q=Aquatic%2050cm%20Double%20Side%209003/9028%20White%20Background,,AquaCube_05_Hardscape_Decorations_SHOPIFY_COLLECTIONS.csv
BG60DOUBLESIDE9003,bg-60cm-double-side-9003-9028-white,60cm Double Side 9003/9028 White Background,Aquatic,Backgrounds,https://www.bing.com/images/search?q=Aquatic%2060cm%20Double%20Side%209003/9028%20White%20Background,https://www.google.com/search?tbm=isch&q=Aquatic%2060cm%20Double%20Side%209003/9028%20White%20Background,,AquaCube_05_Hardscape_Decorations_SHOPIFY_COLLECTIONS.csv
BG70DOUBLESIDE9003,bg-70cm-double-side-9003-9028-white,70cm Double Side 9003/9028 White Background,Aquatic,Backgrounds,https://www.bing.com/images/search?q=Aquatic%2070cm%20Double%20Side%209003/9028%20White%20Background,https://www.google.com/search?tbm=isch&q=Aquatic%2070cm%20Double%20Side%209003/9028%20White%20Background,,AquaCube_05_Hardscape_Decorations_SHOPIFY_COLLECTIONS.csv
BG80DOUBLESIDE9003,bg-80cm-double-side-9003-9028-white,80cm Double Side 9003/9028 White Background,Aquatic,Backgrounds,https://www.bing.com/images/search?q=Aquatic%2080cm%20Double%20Side%209003/9028%20White%20Background,https://www.google.com/search?tbm=isch&q=Aquatic%2080cm%20Double%20Side%209003/9028%20White%20Background,,AquaCube_05_Hardscape_Decorations_SHOPIFY_COLLECTIONS.csv
BG30DOUBLESIDE9015,bg-30cm-double-side-9015-9017,30cm Double Side 9015/9017 Background,Aquatic,Backgrounds,https://www.bing.com/images/search?q=Aquatic%2030cm%20Double%20Side%209015/9017%20Background,https://www.google.com/search?tbm=isch&q=Aquatic%2030cm%20Double%20Side%209015/9017%20Background,,AquaCube_05_Hardscape_Decorations_SHOPIFY_COLLECTIONS.csv
BG40DOUBLESIDE9015,bg-40cm-double-side-9015-9017,40cm Double Side 9015/9017 Background,Aquatic,Backgrounds,https://www.bing.com/images/search?q=Aquatic%2040cm%20Double%20Side%209015/9017%20Background,https://www.google.com/search?tbm=isch&q=Aquatic%2040cm%20Double%20Side%209015/9017%20Background,,AquaCube_05_Hardscape_Decorations_SHOPIFY_COLLECTIONS.csv
BG50DOUBLESIDE9015,bg-50cm-double-side-9015-9017,50cm Double Side 9015/9017 Background,Aquatic,Backgrounds,https://www.bing.com/images/search?q=Aquatic%2050cm%20Double%20Side%209015/9017%20Background,https://www.google.com/search?tbm=isch&q=Aquatic%2050cm%20Double%20Side%209015/9017%20Background,,AquaCube_05_Hardscape_Decorations_SHOPIFY_COLLECTIONS.csv
BG60DOUBLESIDE9015,bg-60cm-double-side-9015-9017,60cm Double Side 9015/9017 Background,Aquatic,Backgrounds,https://www.bing.com/images/search?q=Aquatic%2060cm%20Double%20Side%209015/9017%20Background,https://www.google.com/search?tbm=isch&q=Aquatic%2060cm%20Double%20Side%209015/9017%20Background,,AquaCube_05_Hardscape_Decorations_SHOPIFY_COLLECTIONS.csv
BG70DOUBLESIDE9015,bg-70cm-double-side-9015-9017,70cm Double Side 9015/9017 Background,Aquatic,Backgrounds,https://www.bing.com/images/search?q=Aquatic%2070cm%20Double%20Side%209015/9017%20Background,https://www.google.com/search?tbm=isch&q=Aquatic%2070cm%20Double%20Side%209015/9017%20Background,,AquaCube_05_Hardscape_Decorations_SHOPIFY_COLLECTIONS.csv
BG80DOUBLESIDE9015,bg-80cm-double-side-9015-9017,80cm Double Side 9015/9017 Background,Aquatic,Backgrounds,https://www.bing.com/images/search?q=Aquatic%2080cm%20Double%20Side%209015/9017%20Background,https://www.google.com/search?tbm=isch&q=Aquatic%2080cm%20Double%20Side%209015/9017%20Background,,AquaCube_05_Hardscape_Decorations_SHOPIFY_COLLECTIONS.csv
BG30DOUBLESIDE8009,bg-30cm-double-side-8009-8010,30cm Double Side 8009/8010 Background,Aquatic,Backgrounds,https://www.bing.com/images/search?q=Aquatic%2030cm%20Double%20Side%208009/8010%20Background,https://www.google.com/search?tbm=isch&q=Aquatic%2030cm%20Double%20Side%208009/8010%20Background,,AquaCube_05_Hardscape_Decorations_SHOPIFY_COLLECTIONS.csv
BG40DOUBLESIDE8009,bg-40cm-double-side-8009-8010,40cm Double Side 8009/8010 Background,Aquatic,Backgrounds,https://www.bing.com/images/search?q=Aquatic%2040cm%20Double%20Side%208009/8010%20Background,https://www.google.com/search?tbm=isch&q=Aquatic%2040cm%20Double%20Side%208009/8010%20Background,,AquaCube_05_Hardscape_Decorations_SHOPIFY_COLLECTIONS.csv
BG50DOUBLESIDE8009,bg-50cm-double-side-8009-8010,50cm Double Side 8009/8010 Background,Aquatic,Backgrounds,https://www.bing.com/images/search?q=Aquatic%2050cm%20Double%20Side%208009/8010%20Background,https://www.google.com/search?tbm=isch&q=Aquatic%2050cm%20Double%20Side%208009/8010%20Background,,AquaCube_05_Hardscape_Decorations_SHOPIFY_COLLECTIONS.csv
BG60DOUBLESIDE8009,bg-60cm-double-side-8009-8010,60cm Double Side 8009/8010 Background,Aquatic,Backgrounds,https://www.bing.com/images/search?q=Aquatic%2060cm%20Double%20Side%208009/8010%20Background,https://www.google.com/search?tbm=isch&q=Aquatic%2060cm%20Double%20Side%208009/8010%20Background,,AquaCube_05_Hardscape_Decorations_SHOPIFY_COLLECTIONS.csv
BG70DOUBLESIDE8009,bg-70cm-double-side-8009-8010,70cm Double Side 8009/8010 Background,Aquatic,Backgrounds,https://www.bing.com/images/search?q=Aquatic%2070cm%20Double%20Side%208009/8010%20Background,https://www.google.com/search?tbm=isch&q=Aquatic%2070cm%20Double%20Side%208009/8010%20Background,,AquaCube_05_Hardscape_Decorations_SHOPIFY_COLLECTIONS.csv
BG80DOUBLESIDE8009,bg-80cm-double-side-8009-8010,80cm Double Side 8009/8010 Background,Aquatic,Backgrounds,https://www.bing.com/images/search?q=Aquatic%2080cm%20Double%20Side%208009/8010%20Background,https://www.google.com/search?tbm=isch&q=Aquatic%2080cm%20Double%20Side%208009/8010%20Background,,AquaCube_05_Hardscape_Decorations_SHOPIFY_COLLECTIONS.csv
BG30DOUBLESIDE8019,bg-30cm-double-side-8019-8020,30cm Double Side 8019/8020 Background,Aquatic,Backgrounds,https://www.bing.com/images/search?q=Aquatic%2030cm%20Double%20Side%208019/8020%20Background,https://www.google.com/search?tbm=isch&q=Aquatic%2030cm%20Double%20Side%208019/8020%20Background,,AquaCube_05_Hardscape_Decorations_SHOPIFY_COLLECTIONS.csv
BG40DOUBLESIDE8019,bg-40cm-double-side-8019-8020,40cm Double Side 8019/8020 Background,Aquatic,Backgrounds,https://www.bing.com/images/search?q=Aquatic%2040cm%20Double%20Side%208019/8020%20Background,https://www.google.com/search?tbm=isch&q=Aquatic%2040cm%20Double%20Side%208019/8020%20Background,,AquaCube_05_Hardscape_Decorations_SHOPIFY_COLLECTIONS.csv
BG50DOUBLESIDE8019,bg-50cm-double-side-8019-8020,50cm Double Side 8019/8020 Background,Aquatic,Backgrounds,https://www.bing.com/images/search?q=Aquatic%2050cm%20Double%20Side%208019/8020%20Background,https://www.google.com/search?tbm=isch&q=Aquatic%2050cm%20Double%20Side%208019/8020%20Background,,AquaCube_05_Hardscape_Decorations_SHOPIFY_COLLECTIONS.csv
BG60DOUBLESIDE8019,bg-60cm-double-side-8019-8020,60cm Double Side 8019/8020 Background,Aquatic,Backgrounds,https://www.bing.com/images/search?q=Aquatic%2060cm%20Double%20Side%208019/8020%20Background,https://www.google.com/search?tbm=isch&q=Aquatic%2060cm%20Double%20Side%208019/8020%20Background,,AquaCube_05_Hardscape_Decorations_SHOPIFY_COLLECTIONS.csv
BG70DOUBLESIDE8019,bg-70cm-double-side-8019-8020,70cm Double Side 8019/8020 Background,Aquatic,Backgrounds,https://www.bing.com/images/search?q=Aquatic%2070cm%20Double%20Side%208019/8020%20Background,https://www.google.com/search?tbm=isch&q=Aquatic%2070cm%20Double%20Side%208019/8020%20Background,,AquaCube_05_Hardscape_Decorations_SHOPIFY_COLLECTIONS.csv
BG80DOUBLESIDE8019,bg-80cm-double-side-8019-8020,80cm Double Side 8019/8020 Background,Aquatic,Backgrounds,https://www.bing.com/images/search?q=Aquatic%2080cm%20Double%20Side%208019/8020%20Background,https://www.google.com/search?tbm=isch&q=Aquatic%2080cm%20Double%20Side%208019/8020%20Background,,AquaCube_05_Hardscape_Decorations_SHOPIFY_COLLECTIONS.csv
DRTANKALL250,dr-tank-all-in-one-fertilizer-np-zero-250ml,DR Tank All in One Fertilizer NP Zero 250ml,DRTank,Water Treatment,https://www.bing.com/images/search?q=DRTank%20DR%20Tank%20All%20in%20One%20Fertilizer%20NP%20Zero%20250ml,https://www.google.com/search?tbm=isch&q=DRTank%20DR%20Tank%20All%20in%20One%20Fertilizer%20NP%20Zero%20250ml,,AquaCube_06_DR_Tank_Fertilizers_SHOPIFY_COLLECTIONS.csv
DRTANKCOMP250,dr-tank-complete-comprehensive-fertilizer-250ml,DR Tank Complete Comprehensive Fertilizer 250ml,DRTank,Water Treatment,https://www.bing.com/images/search?q=DRTank%20DR%20Tank%20Complete%20Comprehensive%20Fertilizer%20250ml,https://www.google.com/search?tbm=isch&q=DRTank%20DR%20Tank%20Complete%20Comprehensive%20Fertilizer%20250ml,,AquaCube_06_DR_Tank_Fertilizers_SHOPIFY_COLLECTIONS.csv
DRTANKE1,dr-tank-e1-method-fast-growth-250ml,DR Tank E1 Method Fast Growth 250ml,DRTank,Water Treatment,https://www.bing.com/images/search?q=DRTank%20DR%20Tank%20E1%20Method%20Fast%20Growth%20250ml,https://www.google.com/search?tbm=isch&q=DRTank%20DR%20Tank%20E1%20Method%20Fast%20Growth%20250ml,,AquaCube_06_DR_Tank_Fertilizers_SHOPIFY_COLLECTIONS.csv
DRTANKALGAE,dr-tank-algae-lite-remover-250ml,DR Tank ALGAE lite Remover 250ml,DRTank,Water Treatment,https://www.bing.com/images/search?q=DRTank%20DR%20Tank%20ALGAE%20lite%20Remover%20250ml,https://www.google.com/search?tbm=isch&q=DRTank%20DR%20Tank%20ALGAE%20lite%20Remover%20250ml,,AquaCube_06_DR_Tank_Fertilizers_SHOPIFY_COLLECTIONS.csv
DRTANKPLAN,dr-tank-planarian-remover-100ml,DR Tank Planarian Remover 100ml,DRTank,Water Treatment,https://www.bing.com/images/search?q=DRTank%20DR%20Tank%20Planarian%20Remover%20100ml,https://www.google.com/search?tbm=isch&q=DRTank%20DR%20Tank%20Planarian%20Remover%20100ml,,AquaCube_06_DR_Tank_Fertilizers_SHOPIFY_COLLECTIONS.csv
DRTANKSNAIL,dr-tank-snail-remover-100ml,DR Tank Snail Remover 100ml,DRTank,Water Treatment,https://www.bing.com/images/search?q=DRTank%20DR%20Tank%20Snail%20Remover%20100ml,https://www.google.com/search?tbm=isch&q=DRTank%20DR%20Tank%20Snail%20Remover%20100ml,,AquaCube_06_DR_Tank_Fertilizers_SHOPIFY_COLLECTIONS.csv
DRTANKBBA,dr-tank-bba-remover,DR Tank BBA Remover,DRTank,Water Treatment,https://www.bing.com/images/search?q=DRTank%20DR%20Tank%20BBA%20Remover,https://www.google.com/search?tbm=isch&q=DRTank%20DR%20Tank%20BBA%20Remover,,AquaCube_06_DR_Tank_Fertilizers_SHOPIFY_COLLECTIONS.csv
DRTANKSTAGHORN,dr-tank-staghorn-algae-remover,DR Tank Staghorn Algae Remover,DRTank,Water Treatment,https://www.bing.com/images/search?q=DRTank%20DR%20Tank%20Staghorn%20Algae%20Remover,https://www.google.com/search?tbm=isch&q=DRTank%20DR%20Tank%20Staghorn%20Algae%20Remover,,AquaCube_06_DR_Tank_Fertilizers_SHOPIFY_COLLECTIONS.csv
DRTANKCLADOPHORA,dr-tank-cladophora-algae-remover,DR Tank Cladophora Algae Remover,DRTank,Water Treatment,https://www.bing.com/images/search?q=DRTank%20DR%20Tank%20Cladophora%20Algae%20Remover,https://www.google.com/search?tbm=isch&q=DRTank%20DR%20Tank%20Cladophora%20Algae%20Remover,,AquaCube_06_DR_Tank_Fertilizers_SHOPIFY_COLLECTIONS.csv
DRTANKBGA,dr-tank-bga-remover,DR Tank BGA Remover,DRTank,Water Treatment,https://www.bing.com/images/search?q=DRTank%20DR%20Tank%20BGA%20Remover,https://www.google.com/search?tbm=isch&q=DRTank%20DR%20Tank%20BGA%20Remover,,AquaCube_06_DR_Tank_Fertilizers_SHOPIFY_COLLECTIONS.csv
DRTANKT1,dr-tank-t1-biobacter-tabs,DR Tank T1 BioBacter Tabs,DRTank,Water Treatment,https://www.bing.com/images/search?q=DRTank%20DR%20Tank%20T1%20BioBacter%20Tabs,https://www.google.com/search?tbm=isch&q=DRTank%20DR%20Tank%20T1%20BioBacter%20Tabs,,AquaCube_06_DR_Tank_Fertilizers_SHOPIFY_COLLECTIONS.csv
DRTANKT2,dr-tank-t2-chlorfree-tabs,DR Tank T2 ChlorFree Tabs,DRTank,Water Treatment,https://www.bing.com/images/search?q=DRTank%20DR%20Tank%20T2%20ChlorFree%20Tabs,https://www.google.com/search?tbm=isch&q=DRTank%20DR%20Tank%20T2%20ChlorFree%20Tabs,,AquaCube_06_DR_Tank_Fertilizers_SHOPIFY_COLLECTIONS.csv
DRTANKT3,dr-tank-t3-2-co2-fertilizer-tabs-100pcs,DR Tank T3-2 CO2 Fertilizer Tabs 100pcs,DRTank,Water Treatment,https://www.bing.com/images/search?q=DRTank%20DR%20Tank%20T3-2%20CO2%20Fertilizer%20Tabs%20100pcs,https://www.google.com/search?tbm=isch&q=DRTank%20DR%20Tank%20T3-2%20CO2%20Fertilizer%20Tabs%20100pcs,,AquaCube_06_DR_Tank_Fertilizers_SHOPIFY_COLLECTIONS.csv
DRTANKT4,dr-tank-t4-black-brush-algae-remover-tabs,DR Tank T4 Black Brush Algae Remover Tabs,DRTank,Water Treatment,https://www.bing.com/images/search?q=DRTank%20DR%20Tank%20T4%20Black%20Brush%20Algae%20Remover%20Tabs,https://www.google.com/search?tbm=isch&q=DRTank%20DR%20Tank%20T4%20Black%20Brush%20Algae%20Remover%20Tabs,,AquaCube_06_DR_Tank_Fertilizers_SHOPIFY_COLLECTIONS.csv
DRTANKT5,dr-tank-t5-algae-remover-tabs,DR Tank T5 Algae Remover Tabs,DRTank,Water Treatment,https://www.bing.com/images/search?q=DRTank%20DR%20Tank%20T5%20Algae%20Remover%20Tabs,https://www.google.com/search?tbm=isch&q=DRTank%20DR%20Tank%20T5%20Algae%20Remover%20Tabs,,AquaCube_06_DR_Tank_Fertilizers_SHOPIFY_COLLECTIONS.csv
DRTANKT6,dr-tank-t6-crystal-water-tabs,DR Tank T6 Crystal Water Tabs,DRTank,Water Treatment,https://www.bing.com/images/search?q=DRTank%20DR%20Tank%20T6%20Crystal%20Water%20Tabs,https://www.google.com/search?tbm=isch&q=DRTank%20DR%20Tank%20T6%20Crystal%20Water%20Tabs,,AquaCube_06_DR_Tank_Fertilizers_SHOPIFY_COLLECTIONS.csv
DRTANKT7,dr-tank-t7-snail-remover-tabs,DR Tank T7 Snail Remover Tabs,DRTank,Water Treatment,https://www.bing.com/images/search?q=DRTank%20DR%20Tank%20T7%20Snail%20Remover%20Tabs,https://www.google.com/search?tbm=isch&q=DRTank%20DR%20Tank%20T7%20Snail%20Remover%20Tabs,,AquaCube_06_DR_Tank_Fertilizers_SHOPIFY_COLLECTIONS.csv
DRTANKT8,dr-tank-t8-blue-green-algae-zero-tabs,DR Tank T8 Blue Green Algae ZERO Tabs,DRTank,Water Treatment,https://www.bing.com/images/search?q=DRTank%20DR%20Tank%20T8%20Blue%20Green%20Algae%20ZERO%20Tabs,https://www.google.com/search?tbm=isch&q=DRTank%20DR%20Tank%20T8%20Blue%20Green%20Algae%20ZERO%20Tabs,,AquaCube_06_DR_Tank_Fertilizers_SHOPIFY_COLLECTIONS.csv
DRTANKT9,dr-tank-t9-planarian-zero-tabs,DR Tank T9 Planarian Zero Tabs,DRTank,Water Treatment,https://www.bing.com/images/search?q=DRTank%20DR%20Tank%20T9%20Planarian%20Zero%20Tabs,https://www.google.com/search?tbm=isch&q=DRTank%20DR%20Tank%20T9%20Planarian%20Zero%20Tabs,,AquaCube_06_DR_Tank_Fertilizers_SHOPIFY_COLLECTIONS.csv
DRTANKT12,dr-tank-t12-white-spot-out-tabs,DR Tank T12 White Spot OUT Tabs,DRTank,Water Treatment,https://www.bing.com/images/search?q=DRTank%20DR%20Tank%20T12%20White%20Spot%20OUT%20Tabs,https://www.google.com/search?tbm=isch&q=DRTank%20DR%20Tank%20T12%20White%20Spot%20OUT%20Tabs,,AquaCube_06_DR_Tank_Fertilizers_SHOPIFY_COLLECTIONS.csv
DRTANKT13,dr-tank-t13-fish-waste-removal-tabs,DR Tank T13 Fish Waste Removal Tabs,DRTank,Water Treatment,https://www.bing.com/images/search?q=DRTank%20DR%20Tank%20T13%20Fish%20Waste%20Removal%20Tabs,https://www.google.com/search?tbm=isch&q=DRTank%20DR%20Tank%20T13%20Fish%20Waste%20Removal%20Tabs,,AquaCube_06_DR_Tank_Fertilizers_SHOPIFY_COLLECTIONS.csv
DRTANKEXG50,dr-tank-exg50-fast-growth-tabs,DR Tank EXG50 Fast Growth Tabs,DRTank,Water Treatment,https://www.bing.com/images/search?q=DRTank%20DR%20Tank%20EXG50%20Fast%20Growth%20Tabs,https://www.google.com/search?tbm=isch&q=DRTank%20DR%20Tank%20EXG50%20Fast%20Growth%20Tabs,,AquaCube_06_DR_Tank_Fertilizers_SHOPIFY_COLLECTIONS.csv
DRTANKEXV50,dr-tank-exv50-slower-growth-tabs,DR Tank EXV50 Slower Growth Tabs,DRTank,Water Treatment,https://www.bing.com/images/search?q=DRTank%20DR%20Tank%20EXV50%20Slower%20Growth%20Tabs,https://www.google.com/search?tbm=isch&q=DRTank%20DR%20Tank%20EXV50%20Slower%20Growth%20Tabs,,AquaCube_06_DR_Tank_Fertilizers_SHOPIFY_COLLECTIONS.csv
DRTANKBIO,dr-tank-biobacteria-stick,DR Tank BioBacteria Stick,DRTank,Water Treatment,https://www.bing.com/images/search?q=DRTank%20DR%20Tank%20BioBacteria%20Stick,https://www.google.com/search?tbm=isch&q=DRTank%20DR%20Tank%20BioBacteria%20Stick,,AquaCube_06_DR_Tank_Fertilizers_SHOPIFY_COLLECTIONS.csv
DRTANKSPROUT,dr-tank-sprout-stick,DR Tank Sprout Stick,DRTank,Water Treatment,https://www.bing.com/images/search?q=DRTank%20DR%20Tank%20Sprout%20Stick,https://www.google.com/search?tbm=isch&q=DRTank%20DR%20Tank%20Sprout%20Stick,,AquaCube_06_DR_Tank_Fertilizers_SHOPIFY_COLLECTIONS.csv
DRTANKVIVID,dr-tank-vivid-stick,DR Tank Vivid Stick,DRTank,Water Treatment,https://www.bing.com/images/search?q=DRTank%20DR%20Tank%20Vivid%20Stick,https://www.google.com/search?tbm=isch&q=DRTank%20DR%20Tank%20Vivid%20Stick,,AquaCube_06_DR_Tank_Fertilizers_SHOPIFY_COLLECTIONS.csv
DRTANKIRON,dr-tank-iron-stick,DR Tank Iron Stick,DRTank,Water Treatment,https://www.bing.com/images/search?q=DRTank%20DR%20Tank%20Iron%20Stick,https://www.google.com/search?tbm=isch&q=DRTank%20DR%20Tank%20Iron%20Stick,,AquaCube_06_DR_Tank_Fertilizers_SHOPIFY_COLLECTIONS.csv
DRTANKTRACK,dr-tank-track-stick,DR Tank Track Stick,DRTank,Water Treatment,https://www.bing.com/images/search?q=DRTank%20DR%20Tank%20Track%20Stick,https://www.google.com/search?tbm=isch&q=DRTank%20DR%20Tank%20Track%20Stick,,AquaCube_06_DR_Tank_Fertilizers_SHOPIFY_COLLECTIONS.csv
DRTANKN,dr-tank-n-nitrogen-tabs,Dr TANK N Nitrogen Tabs,DRTank,Water Treatment,https://www.bing.com/images/search?q=DRTank%20Dr%20TANK%20N%20Nitrogen%20Tabs,https://www.google.com/search?tbm=isch&q=DRTank%20Dr%20TANK%20N%20Nitrogen%20Tabs,,AquaCube_06_DR_Tank_Fertilizers_SHOPIFY_COLLECTIONS.csv
VOONLINE071,voonline-vl071-special-detergent-200ml,Voonline VL071 Special Detergent 200ml,Voonline,Maintenance,https://www.bing.com/images/search?q=Voonline%20Voonline%20VL071%20Special%20Detergent%20200ml,https://www.google.com/search?tbm=isch&q=Voonline%20Voonline%20VL071%20Special%20Detergent%20200ml,,AquaCube_07_Voonline_Crash_Accessories_SHOPIFY_COLLECTIONS.csv
VOONLINE050,voonline-vl050-aquarium-landscaping-sand,Voonline VL050 Aquarium Landscaping Sand,Voonline,Substrate,https://www.bing.com/images/search?q=Voonline%20Voonline%20VL050%20Aquarium%20Landscaping%20Sand,https://www.google.com/search?tbm=isch&q=Voonline%20Voonline%20VL050%20Aquarium%20Landscaping%20Sand,,AquaCube_07_Voonline_Crash_Accessories_SHOPIFY_COLLECTIONS.csv
VOONLINE051,voonline-vl051-aquarium-landscaping-sand,Voonline VL051 Aquarium Landscaping Sand,Voonline,Substrate,https://www.bing.com/images/search?q=Voonline%20Voonline%20VL051%20Aquarium%20Landscaping%20Sand,https://www.google.com/search?tbm=isch&q=Voonline%20Voonline%20VL051%20Aquarium%20Landscaping%20Sand,,AquaCube_07_Voonline_Crash_Accessories_SHOPIFY_COLLECTIONS.csv
VOONLINE052,voonline-vl052-aquarium-landscaping-sand,Voonline VL052 Aquarium Landscaping Sand,Voonline,Substrate,https://www.bing.com/images/search?q=Voonline%20Voonline%20VL052%20Aquarium%20Landscaping%20Sand,https://www.google.com/search?tbm=isch&q=Voonline%20Voonline%20VL052%20Aquarium%20Landscaping%20Sand,,AquaCube_07_Voonline_Crash_Accessories_SHOPIFY_COLLECTIONS.csv
VOONLINE053,voonline-vl053-aquarium-landscaping-rocks,Voonline VL053 Aquarium Landscaping Rocks,Voonline,Hardscape,https://www.bing.com/images/search?q=Voonline%20Voonline%20VL053%20Aquarium%20Landscaping%20Rocks,https://www.google.com/search?tbm=isch&q=Voonline%20Voonline%20VL053%20Aquarium%20Landscaping%20Rocks,,AquaCube_07_Voonline_Crash_Accessories_SHOPIFY_COLLECTIONS.csv
VOONLINE054,voonline-vl054-aquarium-landscaping-sand,Voonline VL054 Aquarium Landscaping Sand,Voonline,Substrate,https://www.bing.com/images/search?q=Voonline%20Voonline%20VL054%20Aquarium%20Landscaping%20Sand,https://www.google.com/search?tbm=isch&q=Voonline%20Voonline%20VL054%20Aquarium%20Landscaping%20Sand,,AquaCube_07_Voonline_Crash_Accessories_SHOPIFY_COLLECTIONS.csv
VOONLINE120,voonline-vl120-aquarium-landscaping-rocks,Voonline VL120 Aquarium Landscaping Rocks,Voonline,Hardscape,https://www.bing.com/images/search?q=Voonline%20Voonline%20VL120%20Aquarium%20Landscaping%20Rocks,https://www.google.com/search?tbm=isch&q=Voonline%20Voonline%20VL120%20Aquarium%20Landscaping%20Rocks,,AquaCube_07_Voonline_Crash_Accessories_SHOPIFY_COLLECTIONS.csv
VOONLINE248,voonline-vl248-aquarium-landscaping-rocks,Voonline VL248 Aquarium Landscaping Rocks,Voonline,Hardscape,https://www.bing.com/images/search?q=Voonline%20Voonline%20VL248%20Aquarium%20Landscaping%20Rocks,https://www.google.com/search?tbm=isch&q=Voonline%20Voonline%20VL248%20Aquarium%20Landscaping%20Rocks,,AquaCube_07_Voonline_Crash_Accessories_SHOPIFY_COLLECTIONS.csv
VOONLINE197,voonline-vl197-black-lava-rocks,Voonline VL197 Black Lava Rocks,Voonline,Hardscape,https://www.bing.com/images/search?q=Voonline%20Voonline%20VL197%20Black%20Lava%20Rocks,https://www.google.com/search?tbm=isch&q=Voonline%20Voonline%20VL197%20Black%20Lava%20Rocks,,AquaCube_07_Voonline_Crash_Accessories_SHOPIFY_COLLECTIONS.csv
VOONLINE198,voonline-vl198-red-lava-rocks,Voonline VL198 Red Lava Rocks,Voonline,Hardscape,https://www.bing.com/images/search?q=Voonline%20Voonline%20VL198%20Red%20Lava%20Rocks,https://www.google.com/search?tbm=isch&q=Voonline%20Voonline%20VL198%20Red%20Lava%20Rocks,,AquaCube_07_Voonline_Crash_Accessories_SHOPIFY_COLLECTIONS.csv
VOONLINE082,voonline-vl082-digital-thermometer-sticker,Voonline VL082 Digital Thermometer Sticker,Voonline,Maintenance,https://www.bing.com/images/search?q=Voonline%20Voonline%20VL082%20Digital%20Thermometer%20Sticker,https://www.google.com/search?tbm=isch&q=Voonline%20Voonline%20VL082%20Digital%20Thermometer%20Sticker,,AquaCube_07_Voonline_Crash_Accessories_SHOPIFY_COLLECTIONS.csv
VOONLINE6IN1,voonline-6in1-test-strips-50pcs,Voonline 6in1 Test Strips 50pcs,Voonline,Water Testing,https://www.bing.com/images/search?q=Voonline%20Voonline%206in1%20Test%20Strips%2050pcs,https://www.google.com/search?tbm=isch&q=Voonline%20Voonline%206in1%20Test%20Strips%2050pcs,,AquaCube_07_Voonline_Crash_Accessories_SHOPIFY_COLLECTIONS.csv
VOONLINE030,voonline-vl030-black-cleaning-towel,Voonline VL030 Black Cleaning Towel,Voonline,Maintenance,https://www.bing.com/images/search?q=Voonline%20Voonline%20VL030%20Black%20Cleaning%20Towel,https://www.google.com/search?tbm=isch&q=Voonline%20Voonline%20VL030%20Black%20Cleaning%20Towel,,AquaCube_07_Voonline_Crash_Accessories_SHOPIFY_COLLECTIONS.csv
VOONLINE101,voonline-vl101-aquarium-mat-40x40cm,Voonline VL101 Aquarium Mat 40x40cm,Voonline,Accessories,https://www.bing.com/images/search?q=Voonline%20Voonline%20VL101%20Aquarium%20Mat%2040x40cm,https://www.google.com/search?tbm=isch&q=Voonline%20Voonline%20VL101%20Aquarium%20Mat%2040x40cm,,AquaCube_07_Voonline_Crash_Accessories_SHOPIFY_COLLECTIONS.csv
VOONLINE102,voonline-vl102-aquarium-mat-45x30cm,Voonline VL102 Aquarium Mat 45x30cm,Voonline,Accessories,https://www.bing.com/images/search?q=Voonline%20Voonline%20VL102%20Aquarium%20Mat%2045x30cm,https://www.google.com/search?tbm=isch&q=Voonline%20Voonline%20VL102%20Aquarium%20Mat%2045x30cm,,AquaCube_07_Voonline_Crash_Accessories_SHOPIFY_COLLECTIONS.csv
VOONLINE104,voonline-vl104-aquarium-mat-60x30cm,Voonline VL104 Aquarium Mat 60x30cm,Voonline,Accessories,https://www.bing.com/images/search?q=Voonline%20Voonline%20VL104%20Aquarium%20Mat%2060x30cm,https://www.google.com/search?tbm=isch&q=Voonline%20Voonline%20VL104%20Aquarium%20Mat%2060x30cm,,AquaCube_07_Voonline_Crash_Accessories_SHOPIFY_COLLECTIONS.csv
VOONLINE109,voonline-vl109-aquarium-mat-90x45cm,Voonline VL109 Aquarium Mat 90x45cm,Voonline,Accessories,https://www.bing.com/images/search?q=Voonline%20Voonline%20VL109%20Aquarium%20Mat%2090x45cm,https://www.google.com/search?tbm=isch&q=Voonline%20Voonline%20VL109%20Aquarium%20Mat%2090x45cm,,AquaCube_07_Voonline_Crash_Accessories_SHOPIFY_COLLECTIONS.csv
VOONLINE112,voonline-vl112-aquarium-mat-120x45cm,Voonline VL112 Aquarium Mat 120x45cm,Voonline,Accessories,https://www.bing.com/images/search?q=Voonline%20Voonline%20VL112%20Aquarium%20Mat%20120x45cm,https://www.google.com/search?tbm=isch&q=Voonline%20Voonline%20VL112%20Aquarium%20Mat%20120x45cm,,AquaCube_07_Voonline_Crash_Accessories_SHOPIFY_COLLECTIONS.csv
VOONLINE190,voonline-vl190-aquarium-anti-jump-net-small,Voonline VL190 Aquarium Anti-jump Net Small,Voonline,Accessories,https://www.bing.com/images/search?q=Voonline%20Voonline%20VL190%20Aquarium%20Anti-jump%20Net%20Small,https://www.google.com/search?tbm=isch&q=Voonline%20Voonline%20VL190%20Aquarium%20Anti-jump%20Net%20Small,,AquaCube_07_Voonline_Crash_Accessories_SHOPIFY_COLLECTIONS.csv
VOONLINE191,voonline-vl191-aquarium-anti-jump-net-medium,Voonline VL191 Aquarium Anti-jump Net Medium,Voonline,Accessories,https://www.bing.com/images/search?q=Voonline%20Voonline%20VL191%20Aquarium%20Anti-jump%20Net%20Medium,https://www.google.com/search?tbm=isch&q=Voonline%20Voonline%20VL191%20Aquarium%20Anti-jump%20Net%20Medium,,AquaCube_07_Voonline_Crash_Accessories_SHOPIFY_COLLECTIONS.csv
VOONLINE192,voonline-vl192-aquarium-anti-jump-net-large,Voonline VL192 Aquarium Anti-jump Net Large,Voonline,Accessories,https://www.bing.com/images/search?q=Voonline%20Voonline%20VL192%20Aquarium%20Anti-jump%20Net%20Large,https://www.google.com/search?tbm=isch&q=Voonline%20Voonline%20VL192%20Aquarium%20Anti-jump%20Net%20Large,,AquaCube_07_Voonline_Crash_Accessories_SHOPIFY_COLLECTIONS.csv
VOONLINE256,voonline-vl256-aquarium-magnetic-anti-jump-net,Voonline VL256 Aquarium Magnetic Anti-jump Net,Voonline,Accessories,https://www.bing.com/images/search?q=Voonline%20Voonline%20VL256%20Aquarium%20Magnetic%20Anti-jump%20Net,https://www.google.com/search?tbm=isch&q=Voonline%20Voonline%20VL256%20Aquarium%20Magnetic%20Anti-jump%20Net,,AquaCube_07_Voonline_Crash_Accessories_SHOPIFY_COLLECTIONS.csv
VOONLINE258,voonline-vl258-aquarium-magnetic-anti-jump-net,Voonline VL258 Aquarium Magnetic Anti-jump Net,Voonline,Accessories,https://www.bing.com/images/search?q=Voonline%20Voonline%20VL258%20Aquarium%20Magnetic%20Anti-jump%20Net,https://www.google.com/search?tbm=isch&q=Voonline%20Voonline%20VL258%20Aquarium%20Magnetic%20Anti-jump%20Net,,AquaCube_07_Voonline_Crash_Accessories_SHOPIFY_COLLECTIONS.csv
VOONLINE188,voonline-vl188-mini-magnet-cleaner,Voonline VL188 Mini Magnet Cleaner,Voonline,Maintenance,https://www.bing.com/images/search?q=Voonline%20Voonline%20VL188%20Mini%20Magnet%20Cleaner,https://www.google.com/search?tbm=isch&q=Voonline%20Voonline%20VL188%20Mini%20Magnet%20Cleaner,,AquaCube_07_Voonline_Crash_Accessories_SHOPIFY_COLLECTIONS.csv
VOONLINE3IN1A,voonline-3in1-algae-scraper-42mm,Voonline 3in1 Algae Scraper 42mm,Voonline,Maintenance,https://www.bing.com/images/search?q=Voonline%20Voonline%203in1%20Algae%20Scraper%2042mm,https://www.google.com/search?tbm=isch&q=Voonline%20Voonline%203in1%20Algae%20Scraper%2042mm,,AquaCube_07_Voonline_Crash_Accessories_SHOPIFY_COLLECTIONS.csv
VOONLINE3IN1B,voonline-3in1-algae-scraper-62mm,Voonline 3in1 Algae Scraper 62mm,Voonline,Maintenance,https://www.bing.com/images/search?q=Voonline%20Voonline%203in1%20Algae%20Scraper%2062mm,https://www.google.com/search?tbm=isch&q=Voonline%20Voonline%203in1%20Algae%20Scraper%2062mm,,AquaCube_07_Voonline_Crash_Accessories_SHOPIFY_COLLECTIONS.csv
CRASHSEED001,crash-aquatic-seed-a-mini-cow-hair-grass,Crash Aquatic Seed A Mini Cow Hair Grass,Crash,Plants,https://www.bing.com/images/search?q=Crash%20Crash%20Aquatic%20Seed%20A%20Mini%20Cow%20Hair%20Grass,https://www.google.com/search?tbm=isch&q=Crash%20Crash%20Aquatic%20Seed%20A%20Mini%20Cow%20Hair%20Grass,,AquaCube_07_Voonline_Crash_Accessories_SHOPIFY_COLLECTIONS.csv
CRASHSEED002,crash-aquatic-seed-b-mini-pairs-of-leaves,Crash Aquatic Seed B Mini Pairs of Leaves,Crash,Plants,https://www.bing.com/images/search?q=Crash%20Crash%20Aquatic%20Seed%20B%20Mini%20Pairs%20of%20Leaves,https://www.google.com/search?tbm=isch&q=Crash%20Crash%20Aquatic%20Seed%20B%20Mini%20Pairs%20of%20Leaves,,AquaCube_07_Voonline_Crash_Accessories_SHOPIFY_COLLECTIONS.csv
CRASHSEED003,crash-aquatic-seed-c-round-leaves,Crash Aquatic Seed C Round Leaves,Crash,Plants,https://www.bing.com/images/search?q=Crash%20Crash%20Aquatic%20Seed%20C%20Round%20Leaves,https://www.google.com/search?tbm=isch&q=Crash%20Crash%20Aquatic%20Seed%20C%20Round%20Leaves,,AquaCube_07_Voonline_Crash_Accessories_SHOPIFY_COLLECTIONS.csv
CRASHSEED004,crash-aquatic-seed-d-colored-leaves,Crash Aquatic Seed D Colored Leaves,Crash,Plants,https://www.bing.com/images/search?q=Crash%20Crash%20Aquatic%20Seed%20D%20Colored%20Leaves,https://www.google.com/search?tbm=isch&q=Crash%20Crash%20Aquatic%20Seed%20D%20Colored%20Leaves,,AquaCube_07_Voonline_Crash_Accessories_SHOPIFY_COLLECTIONS.csv
CRASHSEED005,crash-aquatic-seed-e-love-grass,Crash Aquatic Seed E Love Grass,Crash,Plants,https://www.bing.com/images/search?q=Crash%20Crash%20Aquatic%20Seed%20E%20Love%20Grass,https://www.google.com/search?tbm=isch&q=Crash%20Crash%20Aquatic%20Seed%20E%20Love%20Grass,,AquaCube_07_Voonline_Crash_Accessories_SHOPIFY_COLLECTIONS.csv
FROZEDBRINE,freeze-dried-tubifex-worms-500ml,FREEZE DRIED TUBIFEX WORMS 500ml,Voonline,Food,https://www.bing.com/images/search?q=Voonline%20FREEZE%20DRIED%20TUBIFEX%20WORMS%20500ml,https://www.google.com/search?tbm=isch&q=Voonline%20FREEZE%20DRIED%20TUBIFEX%20WORMS%20500ml,,AquaCube_07_Voonline_Crash_Accessories_SHOPIFY_COLLECTIONS.csv
FROZEKRILL,voonline-freeze-dried-antarctic-krill,Voonline Freeze Dried Antarctic Krill,Voonline,Food,https://www.bing.com/images/search?q=Voonline%20Voonline%20Freeze%20Dried%20Antarctic%20Krill,https://www.google.com/search?tbm=isch&q=Voonline%20Voonline%20Freeze%20Dried%20Antarctic%20Krill,,AquaCube_07_Voonline_Crash_Accessories_SHOPIFY_COLLECTIONS.csv
ARTEMIA425G,aquamaster-artemia-cysts-brine-shrimp-eggs-425g,Aquamaster Artemia Cysts Brine Shrimp Eggs 425g,Aquamaster,Food,https://www.bing.com/images/search?q=Aquamaster%20Aquamaster%20Artemia%20Cysts%20Brine%20Shrimp%20Eggs%20425g,https://www.google.com/search?tbm=isch&q=Aquamaster%20Aquamaster%20Artemia%20Cysts%20Brine%20Shrimp%20Eggs%20425g,,AquaCube_07_Voonline_Crash_Accessories_SHOPIFY_COLLECTIONS.csv
