product_id,name,price,in_stock,product_url,image_url,sku_from_image
"21257","DYMAX 3 in 1 IQ MEDIA-FOR IQ AQUARIUM","R61.00 Excl. Vat","Yes","https://www.akwa.co.za/product/21257/","https://www.akwa.co.za/wp-content/uploads/2026/01/DYM0018-300x300.png","DYM0018"
"17716","DYMAX ALGAE BRUSHER 150ml","R65.00 Excl. Vat","Yes","https://www.akwa.co.za/product/dymax-algae-brusher-150ml/","https://www.akwa.co.za/wp-content/uploads/2025/01/DYM0168-e1748867199707-300x300.png","DYM0168"
"21246","DYMAX ALGAE BRUSHER 300ml","R99.00 Excl. Vat","Yes","https://www.akwa.co.za/product/dymax-algae-brusher-300ml/","https://www.akwa.co.za/wp-content/uploads/2026/01/DYM0066-300x300.png","DYM0066"
"","DYMAX ALGAE WAFERS SUPREME","R61.00 – R549.00Price range: R61.00 through R549.00 Excl. Vat","Yes","https://www.akwa.co.za/product/dymax-algae-wafers-supreme/","https://www.akwa.co.za/wp-content/uploads/2026/01/AlgaeWafersSupreme-300x300.png","AlgaeWafersSupreme"
"17717","DYMAX ANTI WHITE SPOT 150ml","R65.00 Excl. Vat","Yes","https://www.akwa.co.za/product/dymax-anti-white-spot-150ml/","https://www.akwa.co.za/wp-content/uploads/2025/01/DYM0169-e1748867173467-300x300.png","DYM0169"
"21250","DYMAX ANTI-WHITE SPOT 300ml","R99.00 Excl. Vat","Yes","https://www.akwa.co.za/product/dymax-anti-white-spot-300ml/","https://www.akwa.co.za/wp-content/uploads/2026/01/DYM0067-300x300.png","DYM0067"
"17714","DYMAX AQUA CLARITY 150ml","R63.00 Excl. Vat","Yes","https://www.akwa.co.za/product/dymax-aqua-clarity-150ml/","https://www.akwa.co.za/wp-content/uploads/2025/01/DYM0166-e1748867240326-300x300.png","DYM0166"
"21245","DYMAX AQUA CLARITY 300ml","R94.00 Excl. Vat","Yes","https://www.akwa.co.za/product/dymax-aqua-clarity-300ml/","https://www.akwa.co.za/wp-content/uploads/2026/01/DYM0064-300x300.png","DYM0064"
"","DYMAX AQUASCAPING TOOLS HOLDER","R77.00 Excl. Vat","Yes","https://www.akwa.co.za/product/dymax-aquascaping-tools-holder-8mm/","https://www.akwa.co.za/wp-content/uploads/2025/01/DYM0767-PACKAGE-e1748863112954-300x300.png","DYM0767-PACKAGE"
"17737","DYMAX BASE SOIL 1L","R73.00 Excl. Vat","Yes","https://www.akwa.co.za/product/dymax-base-soil-1l/","https://www.akwa.co.za/wp-content/uploads/2025/01/DYM0323-e1748866373117-300x300.png","DYM0323"
"17741","DYMAX BASE SOIL 3L","R198.50 Excl. Vat","Yes","https://www.akwa.co.za/product/dymax-base-soil-3l/","https://www.akwa.co.za/wp-content/uploads/2025/01/DYM0366-e1748866250222-300x300.png","DYM0366"
"17742","DYMAX BASE SOIL 9L","R496.50 Excl. Vat","Yes","https://www.akwa.co.za/product/dymax-base-soil-9l/","https://www.akwa.co.za/wp-content/uploads/2025/01/DYM0367-e1748866227667-300x300.png","DYM0367"
"21135","DYMAX BETTA GLORY 10g (24PCS)","R610.00 Excl. Vat","Yes","https://www.akwa.co.za/product/dymax-betta-glory-10g-24pcs/","https://www.akwa.co.za/wp-content/uploads/2026/01/DYM1014-300x300.png","DYM1014"
"21891","DYMAX BETTA GLORY 10g (6PCS)","R156.00 Excl. Vat","Yes","https://www.akwa.co.za/product/dymax-betta-glory-10g-6pcs/","https://www.akwa.co.za/wp-content/uploads/2026/03/DYM1013-300x300.png","DYM1013"
"21136","DYMAX BETTA GLORY 40g","R66.00 Excl. Vat","Yes","https://www.akwa.co.za/product/dymax-betta-glory-40g/","https://www.akwa.co.za/wp-content/uploads/2026/01/DYM1015-300x300.png","DYM1015"
"17732","DYMAX BLACK BIO SPONGE (32x12cm)","R65.50 Excl. Vat","Yes","https://www.akwa.co.za/product/dymax-black-bio-sponge-32x12cm/","https://www.akwa.co.za/wp-content/uploads/2025/01/DYM0237-e1748866540451-300x300.png","DYM0237"
"17729","DYMAX BLACK BIO SPONGE (60x45x5cm)","R126.00 Excl. Vat","Yes","https://www.akwa.co.za/product/dymax-black-bio-sponge-60x45x5cm/","https://www.akwa.co.za/wp-content/uploads/2025/01/DYM0218-PACKAGE-e1748866706266-300x300.png","DYM0218-PACKAGE"
"17730","DYMAX BLACK BIO SPONGE (60x45x5cm) x2","R137.00 Excl. Vat","Yes","https://www.akwa.co.za/product/dymax-black-bio-sponge-60x45x5cm-x2/","https://www.akwa.co.za/wp-content/uploads/2025/01/DYM0219-PACKAGE-e1748866634483-300x300.png","DYM0219-PACKAGE"
"17712","DYMAX BLACK WATER 150ml","R63.00 Excl. Vat","Yes","https://www.akwa.co.za/product/dymax-black-water-150ml/","https://www.akwa.co.za/wp-content/uploads/2025/01/DYM0165-e1748867266387-300x300.png","DYM0165"
"17733","DYMAX BLUE MAT (32×12)","R49.50 Excl. Vat","Yes","https://www.akwa.co.za/product/dymax-blue-mat-32x12/","https://www.akwa.co.za/wp-content/uploads/2025/01/DYM0238-e1748866491161-300x300.png","DYM0238"
"","DYMAX BOTTOM FEEDER ELITE","R61.00 – R453.00Price range: R61.00 through R453.00 Excl. Vat","Yes","https://www.akwa.co.za/product/dymax-bottom-feeder-elite/","https://www.akwa.co.za/wp-content/uploads/2026/01/BottomFeederElite-300x300.png","BottomFeederElite"
"17771","DYMAX CERAMIC DISC S/S DIFFUSER 24mm","R42.50 Excl. Vat","Yes","https://www.akwa.co.za/product/dymax-ceramic-disc-s-s-diffuser-24mm/","https://www.akwa.co.za/wp-content/uploads/2025/01/DYM0589-e1748865005772-300x300.png","DYM0589"
"17772","DYMAX CERAMIC DISC S/S DIFFUSER 36mm","R53.00 Excl. Vat","Yes","https://www.akwa.co.za/product/dymax-ceramic-disc-s-s-diffuser-36mm/","https://www.akwa.co.za/wp-content/uploads/2025/01/DYM0590-e1748864969519-300x300.png","DYM0590"
"","DYMAX CICHLID MAX","R122.00 – R288.00Price range: R122.00 through R288.00 Excl. Vat","Yes","https://www.akwa.co.za/product/dymax-cichlid-max/","https://www.akwa.co.za/wp-content/uploads/2026/01/CichlidMax-300x300.png","CichlidMax"
"","DYMAX CICHLID PREMIUM","R105.00 – R240.00Price range: R105.00 through R240.00 Excl. Vat","Yes","https://www.akwa.co.za/product/dymax-cichlid-premium/","https://www.akwa.co.za/wp-content/uploads/2026/01/CichlidPremium-300x300.png","CichlidPremium"
"17802","DYMAX CLEAR MIX 100ml","R129.50 Excl. Vat","Yes","https://www.akwa.co.za/product/dymax-clear-mix-100ml/","https://www.akwa.co.za/wp-content/uploads/2025/01/DYM0744-e1748863663214-300x300.png","DYM0744"
"17756","DYMAX CLEAR X POWDER – 5 PACK","R85.00 Excl. Vat","Yes","https://www.akwa.co.za/product/dymax-clear-x-powder-5-pack/","https://www.akwa.co.za/wp-content/uploads/2025/01/DYM0526-e1748865915900-300x300.png","DYM0526"
"21258","DYMAX CLEAR-MIX 500ml","R358.00 Excl. Vat","Yes","https://www.akwa.co.za/product/dymax-clear-mix-500ml/","https://www.akwa.co.za/wp-content/uploads/2026/01/DYM0085-300x300.png","DYM0085"
"17739","DYMAX CLIP-ON EASY LIGHT 4W","R103.00 Excl. Vat","Yes","https://www.akwa.co.za/product/dymax-clip-on-easy-light-4w/","https://www.akwa.co.za/wp-content/uploads/2025/01/DYM0337-1-e1748866357474-300x300.png","DYM0337-1"
"17740","DYMAX CLIP-ON EASY LIGHT 6W","R116.50 Excl. Vat","Yes","https://www.akwa.co.za/product/dymax-clip-on-easy-light-6w/","https://www.akwa.co.za/wp-content/uploads/2025/01/DYM0338-e1748866281934-300x300.png","DYM0338"
"17743","DYMAX CO2 ATOMIZER CA-112","R77.00 Excl. Vat","Yes","https://www.akwa.co.za/product/dymax-co2-atomizer-ca-112/","https://www.akwa.co.za/wp-content/uploads/2025/01/DYM0368-300x300.png","DYM0368"
"17697","DYMAX CO2 BUBBLE COUNTER","R44.50 Excl. Vat","Yes","https://www.akwa.co.za/product/dymax-co2-bubble-counter/","https://www.akwa.co.za/wp-content/uploads/2025/01/DYM0051-e1748867776412-300x300.png","DYM0051"
"17788","DYMAX CO2 BUBBLE COUNTER-DOUBLE END","R121.50 Excl. Vat","Yes","https://www.akwa.co.za/product/dymax-co2-bubble-counter-double-end/","https://www.akwa.co.za/wp-content/uploads/2025/01/DYM0608-BOX-1-e1749539216861-300x300.png","DYM0608-BOX-1"
"17797","DYMAX CO2 BUBBLE COUNTER-SINGLE END","R121.50 Excl. Vat","Yes","https://www.akwa.co.za/product/dymax-co2-bubble-counter-single-end/","https://www.akwa.co.za/wp-content/uploads/2025/01/DYM0706-e1748863963950-300x300.png","DYM0706"
"17785","DYMAX CO2 INDICATOR SOLUTION 10ml","R65.00 Excl. Vat","Yes","https://www.akwa.co.za/product/dymax-co2-indicator-solution-10ml/","https://www.akwa.co.za/wp-content/uploads/2025/01/DYM0606-e1748864390713-300x300.png","DYM0606"
"17696","DYMAX CO2 PLASTIC ATOMIZER 26mm","R77.00 Excl. Vat","Yes","https://www.akwa.co.za/product/dymax-co2-plastic-atomizer-26mm/","https://www.akwa.co.za/wp-content/uploads/2025/01/DYM0050-e1748867821264-300x300.png","DYM0050"
"17751","DYMAX CO2 PRO REGULATOR RX-123","R1,172.00 Excl. Vat","Yes","https://www.akwa.co.za/product/dymax-co2-pro-regulator-rx-123/","https://www.akwa.co.za/wp-content/uploads/2025/01/DYM0412-e1748866045172-300x300.png","DYM0412"
"17798","DYMAX CO2 SPLITTER 3-WAY","R550.00 Excl. Vat","Yes","https://www.akwa.co.za/product/dymax-co2-splitter-3-way/","https://www.akwa.co.za/wp-content/uploads/2025/01/DYM0717-e1748863901589-300x300.png","DYM0717"
"17699","DYMAX CO2 TABLETS (20TABS/BOX)","R107.50 Excl. Vat","Yes","https://www.akwa.co.za/product/dymax-co2-tablets-20tabs-box/","https://www.akwa.co.za/wp-content/uploads/2025/01/DYM0055-e1748867699105-300x300.png","DYM0055"
"","DYMAX COLOUR PLUS","R109.00 – R1,071.00Price range: R109.00 through R1,071.00 Excl. Vat","Yes","https://www.akwa.co.za/product/dymax-colour-plus/","https://www.akwa.co.za/wp-content/uploads/2026/01/ColourPlus-300x300.png","ColourPlus"
"17728","DYMAX COMPOSEAL BEIGE 25g","R44.50 Excl. Vat","Yes","https://www.akwa.co.za/product/dymax-composeal-beige-25g/","https://www.akwa.co.za/wp-content/uploads/2025/01/DYM0217-FRONT-e1748866730795-300x300.png","DYM0217-FRONT"
"17707","DYMAX COMPOSEAL BEIGE 50g","R73.00 Excl. Vat","Yes","https://www.akwa.co.za/product/dymax-composeal-beige-50g/","https://www.akwa.co.za/wp-content/uploads/2025/01/DYM0158-FRONT-e1748867395191-300x300.png","DYM0158-FRONT"
"17723","DYMAX COMPOSEAL BROWN 25g","R44.50 Excl. Vat","Yes","https://www.akwa.co.za/product/dymax-composeal-brown-25g/","https://www.akwa.co.za/wp-content/uploads/2025/01/DYM0175-FRONT-e1748866908262-300x300.png","DYM0175-FRONT"
"17722","DYMAX COMPOSEAL BROWN 50g","R73.00 Excl. Vat","Yes","https://www.akwa.co.za/product/dymax-composeal-brown-50g/","https://www.akwa.co.za/wp-content/uploads/2025/01/DYM0174-FRONT-e1748866950881-300x300.png","DYM0174-FRONT"
"17721","DYMAX COMPOSEAL DARK GREY 25g","R44.50 Excl. Vat","Yes","https://www.akwa.co.za/product/dymax-composeal-dark-grey-25g/","https://www.akwa.co.za/wp-content/uploads/2025/01/DYM0173-FRONT-e1748866995664-300x300.png","DYM0173-FRONT"
"17720","DYMAX COMPOSEAL DARK GREY 50g","R73.00 Excl. Vat","Yes","https://www.akwa.co.za/product/dymax-composeal-dark-grey-50g/","https://www.akwa.co.za/wp-content/uploads/2025/01/DYM0172-FRONT-e1748867062562-300x300.png","DYM0172-FRONT"
"21266","DYMAX CORAL FRAG CUTTER","R510.00 Excl. Vat","Yes","https://www.akwa.co.za/product/dymax-coral-frag-cutter/","https://www.akwa.co.za/wp-content/uploads/2026/01/DYM0288-300x300.png","DYM0288"
"21267","DYMAX CORAL SNIPPER","R435.00 Excl. Vat","Yes","https://www.akwa.co.za/product/dymax-coral-snipper/","https://www.akwa.co.za/wp-content/uploads/2026/01/DYM0289-300x300.png","DYM0289"
"17775","DYMAX CRYSTAL CO2 INDICATOR-LARGE","R80.50 Excl. Vat","Yes","https://www.akwa.co.za/product/dymax-crystal-co2-indicator-large/","https://www.akwa.co.za/wp-content/uploads/2025/01/DYM0593-e1748864755243-300x300.png","DYM0593"
"17776","DYMAX CRYSTAL CO2 INDICATOR-SMALL","R67.50 Excl. Vat","Yes","https://www.akwa.co.za/product/dymax-crystal-co2-indicator-small/","https://www.akwa.co.za/wp-content/uploads/2025/01/DYM0593-e1748864755243-300x300.png","DYM0593"
"17786","DYMAX CRYSTAL CULTIVATING POT","R55.00 Excl. Vat","Yes","https://www.akwa.co.za/product/dymax-crystal-cultivating-pot/","https://www.akwa.co.za/wp-content/uploads/2025/01/DYM0607-BOX-e1748864362544-300x300.png","DYM0607-BOX"
"17769","DYMAX CRYSTAL LILY PIPE 12/16mm","R375.50 Excl. Vat","Yes","https://www.akwa.co.za/product/dymax-crystal-lily-pipe-12-16mm/","https://www.akwa.co.za/wp-content/uploads/2025/01/DYM0587-e1748865106570-300x300.png","DYM0587"
"17770","DYMAX CRYSTAL LILY PIPE 16/22mm","R396.50 Excl. Vat","Yes","https://www.akwa.co.za/product/dymax-crystal-lily-pipe-16-22mm/","https://www.akwa.co.za/wp-content/uploads/2025/01/DYM0588-300x300.png","DYM0588"
"17773","DYMAX CRYSTAL LILY PIPE SKIM 12/16mm","R632.50 Excl. Vat","Yes","https://www.akwa.co.za/product/dymax-crystal-lily-pipe-skim-12-16mm/","https://www.akwa.co.za/wp-content/uploads/2025/01/DYM0591-e1748864892645-300x300.png","DYM0591"
"17774","DYMAX CRYSTAL LILY PIPE SKIM 16/22mm","R695.50 Excl. Vat","Yes","https://www.akwa.co.za/product/dymax-crystal-lily-pipe-skim-16-22mm/","https://www.akwa.co.za/wp-content/uploads/2025/01/DYM0592-e1748864842290-300x300.png","DYM0592"
"21131","DYMAX CRYSTAL SHRIMP 10g (24BTLS/BOX)","R653.00 Excl. Vat","Yes","https://www.akwa.co.za/product/dymax-crystal-shrimp-10g-24btls-box/","https://www.akwa.co.za/wp-content/uploads/2026/01/DYM1011-300x300.png","DYM1011"
"21888","DYMAX CRYSTAL SHRIMP 10g (6PCS)","R167.00 Excl. Vat","Yes","https://www.akwa.co.za/product/dymax-crystal-shrimp-10g-6pcs/","https://www.akwa.co.za/wp-content/uploads/2026/03/DYM1010-300x300.png","DYM1010"
"21133","DYMAX CRYSTAL SHRIMP EXCELLENT 50g","R83.00 Excl. Vat","Yes","https://www.akwa.co.za/product/dymax-crystal-shrimp-excellent-50g/","https://www.akwa.co.za/wp-content/uploads/2026/01/DYM1012-300x300.png","DYM1012"
"17731","DYMAX DIGITAL THERMOMETER","R73.00 Excl. Vat","Yes","https://www.akwa.co.za/product/dymax-digital-thermometer/","https://www.akwa.co.za/wp-content/uploads/2025/01/DYM0229-e1748866589708-300x300.png","DYM0229"
"","DYMAX DISCUS GOLD","R70.00 – R362.00Price range: R70.00 through R362.00 Excl. Vat","Yes","https://www.akwa.co.za/product/dymax-discus-gold/","https://www.akwa.co.za/wp-content/uploads/2026/01/DiscusGold-300x300.png","DiscusGold"
"17725","DYMAX DOUBLE FILTER SOCK HOLDER 4","R248.50 Excl. Vat","Yes","https://www.akwa.co.za/product/dymax-double-filter-sock-holder-4/","https://www.akwa.co.za/wp-content/uploads/2025/01/DYM0181-e1748866826363-300x300.png","DYM0181"
"17799","DYMAX ECLIPSE X LIGHT-FLORA","R696.50 Excl. Vat","Yes","https://www.akwa.co.za/product/dymax-eclipse-x-light-flora/","https://www.akwa.co.za/wp-content/uploads/2025/01/DYM0719-e1748863833602-300x300.png","DYM0719"
"17724","DYMAX FILTER SOCK HOLDER 4","R145.50 Excl. Vat","Yes","https://www.akwa.co.za/product/dymax-filter-sock-holder-4/","https://www.akwa.co.za/wp-content/uploads/2025/01/DYM0180-e1748866869498-300x300.png","DYM0180"
"17727","DYMAX FILTER SOCK HOLDER 7","R283.00 Excl. Vat","Yes","https://www.akwa.co.za/product/dymax-filter-sock-holder-7/","https://www.akwa.co.za/wp-content/uploads/2025/01/DYM0182-e1748866776279-300x300.png","DYM0182"
"17791","DYMAX FILTER SOCKS 4","R73.00 Excl. Vat","Yes","https://www.akwa.co.za/product/dymax-filter-socks-4/","https://www.akwa.co.za/wp-content/uploads/2025/01/DYM0615-e1748864154387-300x300.png","DYM0615"
"17706","DYMAX FILTER SOCKS 7","R101.50 Excl. Vat","Yes","https://www.akwa.co.za/product/dymax-filter-socks-7/","https://www.akwa.co.za/wp-content/uploads/2025/01/DYM0157-e1748867440212-300x300.png","DYM0157"
"17789","DYMAX FLEXZ 5 LED","R461.00 Excl. Vat","Yes","https://www.akwa.co.za/product/dymax-flexz-5-led/","https://www.akwa.co.za/wp-content/uploads/2025/01/DYM0610-e1748864249874-300x300.png","DYM0610"
"17709","DYMAX FLORA GEL GLUE 20g","R84.00 Excl. Vat","Yes","https://www.akwa.co.za/product/dymax-flora-gel-glue-20g/","https://www.akwa.co.za/wp-content/uploads/2025/01/DYM0159-e1748867372833-300x300.png","DYM0159"
"17801","DYMAX FLORA SCAPING GLUE 20g (24PCS)","R727.50 Excl. Vat","Yes","https://www.akwa.co.za/product/dymax-flora-scaping-glue-20g-24pcs/","https://www.akwa.co.za/wp-content/uploads/2025/01/DYM0743-e1748863705633-300x300.png","DYM0743"
"17718","DYMAX FUNGUS TREAT 150ml","R65.00 Excl. Vat","Yes","https://www.akwa.co.za/product/dymax-fungus-treat-150ml/","https://www.akwa.co.za/wp-content/uploads/2025/01/DYM0170-300x300.png","DYM0170"
"21252","DYMAX FUNGUS TREAT 300ml","R99.00 Excl. Vat","Yes","https://www.akwa.co.za/product/dymax-fungus-treat-300ml/","https://www.akwa.co.za/wp-content/uploads/2026/01/DYM0068-300x300.png","DYM0068"
"17807","DYMAX GLASS ATOMIZER GA102","R109.50 Excl. Vat","Yes","https://www.akwa.co.za/product/dymax-glass-atomizer-ga102/","https://www.akwa.co.za/wp-content/uploads/2025/01/DYM0759-e1748863359869-300x300.png","DYM0759"
"17698","DYMAX GLASS ATOMIZER GA102S","R111.50 Excl. Vat","Yes","https://www.akwa.co.za/product/dymax-glass-atomizer-ga102s/","https://www.akwa.co.za/wp-content/uploads/2025/01/DYM0052-e1748867720296-300x300.png","DYM0052"
"17810","DYMAX GLASS ATOMIZER GA104","R226.50 Excl. Vat","Yes","https://www.akwa.co.za/product/dymax-glass-atomizer-ga104/","https://www.akwa.co.za/wp-content/uploads/2025/01/DYM0761-e1748863313222-300x300.png","DYM0761"
"17735","DYMAX GLASS ATOMIZER GA104XL","R321.00 Excl. Vat","Yes","https://www.akwa.co.za/product/dymax-glass-atomizer-ga104xl/","https://www.akwa.co.za/wp-content/uploads/2025/01/DYM0287-e1748866396868-300x300.png","DYM0287"
"17813","DYMAX GLASS ATOMIZER GA106","R160.00 Excl. Vat","Yes","https://www.akwa.co.za/product/dymax-glass-atomizer-ga106/","https://www.akwa.co.za/wp-content/uploads/2025/01/DYM0762-e1748863262530-300x300.png","DYM0762"
"","DYMAX GOLDFISH EXCEL","R53.00 – R514.00Price range: R53.00 through R514.00 Excl. Vat","Yes","https://www.akwa.co.za/product/dymax-goldfish-excel/","https://www.akwa.co.za/wp-content/uploads/2026/01/GoldfishExcel-300x300.png","GoldfishExcel"
"","DYMAX GOLDFISH FLAKES EXCEL","R48.00 – R74.00Price range: R48.00 through R74.00 Excl. Vat","Yes","https://www.akwa.co.za/product/dymax-goldfish-flakes-excell/","https://www.akwa.co.za/wp-content/uploads/2026/01/GoldfishFlakesExcel-300x300.png","GoldfishFlakesExcel"
"21238","DYMAX GS-30 LID","R114.00 Excl. Vat","Yes","https://www.akwa.co.za/product/dymax-gs-30-lid/","https://www.akwa.co.za/wp-content/uploads/2026/01/DYM0751-300x300.png","DYM0751"
"21233","DYMAX GS3 CUBEY AQUARIUM-FRESHWATER (10.5L)","R1,175.00 Excl. Vat","Yes","https://www.akwa.co.za/product/dymax-gs3-cubey-aquarium-freshwater/","https://www.akwa.co.za/wp-content/uploads/2026/01/DYM0487-300x300.png","DYM0487"
"21237","DYMAX GS30 AQUARIUM – CRYSTAL WHITE","R1,543.00 Excl. Vat","Yes","https://www.akwa.co.za/product/dymax-gs30-aquarium-crystal-white/","https://www.akwa.co.za/wp-content/uploads/2026/01/DYM0684-300x300.png","DYM0684"
"21236","DYMAX GS30 AQUARIUM – MONO BLACK","R1,543.00 Excl. Vat","Yes","https://www.akwa.co.za/product/dymax-gs30-aquarium-mono-black/","https://www.akwa.co.za/wp-content/uploads/2026/01/DYM0683-300x300.png","DYM0683"
"21234","DYMAX GS5 CUBEY AQUARIUM-MARINE (19.5L)","R1,496.00 Excl. Vat","Yes","https://www.akwa.co.za/product/dymax-gs5-cubey-aquarium-marine/","https://www.akwa.co.za/wp-content/uploads/2026/01/DYM0488-300x300.png","DYM0488"
"21235","DYMAX GS7 CUBEY AQUARIUM-MARINE (32.5L)","R1,674.00 Excl. Vat","Yes","https://www.akwa.co.za/product/dymax-gs7-cubey-aquarium-marine/","https://www.akwa.co.za/wp-content/uploads/2026/01/DYM0489-300x300.png","DYM0489"
"17777","DYMAX HOSE PIPE BRUSH","R77.00 Excl. Vat","Yes","https://www.akwa.co.za/product/dymax-hose-pipe-brush/","https://www.akwa.co.za/wp-content/uploads/2025/01/DYM0595-e1748864724280-300x300.png","DYM0595"
"17715","DYMAX INSTANT BACTEREUM 150ml","R63.00 Excl. Vat","Yes","https://www.akwa.co.za/product/dymax-instant-bactereum-150ml/","https://www.akwa.co.za/wp-content/uploads/2025/01/DYM0167-e1748867223119-300x300.png","DYM0167"
"17794","DYMAX INSTANT BACTEREUM 300ml","R99.00 Excl. Vat","Yes","https://www.akwa.co.za/product/dymax-instant-bactereum-300ml/","https://www.akwa.co.za/wp-content/uploads/2025/01/DYM0693-e1748864062887-300x300.png","DYM0693"
"17711","DYMAX INSTANT START 150ml","R63.00 Excl. Vat","Yes","https://www.akwa.co.za/product/dymax-instant-start-150ml/","https://www.akwa.co.za/wp-content/uploads/2025/01/DYM0164-300x300.png","DYM0164"
"17701","DYMAX INSTANT START 300ml","R99.00 Excl. Vat","Yes","https://www.akwa.co.za/product/dymax-instant-start-300ml/","https://www.akwa.co.za/wp-content/uploads/2025/01/DYM0062-e1748867653539-300x300.png","DYM0062"
"17704","DYMAX IQ INLET STRAINER – IQ3","R97.00 Excl. Vat","Yes","https://www.akwa.co.za/product/dymax-iq-inlet-strainer-iq3/","https://www.akwa.co.za/wp-content/uploads/2025/01/DYM0153-e1748867570573-300x300.png","DYM0153"
"17705","DYMAX IQ INLET STRAINER – IQ5 & IQ7","R105.50 Excl. Vat","Yes","https://www.akwa.co.za/product/dymax-iq-inlet-strainer-iq5-iq7/","https://www.akwa.co.za/wp-content/uploads/2025/01/DYM0154-e1748867516226-300x300.png","DYM0154"
"17688","DYMAX IQ MINI SKIMMER","R347.50 Excl. Vat","Yes","https://www.akwa.co.za/product/dymax-iq-mini-skimmer/","https://www.akwa.co.za/wp-content/uploads/2025/01/DYM0010-e1748868050643-300x300.png","DYM0010"
"17734","DYMAX IQ MINI SKIMMER REPLACEMENT 2pc","R93.00 Excl. Vat","Yes","https://www.akwa.co.za/product/dymax-iq-mini-skimmer-replacement-2pc/","https://www.akwa.co.za/wp-content/uploads/2025/01/DYM0261-e1748866438520-300x300.png","DYM0261"
"17692","DYMAX IQ POLISHING PASTE","R83.00 Excl. Vat","Yes","https://www.akwa.co.za/product/dymax-iq-polishing-paste/","https://www.akwa.co.za/wp-content/uploads/2025/01/DYM0015-e1748867940766-300x300.png","DYM0015"
"17695","DYMAX IQ SPRAY BAR","R38.50 Excl. Vat","Yes","https://www.akwa.co.za/product/dymax-iq-spray-bar/","https://www.akwa.co.za/wp-content/uploads/2025/01/DYM0020-e1748867862981-300x300.png","DYM0020"
"17689","DYMAX IQ3 LID","R69.00 Excl. Vat","Yes","https://www.akwa.co.za/product/dymax-iq3-lid/","https://www.akwa.co.za/wp-content/uploads/2025/01/DYM0013-BOX-e1748868026129-300x300.png","DYM0013-BOX"
"21220","DYMAX IQ3 MINI ACRYLIC AQUARIUM-BLACK","R1,117.00 Excl. Vat","Yes","https://www.akwa.co.za/product/dymax-iq3-mini-acrylic-aquarium-black/","https://www.akwa.co.za/wp-content/uploads/2026/01/DYM0001-300x300.png","DYM0001"
"17683","DYMAX IQ3 MINI ACRYLIC AQUARIUM-WHITE (7L)","R1,117.00 Excl. Vat","Yes","https://www.akwa.co.za/product/dymax-iq3-mini-acrylic-aquarium-white-7l/","https://www.akwa.co.za/wp-content/uploads/2025/01/DYM0002-300x300.png","DYM0002"
"17690","DYMAX IQ5 LID","R81.00 Excl. Vat","Yes","https://www.akwa.co.za/product/dymax-iq5-lid/","https://www.akwa.co.za/wp-content/uploads/2025/01/DYM0014-BOX-e1748867996690-300x300.png","DYM0014-BOX"
"17686","DYMAX IQ5 MINI ACRYLIC AQUARIUM-BLACK (13L)","R1,531.00 Excl. Vat","Yes","https://www.akwa.co.za/product/dymax-iq5-mini-acrylic-aquarium-black-13l/","https://www.akwa.co.za/wp-content/uploads/2025/01/DYM0007-e1748868093200-300x300.png","DYM0007"
"17757","DYMAX IQ7 LID","R150.00 Excl. Vat","Yes","https://www.akwa.co.za/product/dymax-iq7-lid/","https://www.akwa.co.za/wp-content/uploads/2025/01/DYM0528-BOX-e1748865892854-300x300.png","DYM0528-BOX"
"17747","DYMAX IQ7 MINI ACRYLIC AQUARIUM BLACK (18L)","R1,832.50 Excl. Vat","Yes","https://www.akwa.co.za/product/dymax-iq7-mini-acrylic-aquarium-black-18l/","https://www.akwa.co.za/wp-content/uploads/2025/01/DYM0384-e1748866117994-300x300.png","DYM0384"
"17748","DYMAX IQ7 MINI ACRYLIC AQUARIUM WHITE (18L)","R1,835.50 Excl. Vat","Yes","https://www.akwa.co.za/product/dymax-iq7-mini-acrylic-aquarium-white-18l/","https://www.akwa.co.za/wp-content/uploads/2025/01/DYM0385-300x300.png","DYM0385"
"21232","DYMAX IQ9 LID","R130.00 Excl. Vat","Yes","https://www.akwa.co.za/product/dymax-iq9-lid/","https://www.akwa.co.za/wp-content/uploads/2026/01/DYM0152-300x300.png","DYM0152"
"21223","DYMAX IQ9 MINI AQUARIUM-FRESHWATER","R4,887.00 Excl. Vat","Yes","https://www.akwa.co.za/product/dymax-iq9-mini-aquarium-freshwater/","https://www.akwa.co.za/wp-content/uploads/2026/01/DYM0697-300x300.png","DYM0697"
"21230","DYMAX IQ9 MINI AQUARIUM-MARINE","R4,887.00 Excl. Vat","Yes","https://www.akwa.co.za/product/dymax-iq9-mini-aquarium-marine/","https://www.akwa.co.za/wp-content/uploads/2026/01/DYM0701-300x300.png","DYM0701"
"","DYMAX JUMBO ACHIEVE","R135.00 – R383.00Price range: R135.00 through R383.00 Excl. Vat","Yes","https://www.akwa.co.za/product/dymax-jumbo-achieve/","https://www.akwa.co.za/wp-content/uploads/2026/01/JumboAchieve-300x300.png","JumboAchieve"
"17784","DYMAX LILY PIPE HOLDER (2PCS/PKT)","R65.00 Excl. Vat","Yes","https://www.akwa.co.za/product/dymax-lily-pipe-holder-2pcs-pkt/","https://www.akwa.co.za/wp-content/uploads/2025/01/DYM0605-e1748864459865-300x300.png","DYM0605"
"","DYMAX MAG-SCRAPER","R160.00 – R335.00Price range: R160.00 through R335.00 Excl. Vat","Yes","https://www.akwa.co.za/product/dymax-mag-scraper/","https://www.akwa.co.za/wp-content/uploads/2026/01/DYM0453-BOX-300x300.png","DYM0453-BOX"
"21263","DYMAX MAG-SCRAPER BLADE (2PCS/PKT)","R16.00 Excl. Vat","Yes","https://www.akwa.co.za/product/dymax-mag-scraper-blade-2pcs-pkt/","https://www.akwa.co.za/wp-content/uploads/2026/01/DYM0718-300x300.png","DYM0718"
"","DYMAX MARINE COMPLETE","R79.00 – R370.00Price range: R79.00 through R370.00 Excl. Vat","Yes","https://www.akwa.co.za/product/dymax-marine-complete/","https://www.akwa.co.za/wp-content/uploads/2026/01/MarineComplete-300x300.png","MarineComplete"
"21239","DYMAX MARINE COMPOSEAL PURPLE 25g","R50.00 Excl. Vat","Yes","https://www.akwa.co.za/product/dymax-marine-composeal-purple-25g/","https://www.akwa.co.za/wp-content/uploads/2026/01/DYM0871-300x300.png","DYM0871"
"","DYMAX MARINE SUPERIOR","R74.00 – R362.00Price range: R74.00 through R362.00 Excl. Vat","Yes","https://www.akwa.co.za/product/dymax-marine-superior/","https://www.akwa.co.za/wp-content/uploads/2026/01/MarineSuperior-300x300.png","MarineSuperior"
"","DYMAX MASSIVE ACHIEVE","R135.00 – R766.00Price range: R135.00 through R766.00 Excl. Vat","Yes","https://www.akwa.co.za/product/dymax-massive-achieve/","https://www.akwa.co.za/wp-content/uploads/2026/01/MassiveAchieve-300x300.png","MassiveAchieve"
"17693","DYMAX MINI ALGAE SCRAPER","R93.00 Excl. Vat","Yes","https://www.akwa.co.za/product/dymax-mini-algae-scraper/","https://www.akwa.co.za/wp-content/uploads/2025/01/DYM0017-e1748867899231-300x300.png","DYM0017"
"17755","DYMAX MINI MAG – IQ","R141.50 Excl. Vat","Yes","https://www.akwa.co.za/product/dymax-mini-mag-iq/","https://www.akwa.co.za/wp-content/uploads/2025/01/DYM0486-e1748865956727-300x300.png","DYM0486"
"17746","DYMAX MINI VAC","R81.00 Excl. Vat","Yes","https://www.akwa.co.za/product/dymax-mini-vac/","https://www.akwa.co.za/wp-content/uploads/2025/01/DYM0372-e1748866158496-300x300.png","DYM0372"
"17710","DYMAX REEF BOND GEL 20g","R84.00 Excl. Vat","Yes","https://www.akwa.co.za/product/dymax-reef-bond-gel-20g/","https://www.akwa.co.za/wp-content/uploads/2025/01/DYM0160-e1748867345646-300x300.png","DYM0160"
"17800","DYMAX REEF ECLIPSE LIGHT – MARINE","R730.50 Excl. Vat","Yes","https://www.akwa.co.za/product/dymax-reef-eclipse-light-marine/","https://www.akwa.co.za/wp-content/uploads/2025/01/DYM0720-e1748863751659-300x300.png","DYM0720"
"","DYMAX REEF SALT","R300.00 – R977.00Price range: R300.00 through R977.00 Excl. Vat","Yes","https://www.akwa.co.za/product/dymax-reef-salt/","https://www.akwa.co.za/wp-content/uploads/2026/02/Reef-Salt-300x300.png","Reef-Salt"
"17804","DYMAX S/S AIR PIPE HOLDER 10-12mm","R48.50 Excl. Vat","Yes","https://www.akwa.co.za/product/dymax-s-s-air-pipe-holder-10-12mm/","https://www.akwa.co.za/wp-content/uploads/2025/01/DYM0753-e1748863560838-300x300.png","DYM0753"
"17758","DYMAX S/S CO2 DIFFUSER DIA 24mm / 25cm","R255.00 Excl. Vat","Yes","https://www.akwa.co.za/product/dymax-s-s-co2-diffuser-dia-24mm-25cm/","https://www.akwa.co.za/wp-content/uploads/2025/01/DYM0576-e1748865838984-300x300.png","DYM0576"
"17759","DYMAX S/S CO2 DIFFUSER DIA 24mm / 30cm","R267.00 Excl. Vat","Yes","https://www.akwa.co.za/product/dymax-s-s-co2-diffuser-dia-24mm-30cm/","https://www.akwa.co.za/wp-content/uploads/2025/01/DYM0577-e1748865768171-300x300.png","DYM0577"
"17760","DYMAX S/S CO2 DIFFUSER DIA 24mm / 35cm","R279.00 Excl. Vat","Yes","https://www.akwa.co.za/product/dymax-s-s-co2-diffuser-dia-24mm-35cm/","https://www.akwa.co.za/wp-content/uploads/2025/01/DYM0578-e1748865713186-300x300.png","DYM0578"
"17761","DYMAX S/S CO2 DIFFUSER DIA 36mm / 25cm","R289.00 Excl. Vat","Yes","https://www.akwa.co.za/product/dymax-s-s-co2-diffuser-dia-36mm-25cm/","https://www.akwa.co.za/wp-content/uploads/2025/01/DYM0579-e1748865654532-300x300.png","DYM0579"
"17762","DYMAX S/S CO2 DIFFUSER DIA 36mm / 30cm","R299.50 Excl. Vat","Yes","https://www.akwa.co.za/product/dymax-s-s-co2-diffuser-dia-36mm-30cm/","https://www.akwa.co.za/wp-content/uploads/2025/01/DYM0580-e1748865580275-300x300.png","DYM0580"
"17763","DYMAX S/S CO2 DIFFUSER DIA 36mm / 35cm","R311.50 Excl. Vat","Yes","https://www.akwa.co.za/product/dymax-s-s-co2-diffuser-dia-36mm-35cm/","https://www.akwa.co.za/wp-content/uploads/2025/01/DYM0581-e1748865527540-300x300.png","DYM0581"
"17764","DYMAX S/S CO2 DIFFUSER DIA 36mm / 40cm","R323.50 Excl. Vat","Yes","https://www.akwa.co.za/product/dymax-s-s-co2-diffuser-dia-36mm-40cm/","https://www.akwa.co.za/wp-content/uploads/2025/01/DYM0582-e1748865488971-300x300.png","DYM0582"
"17806","DYMAX S/S CO2 DIFFUSER DIA 36mm/8cm","R226.50 Excl. Vat","Yes","https://www.akwa.co.za/product/dymax-s-s-co2-diffuser-dia-36mm-8cm/","https://www.akwa.co.za/wp-content/uploads/2025/01/DYM0758-e1748863434681-300x300.png","DYM0758"
"17765","DYMAX S/S LILY PIPE SET DIA 12/16mm","R485.00 Excl. Vat","Yes","https://www.akwa.co.za/product/dymax-s-s-lily-pipe-set-dia-12-16mm/","https://www.akwa.co.za/wp-content/uploads/2025/01/DYM0583-e1748865432857-300x300.png","DYM0583"
"17766","DYMAX S/S LILY PIPE SET DIA 16/22mm","R525.50 Excl. Vat","Yes","https://www.akwa.co.za/product/dymax-s-s-lily-pipe-set-dia-16-22mm/","https://www.akwa.co.za/wp-content/uploads/2025/01/DYM0584-e1748865383803-300x300.png","DYM0584"
"17767","DYMAX S/S LILY PIPE W/SKIMMER 12/16mm","R606.50 Excl. Vat","Yes","https://www.akwa.co.za/product/dymax-s-s-lily-pipe-w-skimmer-12-16mm/","https://www.akwa.co.za/wp-content/uploads/2025/01/DYM0585-e1748865198883-300x300.png","DYM0585"
"17768","DYMAX S/S LILY PIPE W/SKIMMER 16/22mm","R687.00 Excl. Vat","Yes","https://www.akwa.co.za/product/17768/","https://www.akwa.co.za/wp-content/uploads/2025/01/DYM0586-e1748865154248-300x300.png","DYM0586"
"17803","DYMAX S/S PIPE HOLDER 6-8mm","R42.50 Excl. Vat","Yes","https://www.akwa.co.za/product/dymax-s-s-pipe-holder-6-8mm/","https://www.akwa.co.za/wp-content/uploads/2025/01/DYM0752-e1748863592820-300x300.png","DYM0752"
"17782","DYMAX S/S SCISSOR-CURVED","R158.00 Excl. Vat","Yes","https://www.akwa.co.za/product/dymax-s-s-scissor-curved/","https://www.akwa.co.za/wp-content/uploads/2025/01/DYM0603-e1748864604273-300x300.png","DYM0603"
"17783","DYMAX S/S SCISSOR-DOUBLE CURVED","R210.50 Excl. Vat","Yes","https://www.akwa.co.za/product/dymax-s-s-scissor-double-curved/","https://www.akwa.co.za/wp-content/uploads/2025/01/DYM0604-e1748864568231-300x300.png","DYM0604"
"17781","DYMAX S/S SCISSORS-STRAIGHT","R154.00 Excl. Vat","Yes","https://www.akwa.co.za/product/dymax-s-s-scissors-straight/","https://www.akwa.co.za/wp-content/uploads/2025/01/DYM0602-e1748864643415-300x300.png","DYM0602"
"17790","DYMAX S/S SUBSTRATES SCRAPER","R77.00 Excl. Vat","Yes","https://www.akwa.co.za/product/dymax-s-s-substrates-scraper/","https://www.akwa.co.za/wp-content/uploads/2025/01/DYM0614-e1748864224559-300x300.png","DYM0614"
"17779","DYMAX S/S TWEEZERS-CONTRA ANGLE","R77.00 Excl. Vat","Yes","https://www.akwa.co.za/product/dymax-s-s-tweezers-contra-angle/","https://www.akwa.co.za/wp-content/uploads/2025/01/DYM0601-e1748864672417-300x300.png","DYM0601"
"17778","DYMAX S/S TWEEZERS-STRAIGHT","R61.00 Excl. Vat","Yes","https://www.akwa.co.za/product/dymax-s-s-tweezers-straight/","https://www.akwa.co.za/wp-content/uploads/2025/01/DYM0600-e1748864700272-300x300.png","DYM0600"
"17792","DYMAX SCAPING FOAM SPRAY 400g","R121.50 Excl. Vat","Yes","https://www.akwa.co.za/product/dymax-scaping-foam-spray-400g/","https://www.akwa.co.za/wp-content/uploads/2025/01/DYM0678-e1748864108269-300x300.png","DYM0678"
"","DYMAX SEAWEED BLEND (FLAKES)","R53.00 – R83.00Price range: R53.00 through R83.00 Excl. Vat","Yes","https://www.akwa.co.za/product/dymax-seaweed-blend-flakes/","https://www.akwa.co.za/wp-content/uploads/2026/01/SeaweedBlendFlakes-300x300.png","SeaweedBlendFlakes"
"17796","DYMAX SILICONE AL TUBING 4mm (200m)","R718.50 Excl. Vat","Yes","https://www.akwa.co.za/product/dymax-silicone-al-tubing-4mm-200m/","https://www.akwa.co.za/wp-content/uploads/2025/01/DYM0703-e1748864039379-300x300.png","DYM0703"
"17719","DYMAX SNAIL ELIMINATOR 150ml","R65.00 Excl. Vat","Yes","https://www.akwa.co.za/product/dymax-snail-eliminator-150ml/","https://www.akwa.co.za/wp-content/uploads/2025/01/DYM0171-e1748867124870-300x300.png","DYM0171"
"21254","DYMAX SNAIL ELIMINATOR 300ml","R99.00 Excl. Vat","Yes","https://www.akwa.co.za/product/dymax-snail-eliminator-300ml/","https://www.akwa.co.za/wp-content/uploads/2026/01/DYM0069-300x300.png","DYM0069"
"21255","DYMAX SPECEX FLORA","R1,729.00 Excl. Vat","Yes","https://www.akwa.co.za/product/dymax-specex-flora/","https://www.akwa.co.za/wp-content/uploads/2026/01/DYM0699-300x300.png","DYM0699"
"21256","DYMAX SPECEX REEF","R1,729.00 Excl. Vat","Yes","https://www.akwa.co.za/product/dymax-specex-reef/","https://www.akwa.co.za/wp-content/uploads/2026/01/DYM0700-300x300.png","DYM0700"
"","DYMAX SPIRULINA ADVANCE (FLAKES) 20g","R53.00 – R170.00Price range: R53.00 through R170.00 Excl. Vat","Yes","https://www.akwa.co.za/product/dymax-spirulina-advance-flakes-20g/","https://www.akwa.co.za/wp-content/uploads/2026/01/SpirulinaAdvanceFlakes-300x300.png","SpirulinaAdvanceFlakes"
"17815","DYMAX STAINLESS U PIPE 12mm","R61.00 Excl. Vat","Yes","https://www.akwa.co.za/product/dymax-stainless-u-pipe-12mm/","https://www.akwa.co.za/wp-content/uploads/2025/01/DYM0765-e1748863213535-300x300.png","DYM0765"
"17816","DYMAX STAINLESS U PIPE 15mm","R61.00 Excl. Vat","Yes","https://www.akwa.co.za/product/dymax-stainless-u-pipe-15mm/","https://www.akwa.co.za/wp-content/uploads/2025/01/DYM0766-e1748863138809-300x300.png","DYM0766"
"21265","DYMAX SYNTHETIC CLEANING CLOTH","R31.00 Excl. Vat","Yes","https://www.akwa.co.za/product/dymax-synthetic-cleaning-cloth/","https://www.akwa.co.za/wp-content/uploads/2026/01/DYM0019-300x300.png","DYM0019"
"","DYMAX TROPICAL ESSENTIAL","R70.00 – R610.00Price range: R70.00 through R610.00 Excl. Vat","Yes","https://www.akwa.co.za/product/dymax-tropical-essential/","https://www.akwa.co.za/wp-content/uploads/2026/01/TropicalEssential-300x300.png","TropicalEssential"
"21892","DYMAX TROPICAL ESSENTIAL 10g (6PCS)","R156.00 Excl. Vat","Yes","https://www.akwa.co.za/product/dymax-tropical-essential-10g-6pcs/","https://www.akwa.co.za/wp-content/uploads/2026/03/DYM1020-300x300.png","DYM1020"
"","DYMAX TROPICAL FLAKES ESSENTIAL","R48.00 – R148.00Price range: R48.00 through R148.00 Excl. Vat","Yes","https://www.akwa.co.za/product/dymax-tropical-flakes-essential/","https://www.akwa.co.za/wp-content/uploads/2026/01/TropicalFlakesEssential-300x300.png","TropicalFlakesEssential"
"","DYMAX TURTLE FORMULA","R61.00 – R148.00Price range: R61.00 through R148.00 Excl. Vat","Yes","https://www.akwa.co.za/product/dymax-turtle-formula/","https://www.akwa.co.za/wp-content/uploads/2026/01/TurtleFormula-300x300.png","TurtleFormula"
"17793","DYMAX TWEETY SPIDERWOOD – 15kg","R2,707.50 Excl. Vat","Yes","https://www.akwa.co.za/product/dymax-tweety-spiderwood-15kg/","https://www.akwa.co.za/wp-content/uploads/2025/01/DYM0681-e1748864088488-300x300.png","DYM0681"
"17702","DYMAX UV TUBE 5W","R114.50 Excl. Vat","Yes","https://www.akwa.co.za/product/dymax-uv-tube-5w/","https://www.akwa.co.za/wp-content/uploads/2025/01/DYM0151-e1748867612578-300x300.png","DYM0151"
"17753","DYMAX UV-FLO 5W (16/22mm)","R365.50 Excl. Vat","Yes","https://www.akwa.co.za/product/dymax-uv-flo-5w-16-22mm/","https://www.akwa.co.za/wp-content/uploads/2025/01/DYM0472-e1748865995818-300x300.png","DYM0472"
"17752","DYMAX UV-FLOW 5W (12/16mm)","R365.50 Excl. Vat","Yes","https://www.akwa.co.za/product/dymax-uv-flow-5w-12-16mm/","https://www.akwa.co.za/wp-content/uploads/2025/01/DYM0471-e1748866022925-300x300.png","DYM0471"
"14890","12″ FISH NET","R37.95 Excl. Vat","Yes","https://www.akwa.co.za/product/12-fish-net/","https://www.akwa.co.za/wp-content/uploads/2024/01/FN0271-300x300.png","FN0271"
"2893","4″ FISH NET","R15.05 Excl. Vat","Yes","https://www.akwa.co.za/product/4-fish-net/","https://www.akwa.co.za/wp-content/uploads/2020/05/FN0267-300x300.png","FN0267"
"2897","6″ FISH NET","R19.50 Excl. Vat","Yes","https://www.akwa.co.za/product/6-fish-net/","https://www.akwa.co.za/wp-content/uploads/2020/05/FN0269-300x300.png","FN0269"
"2898","8″ FISH NET","R27.45 Excl. Vat","Yes","https://www.akwa.co.za/product/8-fish-net/","https://www.akwa.co.za/wp-content/uploads/2020/05/FN0270-300x300.png","FN0270"
"2908","AIRSTONE CYLINDRICAL 25mm","R4.85 Excl. Vat","Yes","https://www.akwa.co.za/product/airstone-cylindrical-25mm/","https://www.akwa.co.za/wp-content/uploads/2020/05/AS0530-300x300.png","AS0530"
"2916","AIRSTONE CYLINDRICAL 80mm","R41.65 Excl. Vat","Yes","https://www.akwa.co.za/product/airstone-cylindrical-80mm/","https://www.akwa.co.za/wp-content/uploads/2020/05/AS0533-300x300.png","AS0533"
"2919","AIRSTONE JOINT – 125mm","R20.75 Excl. Vat","Yes","https://www.akwa.co.za/product/airstone-joint-125mm/","https://www.akwa.co.za/wp-content/uploads/2020/05/AS0537-300x300.png","AS0537"
"2920","AIRSTONE JOINT – 250mm","R34.80 Excl. Vat","Yes","https://www.akwa.co.za/product/airstone-joint-250mm/","https://www.akwa.co.za/wp-content/uploads/2020/05/AS0538-300x300.png","AS0538"
"2917","AIRSTONE LONG – 100mm","R10.60 Excl. Vat","Yes","https://www.akwa.co.za/product/airstone-long-100mm/","https://www.akwa.co.za/wp-content/uploads/2020/05/AS0535-300x300.png","AS0535"
"2918","AIRSTONE LONG – 150mm","R15.40 Excl. Vat","Yes","https://www.akwa.co.za/product/airstone-long-150mm/","https://www.akwa.co.za/wp-content/uploads/2020/05/AS0536-300x300.png","AS0536"
"2921","AIRSTONE ROUND – 22mm","R6.90 Excl. Vat","Yes","https://www.akwa.co.za/product/airstone-round-22mm/","https://www.akwa.co.za/wp-content/uploads/2020/05/AS0540-300x300.png","AS0540"
"2922","AIRSTONE ROUND – 50mm","R27.40 Excl. Vat","Yes","https://www.akwa.co.za/product/airstone-round-50mm/","https://www.akwa.co.za/wp-content/uploads/2020/05/AS0540-300x300.png","AS0540"
"12312","AC/DC AIR PUMP – APQ510 / 1020 L/H","R1,680.75 Excl. Vat","Yes","https://www.akwa.co.za/product/ac-dc-air-pump-apq510-1020-l-h/","https://www.akwa.co.za/wp-content/uploads/2023/01/APS0510-300x300.png","APS0510"
"12309","AC/DC AIR PUMP – JT-203S / 240L/H","R411.10 Excl. Vat","Yes","https://www.akwa.co.za/product/ac-dc-air-pump-jt-203s-240l-h/","https://www.akwa.co.za/wp-content/uploads/2023/01/APS0203-300x300.png","APS0203"
"12310","AD/DC AIR PUMP – APQ-505 / 510 L/H","R1,091.35 Excl. Vat","Yes","https://www.akwa.co.za/product/ad-dc-air-pump-apq-505-510-l-h/","https://www.akwa.co.za/wp-content/uploads/2023/01/APS0505-300x300.png","APS0505"
"22222","AIR PUMP CXP-120 – 110 L/MIN – 40W","R1,808.20 Excl. Vat","Yes","https://www.akwa.co.za/product/air-pump-cxp-120-110-l-min-40w/","https://www.akwa.co.za/wp-content/uploads/2026/05/AB0242-300x300.png","AB0242"
"22227","AIR PUMP CXP-200 – 200 L/MIN – 100W","R2,142.10 Excl. Vat","Yes","https://www.akwa.co.za/product/air-pump-cxp-200-200-l-min-100w/","https://www.akwa.co.za/wp-content/uploads/2026/05/AB0243-300x300.png","AB0243"
"2626","AQUARIUM BLOWER HG-750 (750W)","R3,178.85 Excl. Vat","Yes","https://www.akwa.co.za/product/aquarium-blower-hg-750/","https://www.akwa.co.za/wp-content/uploads/2020/04/AB0261-300x300.png","AB0261"
"2628","AQUARIUM BLOWER HGX-1100 (1100W) 180,000 L/H 17.6 KPA","R4,620.50 Excl. Vat","Yes","https://www.akwa.co.za/product/aquarium-blower-hgx-1100-17-6-kpa-180m%c2%b3-h/","https://www.akwa.co.za/wp-content/uploads/2020/04/AB0261-300x300.png","AB0261"
"10554","AQUARIUM BLOWER HT-650 (65W) 0.035MPA","R1,265.60 Excl. Vat","Yes","https://www.akwa.co.za/product/aquarium-blower-ht-650/","https://www.akwa.co.za/wp-content/uploads/2022/02/AB0240-300x300.png","AB0240"
"2624","AQUARIUM BLOWER/AIRPUMP ACO-007 (120W) 0.04MPA – 5400 L/H","R1,092.85 Excl. Vat","Yes","https://www.akwa.co.za/product/aquarium-blower-airpump-aco-007/","https://www.akwa.co.za/wp-content/uploads/2020/04/AB0255-300x300.png","AB0255"
"2617","BIG BOY B-10200 – 4 OUTLET AIR PUMP","R451.00 Excl. Vat","Yes","https://www.akwa.co.za/product/big-boy-b-10200-4-outlet-air-pump/","https://www.akwa.co.za/wp-content/uploads/2020/04/RA0249-300x300.png","RA0249"
"2618","DOPHIN 168 DC – BATTERY PUMP","R83.35 Excl. Vat","Yes","https://www.akwa.co.za/product/dophin-168-dc-battery-pump/","https://www.akwa.co.za/wp-content/uploads/2020/04/RA0250-300x300.png","RA0250"
"2592","DOPHIN 5500 SINGLE OUTLET AIR PUMP 78 L/H","R89.85 Excl. Vat","Yes","https://www.akwa.co.za/product/dophin-5500-single-outlet-air-pump-78-l-h/","https://www.akwa.co.za/wp-content/uploads/2020/04/RA0244-300x300.png","RA0244"
"2640","DIAPHRAM BIG BOY 10200 TWIN PACK","R48.55 Excl. Vat","Yes","https://www.akwa.co.za/product/diaphram-big-boy-10200-twin-pack/","https://www.akwa.co.za/wp-content/uploads/2020/03/Airpump-Spares-300x300.png","Airpump-Spares"
"2634","DOPHIN DIAPHRAM 5500 (NEW RANGE) TWIN PACK","R20.50 Excl. Vat","Yes","https://www.akwa.co.za/product/dophin-diaphram-5500-new-range-twin-pack/","https://www.akwa.co.za/wp-content/uploads/2020/03/Airpump-Spares-300x300.png","Airpump-Spares"
"2635","DOPHIN DIAPHRAM 6500 (NEW RANGE) TWIN PACK","R20.50 Excl. Vat","Yes","https://www.akwa.co.za/product/dophin-diaphram-6500-new-range-twin-pack/","https://www.akwa.co.za/wp-content/uploads/2020/03/Airpump-Spares-300x300.png","Airpump-Spares"
"2636","DOPHIN DIAPHRAM 7500 (NEW RANGE) TWIN PACK","R29.65 Excl. Vat","Yes","https://www.akwa.co.za/product/dophin-diaphram-7500-new-range-twin-pack/","https://www.akwa.co.za/wp-content/uploads/2020/03/Airpump-Spares-300x300.png","Airpump-Spares"
"2637","DOPHIN DIAPHRAM 8500 (NEW RANGE) TWIN PACK","R40.00 Excl. Vat","Yes","https://www.akwa.co.za/product/dophin-diaphram-8500-new-range-twin-pack/","https://www.akwa.co.za/wp-content/uploads/2020/03/Airpump-Spares-300x300.png","Airpump-Spares"
"2638","REGENT DIAPHRAM 6500 & 7500 (OLD RANGE) TWIN PACK","R32.85 Excl. Vat","Yes","https://www.akwa.co.za/product/regent-diaphram-6500-7500-old-range-twin-pack/","https://www.akwa.co.za/wp-content/uploads/2020/03/Airpump-Spares-300x300.png","Airpump-Spares"
"2639","REGENT DIAPHRAM 8500 & 9500 (OLD RANGE) TWIN PACK","R43.70 Excl. Vat","Yes","https://www.akwa.co.za/product/regent-diaphram-8500-9500-old-range-twin-pack/","https://www.akwa.co.za/wp-content/uploads/2020/03/Airpump-Spares-300x300.png","Airpump-Spares"
"2630","SUN SUN DIAPHRAM BLOWER ACO-002","R25.25 Excl. Vat","Yes","https://www.akwa.co.za/product/sun-sun-diaphram-blower-aco-002/","https://www.akwa.co.za/wp-content/uploads/2020/03/Blower-Spares-300x300.png","Blower-Spares"
"2631","SUN SUN DIAPHRAM BLOWER ACO-004","R25.25 Excl. Vat","Yes","https://www.akwa.co.za/product/sun-sun-diaphram-blower-aco-004/","https://www.akwa.co.za/wp-content/uploads/2020/03/Blower-Spares-300x300.png","Blower-Spares"
"2632","SUN SUN DIAPHRAM BLOWER ACO-007","R28.20 Excl. Vat","Yes","https://www.akwa.co.za/product/sun-sun-diaphram-blower-aco-007/","https://www.akwa.co.za/wp-content/uploads/2020/04/ABD0266-300x300.png","ABD0266"
"2182","12″ AQUARIUM – 13L – 305 x 225 x 230mm(H)","R90.85 Excl. Vat","Yes","https://www.akwa.co.za/product/12-aquarium-13l/","https://www.akwa.co.za/wp-content/uploads/2020/03/AQ1019-20-21-22-23-300x300.png","AQ1019-20-21-22-23"
"2173","12″ AQUARIUM + CANOPY WITH LED LIGHT – 13L","R269.95 Excl. Vat","Yes","https://www.akwa.co.za/product/aquarium-12-13l-canopy-with-led-light/","https://www.akwa.co.za/wp-content/uploads/2020/03/AQ1009L-10L-11L-12L-14L-300x300.png","AQ1009L-10L-11L-12L-14L"
"2242","12″ AQUARIUM STARTER KIT 13L BASIC","R316.65 Excl. Vat","Yes","https://www.akwa.co.za/product/12-aquarium-starter-kit-13l-basic/","https://www.akwa.co.za/wp-content/uploads/2020/03/ASK0000-300x300.png","ASK0000"
"2172","12″ AQUARIUM WITH CANOPY – 13L","R125.65 Excl. Vat","Yes","https://www.akwa.co.za/product/aquarium-with-canopy-12-13l/","https://www.akwa.co.za/wp-content/uploads/2020/03/AQ1009-10-11-12-14-300x300.png","AQ1009-10-11-12-14"
"2267","16″ AQUARIUM STARTER KIT 20L BASIC","R360.10 Excl. Vat","Yes","https://www.akwa.co.za/product/16-aquarium-starter-kit-20l-basic/","https://www.akwa.co.za/wp-content/uploads/2020/03/ASK0007-300x300.png","ASK0007"
"2183","18″SP AQUARIUM – 30L – 460 x 225 x 300mm(H)","R164.60 Excl. Vat","Yes","https://www.akwa.co.za/product/18sp-aquarium-30l/","https://www.akwa.co.za/wp-content/uploads/2020/03/AQ1019-20-21-22-23-300x300.png","AQ1019-20-21-22-23"
"2175","18″SP AQUARIUM + CANOPY WITH LED LIGHT – 30L","R363.25 Excl. Vat","Yes","https://www.akwa.co.za/product/18sp-aquarium-canopy-with-led-light-30l/","https://www.akwa.co.za/wp-content/uploads/2020/03/AQ1009L-10L-11L-12L-14L-300x300.png","AQ1009L-10L-11L-12L-14L"
"2310","18″SP AQUARIUM STARTER KIT 30L BASIC","R413.20 Excl. Vat","Yes","https://www.akwa.co.za/product/18sp-aquarium-starter-kit-30l-basic/","https://www.akwa.co.za/wp-content/uploads/2020/03/ASK0001-1-300x300.png","ASK0001-1"
"2313","18″SP AQUARIUM STARTER KIT 30L PLUS","R644.00 Excl. Vat","Yes","https://www.akwa.co.za/product/18sp-aquarium-starter-kit-30l-plus/","https://www.akwa.co.za/wp-content/uploads/2020/03/ASK0002-1-300x300.png","ASK0002-1"
"2174","18″SP AQUARIUM WITH CANOPY – 30L","R205.50 Excl. Vat","Yes","https://www.akwa.co.za/product/18sp-aquarium-with-canopy-30l/","https://www.akwa.co.za/wp-content/uploads/2020/03/AQ1009-10-11-12-14-300x300.png","AQ1009-10-11-12-14"
"2274","24″ R AQUARIUM STARTER KIT 60L PLUS","R977.55 Excl. Vat","Yes","https://www.akwa.co.za/product/24-r-aquarium-starter-kit-60l-plus/","https://www.akwa.co.za/wp-content/uploads/2020/03/ASK0004-2-300x300.png","ASK0004-2"
"2184","24″R AQUARIUM – 60L – 610 x 305 x 305mm(H)","R317.25 Excl. Vat","Yes","https://www.akwa.co.za/product/24r-aquarium-60l/","https://www.akwa.co.za/wp-content/uploads/2020/03/AQ1019-20-21-22-23-300x300.png","AQ1019-20-21-22-23"
"","AQUARIUM ONLY 100cm – 210L (CABINET/TANK)","R7,106.55 Excl. Vat","Yes","https://www.akwa.co.za/product/aquarium-only-100cm-210l-cabinet/","https://www.akwa.co.za/wp-content/uploads/2025/01/AQA1100BLK-e1748861690801-300x300.png","AQA1100BLK"
"","AQUARIUM ONLY 80cm – 140L (CABINET/TANK)","R6,040.10 Excl. Vat","Yes","https://www.akwa.co.za/product/aquarium-only-80cm-140l-cabinet/","https://www.akwa.co.za/wp-content/uploads/2025/01/AQA1080WHT-e1748861739794-300x300.png","AQA1080WHT"
"19539","AQUARIUM RACK SET 120cm – 3 LEVELS","R24,732.85 Excl. Vat","Yes","https://www.akwa.co.za/product/aquarium-rack-set-120cm-3-levels/","https://www.akwa.co.za/wp-content/uploads/2025/08/AQA0001-300x300.png","AQA0001"
"2356","ELEGANCE AQUARIUM – 270L","R11,311.15 Excl. Vat","Yes","https://www.akwa.co.za/product/elegance-aquarium-270l/","https://www.akwa.co.za/wp-content/uploads/2020/03/AQA0100-300x300.png","AQA0100"
"2357","ELEGANCE AQUARIUM – 350L","R14,193.75 Excl. Vat","Yes","https://www.akwa.co.za/product/elegance-aquarium-350l/","https://www.akwa.co.za/wp-content/uploads/2020/03/AQA0120-300x300.png","AQA0120"
"2358","ELEGANCE AQUARIUM – 480L","R20,871.65 Excl. Vat","Yes","https://www.akwa.co.za/product/elegance-aquarium-480l/","https://www.akwa.co.za/wp-content/uploads/2020/03/AQA0150-300x300.png","AQA0150"
"2351","ELEGANCE AQUARIUM 180L","R9,553.00 Excl. Vat","Yes","https://www.akwa.co.za/product/elegance-aquarium-180l/","https://www.akwa.co.za/wp-content/uploads/2020/03/AQA0080-300x300.png","AQA0080"
"20188","LED 100cm – 80W (FOR ELEGANCE TANK)","R1,896.75 Excl. Vat","Yes","https://www.akwa.co.za/product/led-100cm-80w-for-elegance-tank/","https://www.akwa.co.za/wp-content/uploads/2025/10/LED0100-300x300.png","LED0100"
"20189","LED 120cm – 95W (FOR ELEGANCE TANK)","R2,460.00 Excl. Vat","Yes","https://www.akwa.co.za/product/led-120cm-95w-for-elegance-tank/","https://www.akwa.co.za/wp-content/uploads/2025/10/LED0120-300x300.png","LED0120"
"20183","LED 80cm – 55W (FOR ELEGANCE TANK)","R1,925.20 Excl. Vat","Yes","https://www.akwa.co.za/product/led-80cm-55w-for-elegance-tank/","https://www.akwa.co.za/wp-content/uploads/2025/10/LED0080-300x300.png","LED0080"
"17949","AQUARIUM CORNER PIECE / SET OF 4","R35.35 Excl. Vat","Yes","https://www.akwa.co.za/product/aquarium-corner-piece-set-of-4/","https://www.akwa.co.za/wp-content/uploads/2025/01/AA0528-e1748861793204-300x300.png","AA0528"
"18172","FILTER MAT – 300 x 120 x 18mm","R24.15 Excl. Vat","Yes","https://www.akwa.co.za/product/filter-mat-300-x-120-x-18mm/","https://www.akwa.co.za/wp-content/uploads/2025/03/FM0073-e1748861149330-300x300.png","FM0073"
"20134","REPLACEMENT LED 4W – HR-320/380/500","R180.15 Excl. Vat","Yes","https://www.akwa.co.za/product/replacement-led-4w-hr-320-380-500/","https://www.akwa.co.za/wp-content/uploads/2025/10/LED0004-300x300.png","LED0004"
"2577","REPLACEMENT TUBE CUV-505 UV LAMP","R134.45 Excl. Vat","Yes","https://www.akwa.co.za/product/replacement-tube-cuv-505-uv-lamp/","https://www.akwa.co.za/wp-content/uploads/2020/03/PUV1538-300x300.png","PUV1538"
"2146","12″ CANOPY – 310 x 235mm","R52.15 Excl. Vat","Yes","https://www.akwa.co.za/product/12-canopy-310mm-x-235mm/","https://www.akwa.co.za/wp-content/uploads/2020/03/AC0157-INSIDE-300x300.png","AC0157-INSIDE"
"2143","12″ CANOPY WITH LED LIGHT – 310mm x 235mm","R230.90 Excl. Vat","Yes","https://www.akwa.co.za/product/12-canopy-with-led-light/","https://www.akwa.co.za/wp-content/uploads/2020/03/AC0157L-300x300.png","AC0157L"
"19498","16″ CANOPY – 420mm x 200mm","R66.90 Excl. Vat","Yes","https://www.akwa.co.za/product/16-canopy-420mm-x-200mm/","https://www.akwa.co.za/wp-content/uploads/2025/08/AC0154-300x300.png","AC0154"
"19505","18″ CANOPY – 465mm x 325mm","R105.10 Excl. Vat","Yes","https://www.akwa.co.za/product/18-canopy-465mm-x-325mm/","https://www.akwa.co.za/wp-content/uploads/2025/08/AC0159-300x300.png","AC0159"
"19506","18″R CANOPY – 465mm x 310mm","R105.10 Excl. Vat","Yes","https://www.akwa.co.za/product/18r-canopy-465mm-x-310mm/","https://www.akwa.co.za/wp-content/uploads/2025/08/AC0160-300x300.png","AC0160"
"2153","18″SP CANOPY – 465 x 235mm","R74.45 Excl. Vat","Yes","https://www.akwa.co.za/product/18sp-canopy-465mm-x-235mm/","https://www.akwa.co.za/wp-content/uploads/2020/03/AC0158-INSIDE-300x300.png","AC0158-INSIDE"
"2154","18″SP CANOPY WITH LED LIGHT – 465 x 235mm","R250.25 Excl. Vat","Yes","https://www.akwa.co.za/product/18sp-canopy-with-led-light/","https://www.akwa.co.za/wp-content/uploads/2020/03/AC0158L-300x300.png","AC0158L"
"2163","1m x 2m BLACK LEATHER GRAIN SHEET","R512.75 Excl. Vat","Yes","https://www.akwa.co.za/product/1m-x-2m-black-leather-grain-sheet/","https://www.akwa.co.za/wp-content/uploads/2020/03/ACS001-300x300.png","ACS001"
"2155","24″ CANOPY – 615 x 325mm","R132.45 Excl. Vat","Yes","https://www.akwa.co.za/product/24-canopy-615-x-325mm/","https://www.akwa.co.za/wp-content/uploads/2020/03/AC0161-INSIDE-300x300.png","AC0161-INSIDE"
"2156","24″ CANOPY WITH LED LIGHT – 615 x 325mm","R287.95 Excl. Vat","Yes","https://www.akwa.co.za/product/24-canopy-with-led-light/","https://www.akwa.co.za/wp-content/uploads/2020/03/AC0161L-300x300.png","AC0161L"
"2157","24″R CANOPY – 615 x 310mm","R132.45 Excl. Vat","Yes","https://www.akwa.co.za/product/24r-canopy-615-x-310mm/","https://www.akwa.co.za/wp-content/uploads/2020/03/AC0162-INSIDE-300x300.png","AC0162-INSIDE"
"2158","24″R CANOPY WITH LED LIGHT – 615 x 310mm","R287.95 Excl. Vat","Yes","https://www.akwa.co.za/product/24r-canopy-with-led-light/","https://www.akwa.co.za/wp-content/uploads/2020/03/AC0162L-300x300.png","AC0162L"
"2755","DOPHIN AQUARIUM SCRAPER MC-101","R46.90 Excl. Vat","Yes","https://www.akwa.co.za/product/dophin-aquarium-scraper-mc-101/","https://www.akwa.co.za/wp-content/uploads/2020/05/AA0532-300x300.png","AA0532"
"2766","DOPHIN BLADE WITH PLASTIC ONLY","R30.55 Excl. Vat","Yes","https://www.akwa.co.za/product/dophin-blade-with-plastic-only/","https://www.akwa.co.za/wp-content/uploads/2020/05/AA0537-300x300.png","AA0537"
"2793","DOPHIN FLOATING MAGNET CLEANER LARGE","R156.10 Excl. Vat","Yes","https://www.akwa.co.za/product/dophin-floating-magnet-cleaner-large/","https://www.akwa.co.za/wp-content/uploads/2020/05/MC0062-300x300.png","MC0062"
"2792","DOPHIN FLOATING MAGNET CLEANER MEDIUM","R130.50 Excl. Vat","Yes","https://www.akwa.co.za/product/dophin-floating-magnet-cleaner-medium/","https://www.akwa.co.za/wp-content/uploads/2020/05/MC0061-300x300.png","MC0061"
"2774","DOPHIN FLOATING MAGNET CLEANER SMALL","R86.20 Excl. Vat","Yes","https://www.akwa.co.za/product/dophin-floating-magnet-cleaner-small/","https://www.akwa.co.za/wp-content/uploads/2020/05/MC0060-300x300.png","MC0060"
"2794","DOPHIN FLOATING MAGNET CLEANER X-LARGE (WITH BLADE)","R232.90 Excl. Vat","Yes","https://www.akwa.co.za/product/dophin-floating-magnet-cleaner-x-large-with-blade/","https://www.akwa.co.za/wp-content/uploads/2020/05/MC0063-300x300.png","MC0063"
"2796","DOPHIN GRAVEL CLEANER – 12″ (MC-120) – 300mm","R124.65 Excl. Vat","Yes","https://www.akwa.co.za/product/dophin-gravel-cleaner-12-mc-120-300mm/","https://www.akwa.co.za/wp-content/uploads/2020/05/GC0150-300x300.png","GC0150"
"2801","DOPHIN GRAVEL CLEANER – 24″ (MC-240) – 600mm","R146.00 Excl. Vat","Yes","https://www.akwa.co.za/product/dophin-gravel-cleaner-24-mc-240-600mm/","https://www.akwa.co.za/wp-content/uploads/2020/05/GC0152-300x300.png","GC0152"
"2768","DOPHIN PAD WITH PLASTIC ONLY","R27.05 Excl. Vat","Yes","https://www.akwa.co.za/product/dophin-pad-with-plastic-only/","https://www.akwa.co.za/wp-content/uploads/2020/05/AA0538-300x300.png","AA0538"
"2770","DOPHIN SCRAPER BLADE ONLY","R12.00 Excl. Vat","Yes","https://www.akwa.co.za/product/dophin-scraper-blade-only/","https://www.akwa.co.za/wp-content/uploads/2020/05/AA0539-300x300.png","AA0539"
"2764","DOPHIN SCRAPER EXTENSION PIECE","R17.35 Excl. Vat","Yes","https://www.akwa.co.za/product/dophin-scraper-extension-piece/","https://www.akwa.co.za/wp-content/uploads/2020/05/AA0536-300x300.png","AA0536"
"2772","DOPHIN SCRAPER PAD ONLY","R12.00 Excl. Vat","Yes","https://www.akwa.co.za/product/dophin-scraper-pad-only/","https://www.akwa.co.za/wp-content/uploads/2020/05/AA0540-300x300.png","AA0540"
"5060","ACCESSORY BOX DOPHIN C-1000","R503.25 Excl. Vat","Yes","https://www.akwa.co.za/product/accessory-box-dophin-c-1000/","https://www.akwa.co.za/wp-content/uploads/2020/07/CFD0857-e1750688129424-300x300.png","CFD0857"
"5061","ACCESSORY BOX DOPHIN C-1600","R507.15 Excl. Vat","Yes","https://www.akwa.co.za/product/accessory-box-dophin-c-1600/","https://www.akwa.co.za/wp-content/uploads/2020/07/CFD0857-e1750688129424-300x300.png","CFD0857"
"5098","ACCESSORY BOX DOPHIN C-2400","R547.25 Excl. Vat","Yes","https://www.akwa.co.za/product/accessory-box-dophin-c-2400/","https://www.akwa.co.za/wp-content/uploads/2020/07/CFD0884-300x300.png","CFD0884"
"5058","ACCESSORY BOX DOPHIN C-500","R377.80 Excl. Vat","Yes","https://www.akwa.co.za/product/accessory-box-dophin-c-500/","https://www.akwa.co.za/wp-content/uploads/2020/07/CFD0857-e1750688129424-300x300.png","CFD0857"
"5020","DOPHIN CANISTER C-1000 – 1650 L/H","R1,563.10 Excl. Vat","Yes","https://www.akwa.co.za/product/dophin-canister-c-1000-1650-l-h/","https://www.akwa.co.za/wp-content/uploads/2020/07/CFD0852-300x300.png","CFD0852"
"5021","DOPHIN CANISTER C-1600 – 2540 L/H","R1,960.65 Excl. Vat","Yes","https://www.akwa.co.za/product/dophin-canister-c-1600-2540-l-h/","https://www.akwa.co.za/wp-content/uploads/2020/07/CFD0854-300x300.png","CFD0854"
"10541","DOPHIN CANISTER C-2400 – 3000 L/H – WITH UV LIGHT","R3,220.65 Excl. Vat","Yes","https://www.akwa.co.za/product/dophin-canister-c-2400-3000-l-h-with-uv-light/","https://www.akwa.co.za/wp-content/uploads/2020/07/CFD0856-e1750688172643-300x300.png","CFD0856"
"5022","DOPHIN CANISTER C-2400 – 3000 L/H WITHOUT UV","R2,876.55 Excl. Vat","Yes","https://www.akwa.co.za/product/dophin-canister-c-2400-3000-l-h/","https://www.akwa.co.za/wp-content/uploads/2020/07/CFD0856-e1750688172643-300x300.png","CFD0856"
"5019","DOPHIN CANISTER C-500 – 1130 L/H","R1,187.55 Excl. Vat","Yes","https://www.akwa.co.za/product/dophin-canister-c-500-1130-l-h/","https://www.akwa.co.za/wp-content/uploads/2020/07/CFD0850-300x300.png","CFD0850"
"5012","DOPHIN CF-300 – MINI CANISTER FILTER 410 L/H","R468.80 Excl. Vat","Yes","https://www.akwa.co.za/product/dophin-cf-300-mini-canister-filter-410-l-h/","https://www.akwa.co.za/wp-content/uploads/2020/07/CFD0848-300x300.png","CFD0848"
"12223","DOPHIN FILTER – CF12008 / 950 L/H","R1,739.50 Excl. Vat","Yes","https://www.akwa.co.za/product/dophin-filter-cf12008-950-l-h/","https://www.akwa.co.za/wp-content/uploads/2022/12/CFD0840-300x300.png","CFD0840"
"12229","DOPHIN FILTER – CF12308 / 1200 L/H","R2,034.60 Excl. Vat","Yes","https://www.akwa.co.za/product/sophin-filter-cf12308-1200-l-h/","https://www.akwa.co.za/wp-content/uploads/2022/12/CFD0841-300x300.png","CFD0841"
"5031","BASKET O-RING C-500","R64.35 Excl. Vat","Yes","https://www.akwa.co.za/product/basket-o-ring-c-500/","https://www.akwa.co.za/wp-content/uploads/2020/07/CFD0866-300x300.png","CFD0866"
"5032","BASKET O-RING C-700 – 1600","R64.35 Excl. Vat","Yes","https://www.akwa.co.za/product/basket-o-ring-c-700-1600/","https://www.akwa.co.za/wp-content/uploads/2020/07/CFD0867-300x300.png","CFD0867"
"13660","BIO SPONGE INSERT SH-200/250/380","R12.75 Excl. Vat","Yes","https://www.akwa.co.za/product/bio-sponge-insert-sh-200-250-380/","https://www.akwa.co.za/wp-content/uploads/2023/09/EFC0801-300x300.png","EFC0801"
"5051","BLACK SPONGE DOPHIN C-1300 / 1600","R83.10 Excl. Vat","Yes","https://www.akwa.co.za/product/black-sponge-dophin-c-1300-1600/","https://www.akwa.co.za/wp-content/uploads/2020/07/FI0845-300x300.png","FI0845"
"5049","BLACK SPONGE DOPHIN C-500","R64.75 Excl. Vat","Yes","https://www.akwa.co.za/product/black-sponge-dophin-c-500/","https://www.akwa.co.za/wp-content/uploads/2020/07/FI0843-300x300.png","FI0843"
"5050","BLACK SPONGE DOPHIN C-700 / 1000","R73.50 Excl. Vat","Yes","https://www.akwa.co.za/product/black-sponge-dophin-c-700-1000/","https://www.akwa.co.za/wp-content/uploads/2020/07/FI0844-300x300.png","FI0844"
"5018","CARBON CARTRIDGE INSERT CF-300","R33.55 Excl. Vat","Yes","https://www.akwa.co.za/product/carbon-cartridge-insert-cf-300/","https://www.akwa.co.za/wp-content/uploads/2020/07/FI0838-300x300.png","FI0838"
"4999","CARBON CARTRIDGE SH-200 / 250 / 380","R25.05 Excl. Vat","Yes","https://www.akwa.co.za/product/carbon-cartridge-sh-200-250-380/","https://www.akwa.co.za/wp-content/uploads/2020/07/EFC0800-300x300.png","EFC0800"
"5040","DIFFUSER DOPHIN C-1000 / C-1300 / C-1600","R14.20 Excl. Vat","Yes","https://www.akwa.co.za/product/diffuser-dophin-c-1000-c-1300-c-1600/","https://www.akwa.co.za/wp-content/uploads/2020/07/CFD0875-300x300.png","CFD0875"
"5030","DIFFUSER DOPHIN C-500/C-700","R14.20 Excl. Vat","Yes","https://www.akwa.co.za/product/diffuser-dophin-c-500-c-700/","https://www.akwa.co.za/wp-content/uploads/2020/07/CFD0865-300x300.png","CFD0865"
"11240","DOPHIN CARTRIDGE – FC-602","R25.35 Excl. Vat","Yes","https://www.akwa.co.za/product/dophin-cartridge-fc-602/","https://www.akwa.co.za/wp-content/uploads/2022/07/IF0602-300x300.png","IF0602"
"11242","DOPHIN CARTRIDGE – FC-603","R18.45 Excl. Vat","Yes","https://www.akwa.co.za/product/dophin-cartridge-fc-603/","https://www.akwa.co.za/wp-content/uploads/2022/07/IF0603-300x300.png","IF0603"
"16473","7 in 1 Filter Media – 15kg","R1,034.70 Excl. Vat","Yes","https://www.akwa.co.za/product/7-in-1-filter-media-15kg/","https://www.akwa.co.za/wp-content/uploads/2024/08/FM0070-300x300.png","FM0070"
"2831","ACTIVATED CARBON 1LT BOTTLE","R89.85 Excl. Vat","Yes","https://www.akwa.co.za/product/activated-carbon-1lt-bottle/","https://www.akwa.co.za/wp-content/uploads/2020/05/AFM0103-300x300.png","AFM0103"
"2827","ACTIVATED CARBON 500ml BOTTLE","R49.55 Excl. Vat","Yes","https://www.akwa.co.za/product/activated-carbon-500ml-bottle/","https://www.akwa.co.za/wp-content/uploads/2020/05/AFM0102-300x300.png","AFM0102"
"2821","ACTIVATED CARBON PELLETISED 5mm – 15kg","R709.65 Excl. Vat","Yes","https://www.akwa.co.za/product/activated-carbon-pelletised-5mm-15kg/","https://www.akwa.co.za/wp-content/uploads/2020/05/AC0067-300x300.png","AC0067"
"2848","AKWARIA OXYGEN DROPS 50ml","R39.70 Excl. Vat","Yes","https://www.akwa.co.za/product/akwaria-oxygen-drops-50ml/","https://www.akwa.co.za/wp-content/uploads/2020/05/AKW0060-e1750921407347-300x300.png","AKW0060"
"2825","AMMONIA REMOVER 25kg BULK","R438.10 Excl. Vat","Yes","https://www.akwa.co.za/product/ammonia-remover-25kg-bulk/","https://www.akwa.co.za/wp-content/uploads/2020/05/AR0072-300x300.png","AR0072"
"11418","AQUA CLEAN 3D FILTER MEDIA","R252.55 Excl. Vat","Yes","https://www.akwa.co.za/product/aqua-clean-3d-filter-media-1lt/","https://www.akwa.co.za/wp-content/uploads/2022/10/AC1003-300x300.png","AC1003"
"21821","AQUA CLEAN 3D FILTER MEDIA – 1L","R53.50 Excl. Vat","Yes","https://www.akwa.co.za/product/aqua-clean-3d-filter-media-1l/","https://www.akwa.co.za/wp-content/uploads/2022/08/AC1002-300x300.png","AC1002"
"15110","AQUA CLEAN 3D FILTER MEDIA PLUS – 1L","R54.05 Excl. Vat","Yes","https://www.akwa.co.za/product/aqua-clean-3d-filter-media-plus-1l/","https://www.akwa.co.za/wp-content/uploads/2024/03/AC1007-300x300.png","AC1007"
"","AQUA CLEAN BIO FILTER MEDIA","R56.20 – R265.20Price range: R56.20 through R265.20 Excl. Vat","Yes","https://www.akwa.co.za/product/aqua-clean-bio-filter-media-1lt/","https://www.akwa.co.za/wp-content/uploads/2022/10/BIO-FILTER-MEDIA-300x300.png","BIO-FILTER-MEDIA"
"15360","AQUA CLEAN BIO FOAM STONE FILTER MEDIA – 30L","R1,088.80 Excl. Vat","Yes","https://www.akwa.co.za/product/aqua-clean-bio-foam-stone-filter-media-30l/","https://www.akwa.co.za/wp-content/uploads/2024/03/AC1025-300x300.png","AC1025"
"","AQUA CLEAN BLUE FILTER MAT","R139.20 – R500.75Price range: R139.20 through R500.75 Excl. Vat","Yes","https://www.akwa.co.za/product/aqua-clean-blue-filter-mat-500x500/","https://www.akwa.co.za/wp-content/uploads/2022/08/AC1010-300x300.png","AC1010"
"2385","DOPHIN ALGAE WAFERS 250ml (10)","R39.70 Excl. Vat","Yes","https://www.akwa.co.za/product/dophin-algae-wafers-250ml-10/","https://www.akwa.co.za/wp-content/uploads/2020/03/DF1375-300x300.png","DF1375"
"2998","DOPHIN BASIC FLAKE 100ml (3)","R23.85 Excl. Vat","Yes","https://www.akwa.co.za/product/dophin-basic-flake-100ml-3/","https://www.akwa.co.za/wp-content/uploads/2020/05/DF1301-300x300.png","DF1301"
"3003","DOPHIN BASIC FLAKE 250ml (3)","R35.80 Excl. Vat","Yes","https://www.akwa.co.za/product/dophin-basic-flake-250ml-3/","https://www.akwa.co.za/wp-content/uploads/2020/05/DF1302-300x300.png","DF1302"
"19535","DOPHIN BASIC FLAKE 50ml (3)","R23.85 Excl. Vat","Yes","https://www.akwa.co.za/product/dophin-basic-flake-50ml-3/","https://www.akwa.co.za/wp-content/uploads/2025/08/DF1300-300x300.png","DF1300"
"2384","DOPHIN BOTTOM FEEDER 500ml (12)","R81.00 Excl. Vat","Yes","https://www.akwa.co.za/product/dophin-bottom-feeder-500ml-12/","https://www.akwa.co.za/wp-content/uploads/2020/03/DF1377-300x300.png","DF1377"
"2994","DOPHIN CICHLID PELLETS 100g (COLOUR FOOD) MEDIUM","R38.00 Excl. Vat","Yes","https://www.akwa.co.za/product/dophin-cichlid-pellets-100g-colour-food-medium/","https://www.akwa.co.za/wp-content/uploads/2020/05/AF0226-300x300.png","AF0226"
"2993","DOPHIN CICHLID PELLETS 100g (COLOUR FOOD) MINI","R38.00 Excl. Vat","Yes","https://www.akwa.co.za/product/dophin-cichlid-pellets-100g-colour-food-mini/","https://www.akwa.co.za/wp-content/uploads/2020/05/AF0227-300x300.png","AF0227"
"2992","DOPHIN CICHLID PELLETS 260g (COLOUR FOOD) MINI","R73.75 Excl. Vat","Yes","https://www.akwa.co.za/product/dophin-cichlid-pellets-260g-colour-food-mini/","https://www.akwa.co.za/wp-content/uploads/2020/05/AF0227-300x300.png","AF0227"
"3004","DOPHIN GOLD FLAKE 100ml (11)","R23.85 Excl. Vat","Yes","https://www.akwa.co.za/product/dophin-gold-flake-100ml-11/","https://www.akwa.co.za/wp-content/uploads/2020/05/DF1309-300x300.png","DF1309"
"3005","DOPHIN GOLD FLAKE 250ml (11)","R35.80 Excl. Vat","Yes","https://www.akwa.co.za/product/dophin-gold-flake-250ml-11/","https://www.akwa.co.za/wp-content/uploads/2020/05/DF1310-300x300.png","DF1310"
"19538","DOPHIN GOLD FLAKE 50ml (11)","R16.25 Excl. Vat","Yes","https://www.akwa.co.za/product/dophin-gold-flake-50ml-11/","https://www.akwa.co.za/wp-content/uploads/2025/08/DF1308-300x300.png","DF1308"
"2386","DOPHIN MICRO PELLETS 100ml (8)","R35.20 Excl. Vat","Yes","https://www.akwa.co.za/product/dophin-micro-pellets-100ml-8/","https://www.akwa.co.za/wp-content/uploads/2020/03/DF1354-300x300.png","DF1354"
"","AMAZON MIX PEBBLE 4-6mm","R41.45 – R95.75Price range: R41.45 through R95.75 Excl. Vat","Yes","https://www.akwa.co.za/product/amazon-mix-pebble-4-6mm-2kg/","https://www.akwa.co.za/wp-content/uploads/2020/05/AG1017D-300x300.png","AG1017D"
"","AQUARIUM PLANT SOIL 1-2mm","R131.95 – R514.65Price range: R131.95 through R514.65 Excl. Vat","Yes","https://www.akwa.co.za/product/aquarium-plant-substrate-1-2mm-2kg/","https://www.akwa.co.za/wp-content/uploads/2020/05/AG1092AA-300x300.png","AG1092AA"
"","AQUARIUM SAND FINE","R34.60 – R83.55Price range: R34.60 through R83.55 Excl. Vat","Yes","https://www.akwa.co.za/product/aquarium-sand-fine/","https://www.akwa.co.za/wp-content/uploads/2024/08/AG1030A-300x300.png","AG1030A"
"","ASH GREY AQUARIUM GRAVEL 3-5mm","R41.45 – R95.75Price range: R41.45 through R95.75 Excl. Vat","Yes","https://www.akwa.co.za/product/ash-grey-aquarium-gravel-3-5mm/","https://www.akwa.co.za/wp-content/uploads/2024/08/AG1006-300x300.png","AG1006"
"","BAHAMA ROSE PINK PEBBLE 3-4mm","R41.45 – R95.75Price range: R41.45 through R95.75 Excl. Vat","Yes","https://www.akwa.co.za/product/bahama-rose-pink-pebble-3-4mm-2kg/","https://www.akwa.co.za/wp-content/uploads/2020/05/AG1007A-300x300.png","AG1007A"
"","BLACK & WHITE SPECKLED PEBBLE 4-6mm","R41.45 – R95.75Price range: R41.45 through R95.75 Excl. Vat","Yes","https://www.akwa.co.za/product/black-white-speckled-pebble-4-6mm-2kg/","https://www.akwa.co.za/wp-content/uploads/2020/05/AG1002B-300x300.png","AG1002B"
"","BLACK PEBBLE 6-9mm","R41.45 – R95.75Price range: R41.45 through R95.75 Excl. Vat","Yes","https://www.akwa.co.za/product/black-pebble-6-9mm/","https://www.akwa.co.za/wp-content/uploads/2020/05/AG1019B-300x300.png","AG1019B"
"","BLACK POLISHED PEBBLE 2-4mm","R41.45 – R95.75Price range: R41.45 through R95.75 Excl. Vat","Yes","https://www.akwa.co.za/product/black-polished-pebble-2-4mm-2kg/","https://www.akwa.co.za/wp-content/uploads/2020/05/AG1019B-300x300.png","AG1019B"
"","BLACK POLISHED PEBBLE 3-5mm","R41.45 – R95.75Price range: R41.45 through R95.75 Excl. Vat","Yes","https://www.akwa.co.za/product/black-polished-pebble-3-5mm/","https://www.akwa.co.za/wp-content/uploads/2024/08/AG1019C-300x300.png","AG1019C"
"3501","COLOUR STONE SMOOTH BLACK – 1kg","R35.10 Excl. Vat","Yes","https://www.akwa.co.za/product/colour-stone-smooth-black-1kg/","https://www.akwa.co.za/wp-content/uploads/2020/05/CG0876-300x300.png","CG0876"
"3497","COLOUR STONE SMOOTH BLUE – 1kg","R35.10 Excl. Vat","Yes","https://www.akwa.co.za/product/colour-stone-smooth-blue-1kg/","https://www.akwa.co.za/wp-content/uploads/2020/05/CG0872-300x300.png","CG0872"
"3499","COLOUR STONE SMOOTH GREEN – 1kg","R35.10 Excl. Vat","Yes","https://www.akwa.co.za/product/colour-stone-smooth-green-1kg/","https://www.akwa.co.za/wp-content/uploads/2020/05/CG0874-300x300.png","CG0874"
"13624","DOPHIN HEATER 500W (400mm-L)","R213.50 Original price was: R213.50.R181.48Current price is: R181.48. Excl. Vat","Yes","https://www.akwa.co.za/product/dophin-heater-500w/","https://www.akwa.co.za/wp-content/uploads/2023/09/HTR0250-300x300.png","HTR0250"
"2660","DOPHIN SUBMERSIBLE THERMOSTAT – 200W (320mm-L)","R169.35 Original price was: R169.35.R143.95Current price is: R143.95. Excl. Vat","Yes","https://www.akwa.co.za/product/dophin-submersible-thermostat-200w-l310mm/","https://www.akwa.co.za/wp-content/uploads/2020/04/HTR0220-300x300.png","HTR0220"
"2658","DOPHIN SUBMERSIBLE THERMOSTAT HEATER – 100W (260mm-L)","R155.70 Excl. Vat","Yes","https://www.akwa.co.za/product/dophin-submersible-thermostat-heater-100w/","https://www.akwa.co.za/wp-content/uploads/2020/04/HTR0210-300x300.png","HTR0210"
"2659","DOPHIN SUBMERSIBLE THERMOSTAT HEATER – 150W (320mm-L)","R161.65 Original price was: R161.65.R137.40Current price is: R137.40. Excl. Vat","Yes","https://www.akwa.co.za/product/dophin-submersible-thermostat-heater-150w-l-300mm/","https://www.akwa.co.za/wp-content/uploads/2020/04/HTR0215-300x300.png","HTR0215"
"2642","DOPHIN SUBMERSIBLE THERMOSTAT HEATER – 25W (220mm-L)","R149.05 Excl. Vat","Yes","https://www.akwa.co.za/product/dophin-submersible-thermostat-heater-25w/","https://www.akwa.co.za/wp-content/uploads/2020/04/HTR0202-300x300.png","HTR0202"
"2661","DOPHIN SUBMERSIBLE THERMOSTAT HEATER – 300W (350mm-L)","R178.30 Original price was: R178.30.R151.56Current price is: R151.56. Excl. Vat","Yes","https://www.akwa.co.za/product/dophin-submersible-thermostat-heater-300w-l360mm/","https://www.akwa.co.za/wp-content/uploads/2020/04/HTR0230-300x300.png","HTR0230"
"2657","DOPHIN SUBMERSIBLE THERMOSTAT HEATER – 50W (220mm-L)","R149.05 Excl. Vat","Yes","https://www.akwa.co.za/product/dophin-submersible-thermostat-heater-50w/","https://www.akwa.co.za/wp-content/uploads/2020/04/HTR0205-300x300.png","HTR0205"
"2662","SUCTION CUPS DOPHIN HEATER 2/PACK","R26.35 Excl. Vat","Yes","https://www.akwa.co.za/product/suction-cups-dophin-heater-2-pack/","https://www.akwa.co.za/wp-content/uploads/2020/04/HTR0000-300x300.png","HTR0000"
"12338","SUN SUN HEATER XRB-1000 / 1000W","R551.40 Excl. Vat","Yes","https://www.akwa.co.za/product/sun-sun-heater-xrb-1000-1000w/","https://www.akwa.co.za/wp-content/uploads/2023/01/HTR1000-300x300.png","HTR1000"
"12337","SUN SUN HEATER XRB-600 / 600W","R492.85 Original price was: R492.85.R369.64Current price is: R369.64. Excl. Vat","Yes","https://www.akwa.co.za/product/sun-sun-heater-xrb-600-600w/","https://www.akwa.co.za/wp-content/uploads/2023/01/HTR0600-300x300.png","HTR0600"
"15272","6in1 – CLEANING BRUSH 10W – HG086","R669.90 Excl. Vat","Yes","https://www.akwa.co.za/product/6in1-cleaning-brush-10w-hg086/","https://www.akwa.co.za/wp-content/uploads/2024/03/HG086-1-e1748954595612-300x300.jpg","HG086-1"
"15240","AQUARIUM COOLING FAN 1 – HG051-1","R259.00 Excl. Vat","Yes","https://www.akwa.co.za/product/aquarium-cooling-fan-1-hg051-1/","https://www.akwa.co.za/wp-content/uploads/2024/03/HG051-1FAN-7-e1748955366413-300x300.jpg","HG051-1FAN-7"
"15248","AQUARIUM COOLING FAN 3 – HG051-3","R545.60 Excl. Vat","Yes","https://www.akwa.co.za/product/aquarium-cooling-fan-3-hg051-3/","https://www.akwa.co.za/wp-content/uploads/2024/03/HG051-3FAN-2-e1748955343158-300x300.jpg","HG051-3FAN-2"
"15230","BIO SPONGE FILTER MEDIUM – AQ046-M","R195.15 Excl. Vat","Yes","https://www.akwa.co.za/product/bio-sponge-filter-medium-aq046-m/","https://www.akwa.co.za/wp-content/uploads/2024/03/AQ046-sponge-filter-300x300.jpg","AQ046-sponge-filter"
"15239","BIO SPONGE FILTER SMALL – AQ046-S","R91.75 Excl. Vat","Yes","https://www.akwa.co.za/product/bio-sponge-filter-small-aq046-s/","https://www.akwa.co.za/wp-content/uploads/2024/03/AQ046-sponge-filter-300x300.jpg","AQ046-sponge-filter"
"15270","HIGH EFFICIENCY AC/DC – HG067-18W","R1,066.60 Excl. Vat","Yes","https://www.akwa.co.za/product/high-efficiency-ac-dc-hg067-18w/","https://www.akwa.co.za/wp-content/uploads/2024/03/HG067-7-e1748954756891-300x300.jpg","HG067-7"
"15259","HIGH EFFICIENCY AD/DC – HG067-10W","R805.75 Excl. Vat","Yes","https://www.akwa.co.za/product/high-efficiency-ad-dc-hg067-10w/","https://www.akwa.co.za/wp-content/uploads/2024/03/HG067-7-e1748954756891-300x300.jpg","HG067-7"
"16552","HYGGER 4 in 1 – UV FILTER – HG032","R485.35 Excl. Vat","Yes","https://www.akwa.co.za/product/hygger-4-in-1-uv-filter-hg032/","https://www.akwa.co.za/wp-content/uploads/2024/08/61A-boTcvL._AC_SL1500_-300x300.jpg","61A-boTcvL._AC_SL1500_"
"20690","HYGGER APEX AQUARIUM CLIP LED – HG990-14W","R420.35 Excl. Vat","Yes","https://www.akwa.co.za/product/hygger-apex-aquarium-clip-led-hg990-14w/","https://www.akwa.co.za/wp-content/uploads/2025/12/Hygger-Planted-Aquarium-Led-Light-5-1-300x300.webp","Hygger-Planted-Aquarium-Led-Light-5-1"
"13823","HYGGER AUTO DOSING PUMP – HG932 D4P","R1,751.35 Excl. Vat","Yes","https://www.akwa.co.za/product/hygger-auto-dosing-pump-hg932-d4p/","https://www.akwa.co.za/wp-content/uploads/2023/09/HYG0932-1-e1749476615948-300x300.png","HYG0932-1"
"13839","HYGGER AUTO GRAVEL CLEANER – HG966","R491.10 Excl. Vat","Yes","https://www.akwa.co.za/product/hygger-auto-gravel-cleaner-hg966/","https://www.akwa.co.za/wp-content/uploads/2023/09/HYG0966-1-e1749475946191-300x300.png","HYG0966-1"
"13858","HYGGER AUTO TOP SYSTEM – HG987","R1,044.45 Excl. Vat","Yes","https://www.akwa.co.za/product/hygger-auto-top-system-hg987/","https://www.akwa.co.za/wp-content/uploads/2023/09/HYG0987-1-e1749475429683-300x300.png","HYG0987-1"
"19672","HYGGER BLACK SPONGE – HG032-HM","R27.00 Excl. Vat","Yes","https://www.akwa.co.za/product/hygger-black-sponge-hg032-hm/","https://www.akwa.co.za/wp-content/uploads/2025/08/HYG032-HM-300x300.png","HYG032-HM"
"19686","HYGGER BLACK SPONGE PAD – HG086-HM","R36.45 Excl. Vat","Yes","https://www.akwa.co.za/product/hygger-black-sponge-pad-hg086-hm/","https://www.akwa.co.za/wp-content/uploads/2025/08/HYG086-HM-300x300.png","HYG086-HM"
"19721","HYGGER FILTER CARTRIDGE – HG948-THP","R34.05 Excl. Vat","Yes","https://www.akwa.co.za/product/hygger-filter-cartridge-hg948-thp/","https://www.akwa.co.za/wp-content/uploads/2025/08/HYG108-8W-HM-1-300x300.png","HYG108-8W-HM-1"
"19670","HYGGER GLASS SLEEVE – HG032-BLTG","R48.15 Excl. Vat","Yes","https://www.akwa.co.za/product/hygger-glass-sleeve-hg032-bltg/","https://www.akwa.co.za/wp-content/uploads/2025/08/HYG032-BLTG-300x300.png","HYG032-BLTG"
"19690","HYGGER GREEN SPONGE PAD – HG086-LM","R15.70 Excl. Vat","Yes","https://www.akwa.co.za/product/hygger-green-sponge-pad-hg086-lm/","https://www.akwa.co.za/wp-content/uploads/2025/08/HYG086-LM-300x300.png","HYG086-LM"
"19691","HYGGER GREY CLOTH PAD – HG086-MJ","R34.80 Excl. Vat","Yes","https://www.akwa.co.za/product/hygger-grey-cloth-pad-hg086-mj/","https://www.akwa.co.za/wp-content/uploads/2025/08/HYG086-MJ-300x300.png","HYG086-MJ"
"19562","HYGGER HG957 EXTENDED BRACKET SET","R79.30 Excl. Vat","Yes","https://www.akwa.co.za/product/hygger-hg957-extended-bracket-set/","https://www.akwa.co.za/wp-content/uploads/2025/08/HYG0957EB-300x300.png","HYG0957EB"
"19565","HYGGER HG978 EXTENDED BRACKET SET","R79.30 Excl. Vat","Yes","https://www.akwa.co.za/product/hygger-hg978-extended-bracket-set/","https://www.akwa.co.za/wp-content/uploads/2025/08/HYG0978EB-300x300.png","HYG0978EB"
"19685","HYGGER POWER ADAPTER – HG082-SPQ-EU","R62.80 Excl. Vat","Yes","https://www.akwa.co.za/product/hygger-power-adapter-hg082-spq-eu/","https://www.akwa.co.za/wp-content/uploads/2025/08/HYG082-SPQ-300x300.png","HYG082-SPQ"
"19723","HYGGER REPLACEMENT SPONGE – HG979-THP","R125.60 Excl. Vat","Yes","https://www.akwa.co.za/product/hygger-replacement-sponge-hg979-thp/","https://www.akwa.co.za/wp-content/uploads/2025/08/HYG108-8W-HM-2-300x300.png","HYG108-8W-HM-2"
"19682","HYGGER SILICON O-RING – HG082-FSQ","R9.45 Excl. Vat","Yes","https://www.akwa.co.za/product/hygger-silicon-o-ring-hg082-fsq/","https://www.akwa.co.za/wp-content/uploads/2025/08/HYG082-FSQ-300x300.png","HYG082-FSQ"
"19671","HYGGER SLEEVE O-RING – HG032-FSQ","R9.45 Excl. Vat","Yes","https://www.akwa.co.za/product/hygger-sleeve-o-ring-hg032-fsq/","https://www.akwa.co.za/wp-content/uploads/2025/08/HYG032-FSQ-300x300.png","HYG032-FSQ"
"2045","BIO LUX LAMP 10W","R46.85 Excl. Vat","Yes","https://www.akwa.co.za/product/bio-lux-lamp-14-10w/","https://www.akwa.co.za/wp-content/uploads/2020/03/BIO-LUX-LAMP-300x300.png","BIO-LUX-LAMP"
"2046","BIO LUX LAMP 15W","R53.60 Excl. Vat","Yes","https://www.akwa.co.za/product/bio-lux-lamp-18/","https://www.akwa.co.za/wp-content/uploads/2020/03/BIO-LUX-LAMP-300x300.png","BIO-LUX-LAMP"
"2047","BIO LUX LAMP 20W","R61.20 Excl. Vat","Yes","https://www.akwa.co.za/product/bio-lux-lamp-24/","https://www.akwa.co.za/wp-content/uploads/2020/03/BIO-LUX-LAMP-300x300.png","BIO-LUX-LAMP"
"2048","BIO LUX LAMP 30W","R71.10 Excl. Vat","Yes","https://www.akwa.co.za/product/bio-lux-lamp-36/","https://www.akwa.co.za/wp-content/uploads/2020/03/BIO-LUX-LAMP-300x300.png","BIO-LUX-LAMP"
"2049","BIO LUX LAMP 40W","R77.50 Excl. Vat","Yes","https://www.akwa.co.za/product/bio-lux-lamp-48/","https://www.akwa.co.za/wp-content/uploads/2020/03/BIO-LUX-LAMP-300x300.png","BIO-LUX-LAMP"
"17941","DOPHIN CLAMP LED-105 / GT8003 MINI TANK","R280.95 Excl. Vat","Yes","https://www.akwa.co.za/product/dophin-clamp-led-105-gt8003-mini-tank/","https://www.akwa.co.za/wp-content/uploads/2025/01/LED0105-2-e1748861965129-300x300.png","LED0105-2"
"11247","DOPHIN LED – 1089 – BIO LUX – 45cm/17W","R429.35 Excl. Vat","Yes","https://www.akwa.co.za/product/dophin-led-1089-bio-lux-45cm-17w/","https://www.akwa.co.za/wp-content/uploads/2022/07/LED-17W-1-300x300.png","LED-17W-1"
"11246","DOPHIN LED-1088 – RED – 35CM/12W","R356.50 Excl. Vat","Yes","https://www.akwa.co.za/product/dophin-led-1088-red-35cm-12w/","https://www.akwa.co.za/wp-content/uploads/2022/07/LED-12W-1-300x300.png","LED-12W-1"
"11248","DOPHIN LED-1089 – MARINE – 45cm/17W","R429.35 Excl. Vat","Yes","https://www.akwa.co.za/product/dophin-led-1089-marine-45cm-17w/","https://www.akwa.co.za/wp-content/uploads/2022/07/LED-17W-1-300x300.png","LED-17W-1"
"11249","DOPHIN LED-1089 – RGB – 45cm/17W","R429.35 Excl. Vat","Yes","https://www.akwa.co.za/product/dophin-led-1089-rgb-45cm-17w/","https://www.akwa.co.za/wp-content/uploads/2022/07/LED-17W-1-300x300.png","LED-17W-1"
"11251","DOPHIN LED-1090 – MARINE – 60cm/20W","R543.75 Excl. Vat","Yes","https://www.akwa.co.za/product/dophin-led-1090-marine-60cm-20w/","https://www.akwa.co.za/wp-content/uploads/2022/07/LED-20W-1-300x300.png","LED-20W-1"
"11252","DOPHIN LED-1090 – RGB – 60cm/20W","R543.75 Excl. Vat","Yes","https://www.akwa.co.za/product/dophin-led-1090-rgb-60cm-20w/","https://www.akwa.co.za/wp-content/uploads/2022/07/LED-20W-1-300x300.png","LED-20W-1"
"2084","LAMPHOLDERS BI PIN","R10.65 Excl. Vat","Yes","https://www.akwa.co.za/product/lampholders-bi-pin/","https://www.akwa.co.za/wp-content/uploads/2020/03/LS0114-1-300x300.png","LS0114-1"
"2085","LAMPHOLDERS MINI BI PIN","R9.05 Excl. Vat","Yes","https://www.akwa.co.za/product/lampholders-mini-bi-pin/","https://www.akwa.co.za/wp-content/uploads/2020/03/LS0080-1-300x300.png","LS0080-1"
"2044","LED TUBE CONNECTION WIRE 3m SINGLE","R79.65 Excl. Vat","Yes","https://www.akwa.co.za/product/led-tube-connection-wire-3m-single/","https://www.akwa.co.za/wp-content/uploads/2020/03/LED0502-300x300.png","LED0502"
"20193","REPLACEMENT LED – TF-250/ TW-300 TANK","R180.15 Excl. Vat","Yes","https://www.akwa.co.za/product/replacement-led-tf-250-tw-300-tank/","https://www.akwa.co.za/wp-content/uploads/2025/10/LED0003-300x300.png","LED0003"
"20196","REPLACEMENT LIGHT FOR HNE / ZHE / ZHR","R118.25 Excl. Vat","Yes","https://www.akwa.co.za/product/replacement-light-for-hne-zhe-zhr/","https://www.akwa.co.za/wp-content/uploads/2025/10/LED0012-300x300.png","LED0012"
"2088","TUBE CLIP 24mm PLASTIC","R3.95 Excl. Vat","Yes","https://www.akwa.co.za/product/tube-clip-24mm-plastic/","https://www.akwa.co.za/wp-content/uploads/2020/03/LS0083-300x300.png","LS0083"
"2089","TUBE CLIP 35mm PLASTIC","R4.05 Excl. Vat","Yes","https://www.akwa.co.za/product/tube-clip-35mm-plastic/","https://www.akwa.co.za/wp-content/uploads/2020/03/LS0084-300x300.png","LS0084"
"2086","TUBE CLIP SET 24mm (Push in clips)","R14.05 Excl. Vat","Yes","https://www.akwa.co.za/product/tube-clip-set-24mm-push-in-clips/","https://www.akwa.co.za/wp-content/uploads/2020/03/LS0081-300x300.png","LS0081"
"2087","TUBE CLIP SET 35mm (Push in clips)","R10.95 Excl. Vat","Yes","https://www.akwa.co.za/product/tube-clip-set-35mm-push-in-clips/","https://www.akwa.co.za/wp-content/uploads/2020/03/LS0082-300x300.png","LS0082"
"4794","DOPHIN UV-REPLACEMENT TUBE 5-WATT","R214.50 Excl. Vat","Yes","https://www.akwa.co.za/product/dophin-uv-replacement-tube-5-watt/","https://www.akwa.co.za/wp-content/uploads/2020/07/DUV0090-300x300.png","DUV0090"
"4795","DOPHIN UV-REPLACEMENT TUBE 7-WATT","R223.45 Excl. Vat","Yes","https://www.akwa.co.za/product/dophin-uv-replacement-tube-7-watt/","https://www.akwa.co.za/wp-content/uploads/2020/07/DUV0092-300x300.png","DUV0092"
"4796","DOPHIN UV-REPLACEMENT TUBE 9-WATT","R241.90 Excl. Vat","Yes","https://www.akwa.co.za/product/dophin-uv-replacement-tube-9-watt/","https://www.akwa.co.za/wp-content/uploads/2020/07/DUV0094-300x300.png","DUV0094"
"20308","FOAM INSERT CF-1200S","R19.00 Excl. Vat","Yes","https://www.akwa.co.za/product/foam-insert-cf-1200s/","https://www.akwa.co.za/wp-content/uploads/2025/11/FI0646-300x300.png","FI0646"
"20309","FOAM INSERT CF-1500S","R28.25 Excl. Vat","Yes","https://www.akwa.co.za/product/foam-insert-cf-1500s/","https://www.akwa.co.za/wp-content/uploads/2025/11/FI0647-300x300.png","FI0647"
"20306","FOAM INSERT CF-700S","R12.30 Excl. Vat","Yes","https://www.akwa.co.za/product/foam-insert-cf-700s/","https://www.akwa.co.za/wp-content/uploads/2025/11/FI0644-300x300.png","FI0644"
"20307","FOAM INSERT CF-900S","R19.00 Excl. Vat","Yes","https://www.akwa.co.za/product/foam-insert-cf-900s/","https://www.akwa.co.za/wp-content/uploads/2025/11/FI0645-300x300.png","FI0645"
"12332","FOAM INSERT CUP-809","R15.15 Excl. Vat","Yes","https://www.akwa.co.za/product/foam-insert-cup-809/","https://www.akwa.co.za/wp-content/uploads/2023/01/FI0643-300x300.png","FI0643"
"4809","FOAM INSERT HJ-111B","R19.70 Excl. Vat","Yes","https://www.akwa.co.za/product/foam-insert-hj-111b/","https://www.akwa.co.za/wp-content/uploads/2020/07/FI0636-300x300.png","FI0636"
"4813","FOAM INSERT HJ-1152","R31.90 Excl. Vat","Yes","https://www.akwa.co.za/product/foam-insert-hj-1152/","https://www.akwa.co.za/wp-content/uploads/2020/07/FI0642-300x300.png","FI0642"
"4810","FOAM INSERT HJ-611B","R21.65 Excl. Vat","Yes","https://www.akwa.co.za/product/foam-insert-hj-611b/","https://www.akwa.co.za/wp-content/uploads/2020/07/FI0638-300x300.png","FI0638"
"4811","FOAM INSERT HJ-752","R24.25 Excl. Vat","Yes","https://www.akwa.co.za/product/foam-insert-hj-752/","https://www.akwa.co.za/wp-content/uploads/2020/07/FI0640-300x300.png","FI0640"
"","MASTERLINE ALL IN ONE BOOST","R135.75 – R1,269.75Price range: R135.75 through R1,269.75 Excl. Vat","Yes","https://www.akwa.co.za/product/masterline-all-in-one-boost/","https://www.akwa.co.za/wp-content/uploads/2024/10/All-in-One-Boost-e1748872071423-300x300.png","All-in-One-Boost"
"","MASTERLINE ALL IN ONE GOLDEN","R135.75 – R1,269.75Price range: R135.75 through R1,269.75 Excl. Vat","Yes","https://www.akwa.co.za/product/masterline-all-in-one-golden/","https://www.akwa.co.za/wp-content/uploads/2024/10/All-in-One-Golden-e1748872039934-300x300.png","All-in-One-Golden"
"","MASTERLINE ALL IN ONE LEAN","R135.75 – R1,269.75Price range: R135.75 through R1,269.75 Excl. Vat","Yes","https://www.akwa.co.za/product/masterline-all-in-one-lean/","https://www.akwa.co.za/wp-content/uploads/2024/10/All-in-One-Lean-e1748872005702-300x300.png","All-in-One-Lean"
"","MASTERLINE ALL IN ONE RED","R135.75 – R1,269.75Price range: R135.75 through R1,269.75 Excl. Vat","Yes","https://www.akwa.co.za/product/masterline-all-in-one-red/","https://www.akwa.co.za/wp-content/uploads/2024/10/All-in-One-Red-e1748871975221-300x300.png","All-in-One-Red"
"","MASTERLINE CARBO","R76.50 – R685.15Price range: R76.50 through R685.15 Excl. Vat","Yes","https://www.akwa.co.za/product/masterline-carbo/","https://www.akwa.co.za/wp-content/uploads/2024/10/Carbo-e1748871933561-300x300.png","Carbo"
"16917","MASTERLINE CRYSTAL CLEAR – 500ml","R166.50 Excl. Vat","Yes","https://www.akwa.co.za/product/masterline-crystal-clear-500ml/","https://www.akwa.co.za/wp-content/uploads/2024/10/ML1011-e1748871734308-300x300.png","ML1011"
"16922","MASTERLINE DOSING PUMP – 1.2ml","R10.90 Excl. Vat","Yes","https://www.akwa.co.za/product/masterline-dosing-pump-1-2ml/","https://www.akwa.co.za/wp-content/uploads/2024/10/ML1031-e1748871665138-300x300.png","ML1031"
"16924","MASTERLINE DOSING PUMP – 5ml","R16.50 Excl. Vat","Yes","https://www.akwa.co.za/product/masterline-dosing-pump-5ml/","https://www.akwa.co.za/wp-content/uploads/2024/10/ML1032-e1748871630250-300x300.png","ML1032"
"20018","MASTERLINE FILTERMAX – 1000ml","R171.75 Excl. Vat","Yes","https://www.akwa.co.za/product/masterline-filtermax-1000ml/","https://www.akwa.co.za/wp-content/uploads/2025/10/ML1040-300x300.png","ML1040"
"20022","MASTERLINE FILTERMAX – 3000ml","R431.25 Excl. Vat","Yes","https://www.akwa.co.za/product/masterline-filtermax-3000ml/","https://www.akwa.co.za/wp-content/uploads/2025/10/ML1041-300x300.png","ML1041"
"16919","MASTERLINE GH PLUS – 250g","R181.15 Excl. Vat","Yes","https://www.akwa.co.za/product/masterline-gh-plus-250g/","https://www.akwa.co.za/wp-content/uploads/2024/10/ML1013-300x300.png","ML1013"
"","MASTERLINE I","R62.65 – R587.25Price range: R62.65 through R587.25 Excl. Vat","Yes","https://www.akwa.co.za/product/masterline-i/","https://www.akwa.co.za/wp-content/uploads/2024/10/Masterline-I-e1748871831287-300x300.png","Masterline-I"
"3006","AQUADENE ANTI CHLORINE 100ml (1)","R19.20 Excl. Vat","Yes","https://www.akwa.co.za/product/aquadene-anti-chlorine-100ml-1/","https://www.akwa.co.za/wp-content/uploads/2025/10/AD0075-300x300.png","AD0075"
"3014","AQUADENE GENERAL CURE 100ml (3)","R28.95 Excl. Vat","Yes","https://www.akwa.co.za/product/aquadene-general-cure-100ml-3/","https://www.akwa.co.za/wp-content/uploads/2020/05/AD0080-300x300.png","AD0080"
"3017","AQUADENE GILL FUNGUS PARASITE 100mL (4)","R28.95 Excl. Vat","Yes","https://www.akwa.co.za/product/aquadene-gill-fungus-parasite-100ml-4/","https://www.akwa.co.za/wp-content/uploads/2020/05/AD0082-300x300.png","AD0082"
"3013","AQUADENE WHITESPOT 100ml (2)","R28.95 Excl. Vat","Yes","https://www.akwa.co.za/product/aquadene-whitespot-100ml-2/","https://www.akwa.co.za/wp-content/uploads/2020/05/AD0078-300x300.png","AD0078"
"16984","AQUADINE 6 IN 1 – TEST STRIPS / 100","R158.50 Excl. Vat","Yes","https://www.akwa.co.za/product/aquadine-6-in-1-test-strips-100/","https://www.akwa.co.za/wp-content/uploads/2024/10/AD0091-e1748870648108-300x300.png","AD0091"
"14955","AQUADINE PH.0.14 – TEST STRIPS / 100","R61.70 Excl. Vat","Yes","https://www.akwa.co.za/product/aquadine-ph-0-14-test-strips-100/","https://www.akwa.co.za/wp-content/uploads/2024/02/AD0090-300x300.png","AD0090"
"3018","AQUARIUM ALGAE BLOCK 20gr","R24.75 Excl. Vat","Yes","https://www.akwa.co.za/product/aquarium-algae-block-20gr/","https://www.akwa.co.za/wp-content/uploads/2020/05/AAB0071-300x300.png","AAB0071"
"3037","DOPHIN 14 IN 1 NITRI BACT 200ml # 14","R68.70 Excl. Vat","Yes","https://www.akwa.co.za/product/dophin-14-in-1-nitri-bact-200ml-14/","https://www.akwa.co.za/wp-content/uploads/2020/05/DM0614-300x300.png","DM0614"
"3020","DOPHIN ANTI-CHLORINE 200ml – #1","R38.25 Excl. Vat","Yes","https://www.akwa.co.za/product/dophin-anti-chlorine-200ml-1/","https://www.akwa.co.za/wp-content/uploads/2020/05/DM0601-300x300.png","DM0601"
"3034","DOPHIN ANTI-PARASITE 200ml # 5","R77.45 Excl. Vat","Yes","https://www.akwa.co.za/product/dophin-anti-parasite-200ml-5/","https://www.akwa.co.za/wp-content/uploads/2020/05/DM0605-300x300.png","DM0605"
"3036","DOPHIN CLOUDINESS REMOVER 200ml #7","R77.45 Excl. Vat","Yes","https://www.akwa.co.za/product/dophin-cloudiness-remover-200ml-7/","https://www.akwa.co.za/wp-content/uploads/2020/05/DM0607-300x300.png","DM0607"
"3032","DOPHIN GENERAL AID 200ml # 3","R42.60 Excl. Vat","Yes","https://www.akwa.co.za/product/dophin-general-aid-200ml-3/","https://www.akwa.co.za/wp-content/uploads/2020/05/DM0603-300x300.png","DM0603"
"18936","NTL ALGAE GONE 100ml","R111.00 Excl. Vat","Yes","https://www.akwa.co.za/product/ntl-algae-gone-100ml/","https://www.akwa.co.za/wp-content/uploads/2025/05/NTL0473FR-e1748845064246-300x300.png","NTL0473FR"
"19000","NTL ALGAE GONE 250ml","R238.00 Excl. Vat","Yes","https://www.akwa.co.za/product/ntl-algae-gone-250ml/","https://www.akwa.co.za/wp-content/uploads/2025/05/NTL0473FR-e1748845064246-300x300.png","NTL0473FR"
"18991","NTL AQ ANTI-FLUKE & WORMER 200ml","R476.00 Excl. Vat","Yes","https://www.akwa.co.za/product/ntl-aq-anti-fluke-wormer-200ml/","https://www.akwa.co.za/wp-content/uploads/2025/05/NTL0480-e1748844415823-300x300.png","NTL0480"
"18973","NTL AQ ANTI-FLUKE & WORMER 20ml","R111.00 Excl. Vat","Yes","https://www.akwa.co.za/product/ntl-aq-anti-fluke-wormer-20ml/","https://www.akwa.co.za/wp-content/uploads/2025/05/NTL0480-e1748844415823-300x300.png","NTL0480"
"18967","NTL AQ ANTI-INTERNAL BACTERIA 100ml","R111.00 Excl. Vat","Yes","https://www.akwa.co.za/product/ntl-aq-anti-internal-bacteria-100ml/","https://www.akwa.co.za/wp-content/uploads/2025/05/NTL0479-e1748844615856-300x300.png","NTL0479"
"19004","NTL AQ ANTI-INTERNAL BACTERIA 250ml","R238.00 Excl. Vat","Yes","https://www.akwa.co.za/product/ntl-aq-anti-internal-bacteria-250ml/","https://www.akwa.co.za/wp-content/uploads/2025/05/NTL0479-e1748844615856-300x300.png","NTL0479"
"18954","NTL AQ ANTI-PARASITE 100ml","R111.00 Excl. Vat","Yes","https://www.akwa.co.za/product/ntl-aq-anti-parasite-100ml/","https://www.akwa.co.za/wp-content/uploads/2025/05/NTL0476-1-e1748844211229-300x300.png","NTL0476-1"
"19006","NTL AQ ANTI-PARASITE 250ml","R238.00 Excl. Vat","Yes","https://www.akwa.co.za/product/ntl-aq-anti-parasite-250ml/","https://www.akwa.co.za/wp-content/uploads/2025/05/NTL0476-1-e1748844211229-300x300.png","NTL0476-1"
"18988","NTL AQ ANTI-PARASITE TRADE 1L","R476.00 Excl. Vat","Yes","https://www.akwa.co.za/product/ntl-aq-anti-parasite-trade-1l/","https://www.akwa.co.za/wp-content/uploads/2025/05/NTL0476-1-e1748844211229-300x300.png","NTL0476-1"
"18963","NTL AQ ANTI-ULCER & FINROT 100ml","R111.00 Excl. Vat","Yes","https://www.akwa.co.za/product/ntl-aq-anti-ulcer-finrot-100ml/","https://www.akwa.co.za/wp-content/uploads/2025/05/NTL0478-e1748844847616-300x300.png","NTL0478"
"19007","NTL AQ ANTI-ULCER & FINROT 250ml","R238.00 Excl. Vat","Yes","https://www.akwa.co.za/product/ntl-aq-anti-ulcer-finrot-250ml/","https://www.akwa.co.za/wp-content/uploads/2025/05/NTL0478-e1748844847616-300x300.png","NTL0478"
"18990","NTL AQ ANTI-ULCER & FINROT TRADE 1L","R476.00 Excl. Vat","Yes","https://www.akwa.co.za/product/ntl-aq-anti-ulcer-finrot-trade-1l/","https://www.akwa.co.za/wp-content/uploads/2025/05/NTL0478-e1748844847616-300x300.png","NTL0478"
"11230","ANCHOR AND CHAIN SMALL – U-250M","R40.20 Excl. Vat","Yes","https://www.akwa.co.za/product/anchor-and-chain-small-u-250m/","https://www.akwa.co.za/wp-content/uploads/2022/07/AO0250M-300x300.png","AO0250M"
"10540","ANCIENT ROCK STATUE ORNEMENT U-104","R35.45 Excl. Vat","Yes","https://www.akwa.co.za/product/ancient-rock-statue-ornement-u-104/","https://www.akwa.co.za/wp-content/uploads/2020/05/AO0104-e1750859656729-300x300.png","AO0104"
"11233","ANCIENT TEMPLE / TREE ORNAMENT – U838","R255.70 Excl. Vat","Yes","https://www.akwa.co.za/product/ancient-temple-tree-ornament-u838/","https://www.akwa.co.za/wp-content/uploads/2022/07/AO0838-300x300.png","AO0838"
"9504","ANCIENT WEAPONS SKULL – 0014","R98.30 Excl. Vat","Yes","https://www.akwa.co.za/product/ancient-weapons-skull-0014/","https://www.akwa.co.za/wp-content/uploads/2021/08/AO0014-300x300.png","AO0014"
"14792","AQUARIUM BIKER SKULL ORNAMENT","R146.30 Excl. Vat","Yes","https://www.akwa.co.za/product/14792/","https://www.akwa.co.za/wp-content/uploads/2024/01/AO1147-300x300.png","AO1147"
"14803","AQUARIUM CHINESE TEMPLE ORNAMENT","R179.87 Excl. Vat","Yes","https://www.akwa.co.za/product/aquarium-chinese-temple-ornament/","https://www.akwa.co.za/wp-content/uploads/2024/01/AO1160-300x300.png","AO1160"
"14800","AQUARIUM GLADIATOR HELMET ORNAMENT","R125.39 Excl. Vat","Yes","https://www.akwa.co.za/product/aquarium-gladiator-helmet-ornament/","https://www.akwa.co.za/wp-content/uploads/2024/01/AO1149-300x300.png","AO1149"
"3234","AQUARIUM ORNAMENT – BUBBLE OCTOPUS","R128.20 Excl. Vat","Yes","https://www.akwa.co.za/product/aquarium-ornament-bubble-octopus/","https://www.akwa.co.za/wp-content/uploads/2020/05/AO0912-300x300.png","AO0912"
"3233","AQUARIUM ORNAMENT – BUBBLE SKELETON","R128.20 Excl. Vat","Yes","https://www.akwa.co.za/product/aquarium-ornament-bubble-skeleton/","https://www.akwa.co.za/wp-content/uploads/2020/05/AO0911-300x300.png","AO0911"
"3228","AQUARIUM ORNAMENT – HARBOUR ANCHOR","R102.55 Excl. Vat","Yes","https://www.akwa.co.za/product/aquarium-ornament-harbour-anchor/","https://www.akwa.co.za/wp-content/uploads/2020/05/AO0887-300x300.png","AO0887"
"3226","AQUARIUM ORNAMENT – LOG SMILEYS","R164.10 Excl. Vat","Yes","https://www.akwa.co.za/product/aquarium-ornament-log-smileys/","https://www.akwa.co.za/wp-content/uploads/2020/05/AO0842-300x300.png","AO0842"
"3200","AQUARIUM ORNAMENT – SHIP WRECK","R248.10 Excl. Vat","Yes","https://www.akwa.co.za/product/aquarium-ornament-ship-wreck/","https://www.akwa.co.za/wp-content/uploads/2020/05/AO0611-300x300.png","AO0611"
"14760","AQUARIUM PLASTIC PLANT / 4 – PP9707","R18.61 Excl. Vat","Yes","https://www.akwa.co.za/product/aquarium-plastic-plant-4-pp9707/","https://www.akwa.co.za/wp-content/uploads/2024/01/PP9707-1-e1748852630845-300x300.png","PP9707-1"
"14762","AQUARIUM PLASTIC PLANT / 4 – PP9716","R18.61 Excl. Vat","Yes","https://www.akwa.co.za/product/aquarium-plastic-plant-4-pp9716/","https://www.akwa.co.za/wp-content/uploads/2024/01/PP9716-1-e1748852594401-300x300.png","PP9716-1"
"14766","AQUARIUM PLASTIC PLANT / 4 – PP9721","R18.61 Excl. Vat","Yes","https://www.akwa.co.za/product/aquarium-plastic-plant-4-pp9721/","https://www.akwa.co.za/wp-content/uploads/2024/01/PP9721-1-e1748852564336-300x300.png","PP9721-1"
"14768","AQUARIUM PLASTIC PLANT / 4.5 – PP9807","R25.04 Excl. Vat","Yes","https://www.akwa.co.za/product/aquarium-plastic-plant-4-5-pp9807/","https://www.akwa.co.za/wp-content/uploads/2024/01/PP9807-1-e1748852524423-300x300.png","PP9807-1"
"14770","AQUARIUM PLASTIC PLANT / 4.5 – PP9822","R25.04 Excl. Vat","Yes","https://www.akwa.co.za/product/aquarium-plastic-plant-4-5-pp9822/","https://www.akwa.co.za/wp-content/uploads/2024/01/PP9822-1-e1748852497424-300x300.png","PP9822-1"
"14772","AQUARIUM PLASTIC PLANT / 4.5 – PP9825","R25.04 Excl. Vat","Yes","https://www.akwa.co.za/product/aquarium-plastic-plant-4-5-pp9825/","https://www.akwa.co.za/wp-content/uploads/2024/01/PP9825-1-e1748852464976-300x300.png","PP9825-1"
"14773","AQUARIUM PLASTIC PLANT / 4.5 – PP9829","R25.04 Excl. Vat","Yes","https://www.akwa.co.za/product/aquarium-plastic-plant-4-5-pp9829/","https://www.akwa.co.za/wp-content/uploads/2024/01/PP9829-1-e1748852437601-300x300.png","PP9829-1"
"14776","AQUARIUM PLASTIC PLANT / 5 – PP9880","R34.96 Excl. Vat","Yes","https://www.akwa.co.za/product/aquarium-plastic-plant-5-pp9880/","https://www.akwa.co.za/wp-content/uploads/2024/01/PP9880-300x300.png","PP9880"
"14777","AQUARIUM PLASTIC PLANT / 5 – PP9882","R34.96 Excl. Vat","Yes","https://www.akwa.co.za/product/aquarium-plastic-plant-5-pp9882/","https://www.akwa.co.za/wp-content/uploads/2024/01/PP9882-300x300.png","PP9882"
"14733","AQUARIUM PLASTIC PLANT / 5.5 – PP9612","R32.39 Excl. Vat","Yes","https://www.akwa.co.za/product/aquarium-plastic-plant-5-5-pp9612/","https://www.akwa.co.za/wp-content/uploads/2024/01/PP9612-1-e1748852746469-300x300.png","PP9612-1"
"14751","AQUARIUM PLASTIC PLANT / 5.5 – PP9639","R32.39 Excl. Vat","Yes","https://www.akwa.co.za/product/aquarium-plastic-plant-5-5-pp9639/","https://www.akwa.co.za/wp-content/uploads/2024/01/PP9639-1-e1748852718476-300x300.png","PP9639-1"
"14754","AQUARIUM PLASTIC PLANT / 5.5 – PP9664","R32.39 Excl. Vat","Yes","https://www.akwa.co.za/product/14754/","https://www.akwa.co.za/wp-content/uploads/2024/01/PP9664-1-e1748852696703-300x300.png","PP9664-1"
"19591","SUN SUN HQJ-1000G IMPELLER","R6,009,713,255,275.00 Excl. Vat","Yes","https://www.akwa.co.za/product/sun-sun-hqj-1000g-impeller/","https://www.akwa.co.za/wp-content/uploads/2025/08/IMS0526-300x300.png","IMS0526"
"19584","SUN SUN HQJ-500G IMPELLER","R25.50 Excl. Vat","Yes","https://www.akwa.co.za/product/sun-sun-hqj-500g-impeller/","https://www.akwa.co.za/wp-content/uploads/2025/08/IMS0517-300x300.png","IMS0517"
"19589","SUN SUN HQJ-700G IMPELLER","R30.00 Excl. Vat","Yes","https://www.akwa.co.za/product/sun-sun-hqj-700g-impeller/","https://www.akwa.co.za/wp-content/uploads/2025/08/IMS0518-300x300.png","IMS0518"
"19590","SUN SUN HQJ-900G IMPELLER","R38.50 Excl. Vat","Yes","https://www.akwa.co.za/product/sun-sun-hqj-900g-impeller/","https://www.akwa.co.za/wp-content/uploads/2025/08/IMS0519-300x300.png","IMS0519"
"2591","SUN SUN POWERHEAD – HQJ-1000B – 1000 L/H","R187.25 Excl. Vat","Yes","https://www.akwa.co.za/product/sun-sun-powerhead-hqj-1000b-1000-l-h/","https://www.akwa.co.za/wp-content/uploads/2020/04/PHS0513-300x300.png","PHS0513"
"2580","SUN SUN POWERHEAD – HQJ-500G – 300 L/H","R90.75 Excl. Vat","Yes","https://www.akwa.co.za/product/sun-sun-powerhead-hqj-500g-300-l-h/","https://www.akwa.co.za/wp-content/uploads/2020/04/PHS0510-300x300.png","PHS0510"
"2589","SUN SUN POWERHEAD – HQJ-700G – 500 L/H","R105.90 Excl. Vat","Yes","https://www.akwa.co.za/product/sun-sun-powerhead-hqj-700g-500-l-h/","https://www.akwa.co.za/wp-content/uploads/2020/04/PHS0511-300x300.png","PHS0511"
"2590","SUN SUN POWERHEAD – HQJ-900G – 900 L/H","R150.10 Excl. Vat","Yes","https://www.akwa.co.za/product/sun-sun-powerhead-hqj-900g-900-l-h/","https://www.akwa.co.za/wp-content/uploads/2020/04/PHS0512-300x300.png","PHS0512"
"5090","SUN SUN HW-303B CANISTER + UV LAMP 1400 L/H","R1,580.25 Excl. Vat","Yes","https://www.akwa.co.za/product/sun-sun-hw-303b-canister-uv-lamp-1400-l-h/","https://www.akwa.co.za/wp-content/uploads/2020/07/CFS0520-300x300.png","CFS0520"
"5091","SUN SUN HW-304B CANISTER + UV LAMP 2000 L/H","R1,904.70 Excl. Vat","Yes","https://www.akwa.co.za/product/sun-sun-hw-304b-canister-uv-lamp-2000-l-h/","https://www.akwa.co.za/wp-content/uploads/2020/07/CFS0522-300x300.png","CFS0522"
"5094","IN / OUT TAP ASSEMBLY HW-303B","R136.65 Excl. Vat","Yes","https://www.akwa.co.za/product/in-out-tap-assembly-hw-303b/","https://www.akwa.co.za/wp-content/uploads/2020/07/CFS0532-300x300.png","CFS0532"
"5095","IN / OUT TAP ASSEMBLY HW-304B","R136.65 Excl. Vat","Yes","https://www.akwa.co.za/product/in-out-tap-assembly-hw-304b/","https://www.akwa.co.za/wp-content/uploads/2020/07/CFS0533-300x300.png","CFS0533"
"5096","INTAKE / OUTLET ACCESSORIES HW-303B","R88.55 Excl. Vat","Yes","https://www.akwa.co.za/product/intake-outlet-accessories-hw-303b/","https://www.akwa.co.za/wp-content/uploads/2020/07/CFS0535-300x300.png","CFS0535"
"5097","INTAKE / OUTLET ACCESSORIES HW-304B","R88.55 Excl. Vat","Yes","https://www.akwa.co.za/product/intake-outlet-accessories-hw-304b/","https://www.akwa.co.za/wp-content/uploads/2020/07/CFS0536-300x300.png","CFS0536"
"5092","O-RING CANISTER HW-303B","R48.50 Excl. Vat","Yes","https://www.akwa.co.za/product/o-ring-canister-hw-303b/","https://www.akwa.co.za/wp-content/uploads/2020/07/CFS0530-300x300.png","CFS0530"
"5093","O-RING CANISTER HW-304B","R48.50 Excl. Vat","Yes","https://www.akwa.co.za/product/o-ring-canister-hw-304b/","https://www.akwa.co.za/wp-content/uploads/2020/07/CFS0531-300x300.png","CFS0531"
"20316","SUN SUN HW-303B FILTER WOOL","R30.85 Excl. Vat","Yes","https://www.akwa.co.za/product/sun-sun-hw-303b-filter-wool/","https://www.akwa.co.za/wp-content/uploads/2025/11/FI0650-300x300.png","FI0650"
"20319","SUN SUN HW-304B FILTER WOOL","R34.95 Excl. Vat","Yes","https://www.akwa.co.za/product/sun-sun-hw-304b-filter-wool/","https://www.akwa.co.za/wp-content/uploads/2025/11/FI0651-300x300.png","FI0651"
"2667","DOPHIN ROD THERMOMETER (B/CARD)","R17.85 Excl. Vat","Yes","https://www.akwa.co.za/product/aim-rod-thermometer-b-card/","https://www.akwa.co.za/wp-content/uploads/2023/07/TH0501-300x300.png","TH0501"
"2675","FLOATING THERMOMETER WITH HYDROMETER","R40.70 Excl. Vat","Yes","https://www.akwa.co.za/product/floating-thermometer-with-hydrometer/","https://www.akwa.co.za/wp-content/uploads/2020/04/TH0506-300x300.png","TH0506"
"2676","SUN SUN DIGITAL THERMOMETER – WDJ-004","R62.35 Excl. Vat","Yes","https://www.akwa.co.za/product/sun-sun-digital-thermometer-wdj-004/","https://www.akwa.co.za/wp-content/uploads/2020/04/TH0004-300x300.png","TH0004"
"2674","THERMOMETER DIGITAL STICK ON","R16.25 Excl. Vat","Yes","https://www.akwa.co.za/product/thermometer-digital-stick-on/","https://www.akwa.co.za/wp-content/uploads/2020/04/TH0504-300x300.png","TH0504"
"2673","THERMOMETER GLASS & SUCTION CUP","R13.20 Excl. Vat","Yes","https://www.akwa.co.za/product/thermometer-glass-suction-cup/","https://www.akwa.co.za/wp-content/uploads/2020/04/TH0502-300x300.png","TH0502"
"15357","AIRLINE ELBOW JOINT – 50/PACK","R76.45 Excl. Vat","Yes","https://www.akwa.co.za/product/airline-elbow-joint-50-pack/","https://www.akwa.co.za/wp-content/uploads/2024/03/AA0529-300x300.png","AA0529"
"2891","AIRLINE SUCTION CUPS – 10/PACK","R26.35 Excl. Vat","Yes","https://www.akwa.co.za/product/airline-suction-cups-10-pack/","https://www.akwa.co.za/wp-content/uploads/2020/05/AA0524-300x300.png","AA0524"
"11228","AIRSTONE DISK LARGE – 90mm","R45.25 Excl. Vat","Yes","https://www.akwa.co.za/product/airstone-disk-large-90mm/","https://www.akwa.co.za/wp-content/uploads/2022/07/AS0525-300x300.png","AS0525"
"2888","CONTROL VALVES – 50/PACK","R55.20 Excl. Vat","Yes","https://www.akwa.co.za/product/control-valves-50-pack/","https://www.akwa.co.za/wp-content/uploads/2020/05/AA0521-300x300.png","AA0521"
"2892","HOSE CLAMP – 50/PACK","R51.40 Excl. Vat","Yes","https://www.akwa.co.za/product/hose-clamp-50-pack/","https://www.akwa.co.za/wp-content/uploads/2020/05/AA0526-300x300.png","AA0526"
"2890","NON RETURN VALVE","R16.20 Excl. Vat","Yes","https://www.akwa.co.za/product/non-return-valve/","https://www.akwa.co.za/wp-content/uploads/2020/05/AA0523-300x300.png","AA0523"
"12813","NON RETURN VALVE – 20 PACK","R224.55 Excl. Vat","Yes","https://www.akwa.co.za/product/non-return-valve-20-pack/","https://www.akwa.co.za/wp-content/uploads/2023/05/AA0527-300x300.png","AA0527"
"2889","STRAIGHT JOINT – 50/PACK","R31.70 Excl. Vat","Yes","https://www.akwa.co.za/product/straight-joint-50-pack/","https://www.akwa.co.za/wp-content/uploads/2020/05/AA0522-300x300.png","AA0522"
"2887","T-PIECES – 50/PACK","R37.65 Excl. Vat","Yes","https://www.akwa.co.za/product/t-pieces-50-pack/","https://www.akwa.co.za/wp-content/uploads/2020/05/AA0520-300x300.png","AA0520"
"11227","Y – JOINT – 50/PACK","R44.45 Excl. Vat","Yes","https://www.akwa.co.za/product/y-joint-50-pack/","https://www.akwa.co.za/wp-content/uploads/2022/07/AA05251-300x300.png","AA05251"
"2880","AIRLINE TUBING 4mm (100m ROLL)","R210.40 Excl. Vat","Yes","https://www.akwa.co.za/product/airline-tubing-4mm-100m-roll/","https://www.akwa.co.za/wp-content/uploads/2020/05/AL0511-Tube-300x300.png","AL0511-Tube"
"2882","PVC TUBING 10mm (30m ROLL)","R197.00 Excl. Vat","Yes","https://www.akwa.co.za/product/pvc-tubing-10mm-30m-roll/","https://www.akwa.co.za/wp-content/uploads/2020/05/AA0514-Tube-300x300.png","AA0514-Tube"
"2883","PVC TUBING 12mm (30m ROLL)","R304.30 Excl. Vat","Yes","https://www.akwa.co.za/product/pvc-tubing-12mm-30m-roll/","https://www.akwa.co.za/wp-content/uploads/2020/05/AA0515-Tube-300x300.png","AA0515-Tube"
"2884","PVC TUBING 16mm (30m ROLL)","R506.15 Excl. Vat","Yes","https://www.akwa.co.za/product/pvc-tubing-16mm-30m-roll/","https://www.akwa.co.za/wp-content/uploads/2020/05/AA0517-Tube-300x300.png","AA0517-Tube"
"2885","PVC TUBING 20mm (30m ROLL)","R653.70 Excl. Vat","Yes","https://www.akwa.co.za/product/pvc-tubing-20mm-30m-roll/","https://www.akwa.co.za/wp-content/uploads/2020/05/AA0518-Tube-300x300.png","AA0518-Tube"
"2886","PVC TUBING 25mm (20m ROLL)","R669.10 Excl. Vat","Yes","https://www.akwa.co.za/product/pvc-tubing-25mm-20m-roll/","https://www.akwa.co.za/wp-content/uploads/2020/05/AA0519-Tube-300x300.png","AA0519-Tube"
"18020","PVC TUBING 4mm x 100m GREEN/WHITE","R408.05 Excl. Vat","Yes","https://www.akwa.co.za/product/pvc-tubing-4mm-x-100m-green-white/","https://www.akwa.co.za/wp-content/uploads/2020/05/AL0518-300x300.png","AL0518"
"18175","PVC TUBING 6mm (30m ROLL)","R161.90 Excl. Vat","Yes","https://www.akwa.co.za/product/pvc-tubing-6mm-30m-roll/","https://www.akwa.co.za/wp-content/uploads/2025/03/AA0512-Tube-e1748861201536-300x300.png","AA0512-Tube"
"2881","PVC TUBING 8mm (30m ROLL)","R172.40 Excl. Vat","Yes","https://www.akwa.co.za/product/pvc-tubing-8mm-30m-roll/","https://www.akwa.co.za/wp-content/uploads/2020/05/AA0513-Tube-300x300.png","AA0513-Tube"
"2923","AIRSTONE ROUND 30mm","R9.90 Excl. Vat","Yes","https://www.akwa.co.za/product/airstone-round-30mm/","https://www.akwa.co.za/wp-content/uploads/2020/05/AS0540-300x300.png","AS0540"
"2905","DOPHIN AIRSTONE COLOURED LED SMALL – 260mm","R201.05 Excl. Vat","Yes","https://www.akwa.co.za/product/dophin-airstone-coloured-led-small-260mm/","https://www.akwa.co.za/wp-content/uploads/2020/05/AS0520-300x300.png","AS0520"
"13616","DOPHIN FEEDING RING / MC112","R15.50 Excl. Vat","Yes","https://www.akwa.co.za/product/dophin-feeding-ring-mc112/","https://www.akwa.co.za/wp-content/uploads/2023/09/AA0530-300x300.png","AA0530"
"2899","DOPHIN LCD AUTO FEEDER AF013","R354.20 Excl. Vat","Yes","https://www.akwa.co.za/product/dophin-lcd-auto-feeder-af012/","https://www.akwa.co.za/wp-content/uploads/2023/08/FT0320-300x300.png","FT0320"
"13617","DOPHIN SNAIL CATCHER / MC111","R40.35 Excl. Vat","Yes","https://www.akwa.co.za/product/dophin-snail-catcher-mc111/","https://www.akwa.co.za/wp-content/uploads/2023/09/AA0531-300x300.png","AA0531"
"11218","JBL PRO HARU RAPID GLUE – 20g","R221.45 Excl. Vat","Yes","https://www.akwa.co.za/product/jbl-pro-haru-rapid-glue-20g/","https://www.akwa.co.za/wp-content/uploads/2022/07/JBL61399-300x300.png","JBL61399"
"11222","JBL PROSCAPE VOLCANO MINERAL – 9L","R423.80 Excl. Vat","Yes","https://www.akwa.co.za/product/jbl-proscape-volcano-mineral-9l/","https://www.akwa.co.za/wp-content/uploads/2022/07/JBL67078-300x300.png","JBL67078"
"2603","DOPHIN 6500 SINGLE OUTLET AIR PUMP","R98.60 Excl. Vat","Yes","https://www.akwa.co.za/product/dophin-6500-single-outlet-air-pump/","https://www.akwa.co.za/wp-content/uploads/2020/04/RA0245-300x300.png","RA0245"
"2604","DOPHIN 7500 DOUBLE – 2 STEP","R126.35 Excl. Vat","Yes","https://www.akwa.co.za/product/dophin-7500-double-2-step/","https://www.akwa.co.za/wp-content/uploads/2020/04/RA0246-300x300.png","RA0246"
"2605","DOPHIN 8500 DOUBLE – 3 STEP","R156.10 Excl. Vat","Yes","https://www.akwa.co.za/product/dophin-8500-double-3-step/","https://www.akwa.co.za/wp-content/uploads/2020/04/RA0247-1-300x300.png","RA0247-1"
"2620","MAGNETIC PISTON AIR PUMP ACO-002 (35W) 0.03 MPA/40L/MIN","R443.00 Excl. Vat","Yes","https://www.akwa.co.za/product/magnetic-piston-air-pump-aco-002-0-03-mpa-40l-min/","https://www.akwa.co.za/wp-content/uploads/2020/04/RB0251-300x300.png","RB0251"
"2622","MAGNETIC PISTON AIR PUMP ACO-004 (55-60W) 0.035 MPA/60L/MIN","R718.90 Excl. Vat","Yes","https://www.akwa.co.za/product/magnetic-piston-air-pump-aco-004-0-035-mpa-60l-min/","https://www.akwa.co.za/wp-content/uploads/2020/04/RB0251-300x300.png","RB0251"
"2619","REGENT 8500 DOUBLE OUTLET (OLD TYPE)","R224.70 Excl. Vat","Yes","https://www.akwa.co.za/product/regent-8500-double-outlet-old-type/","https://www.akwa.co.za/wp-content/uploads/2020/04/RA0252-300x300.png","RA0252"
"2616","REGENT 9500 DOUBLE FLOW CONTROL 240 L/H","R227.15 Excl. Vat","Yes","https://www.akwa.co.za/product/regent-9500-double-flow-control-240-l-h/","https://www.akwa.co.za/wp-content/uploads/2020/04/RA0248-300x300.png","RA0248"
"2159","36″ CANOPY – 915 x 335mm","R205.20 Excl. Vat","Yes","https://www.akwa.co.za/product/36-canopy-915-x-335mm/","https://www.akwa.co.za/wp-content/uploads/2020/03/AC0163-INSIDE-300x300.png","AC0163-INSIDE"
"2160","36″ CANOPY WITH 2x LED LIGHTS – 915 x 335mm","R507.10 Excl. Vat","Yes","https://www.akwa.co.za/product/36-canopy-with-2x-led-lights/","https://www.akwa.co.za/wp-content/uploads/2020/03/AC0163L-300x300.png","AC0163L"
"2161","48″ CANOPY – 1225 x 455mm","R363.15 Excl. Vat","Yes","https://www.akwa.co.za/product/48-canopy-1225-x-455mm/","https://www.akwa.co.za/wp-content/uploads/2020/03/AC0164-INSIDE-300x300.png","AC0164-INSIDE"
"2162","48″ CANOPY WITH 2x LED LIGHTS – 1225 x 455mm","R651.80 Excl. Vat","Yes","https://www.akwa.co.za/product/48-canopy-with-2x-led-lights/","https://www.akwa.co.za/wp-content/uploads/2020/03/AC0164L-300x300.png","AC0164L"
"19499","CANOPY – 225mm x 150mm","R49.50 Excl. Vat","Yes","https://www.akwa.co.za/product/canopy-225mm-x-150mm/","https://www.akwa.co.za/wp-content/uploads/2025/08/AC0155-300x300.png","AC0155"
"19500","CANOPY – 250mm x 175mm","R49.50 Excl. Vat","Yes","https://www.akwa.co.za/product/canopy-250mm-x-175mm/","https://www.akwa.co.za/wp-content/uploads/2025/08/AC0156-300x300.png","AC0156"
"20180","DIAMOND SHAPE CANOPY MEDIUM","R119.55 Excl. Vat","Yes","https://www.akwa.co.za/product/diamond-shape-canopy-medium/","https://www.akwa.co.za/wp-content/uploads/2025/10/AC0175-300x300.png","AC0175"
"20178","DIAMOND SHAPE CANOPY SMALL","R96.90 Excl. Vat","Yes","https://www.akwa.co.za/product/diamond-shape-canopy-small/","https://www.akwa.co.za/wp-content/uploads/2025/10/AC0174-300x300.png","AC0174"
"2128","LUX DIAMOND CANOPY 495mm","R196.60 Excl. Vat","Yes","https://www.akwa.co.za/product/lux-diamond-canopy-495mm/","https://www.akwa.co.za/wp-content/uploads/2020/03/AC0151-300x300.png","AC0151"
"2758","DOPHIN SCRAPER WITH BLADE MC-103","R61.95 Excl. Vat","Yes","https://www.akwa.co.za/product/dophin-scraper-with-blade-mc-103/","https://www.akwa.co.za/wp-content/uploads/2020/05/AA0533-300x300.png","AA0533"
"2761","DOPHIN SCRAPER WITH PAD MC-107","R61.95 Excl. Vat","Yes","https://www.akwa.co.za/product/dophin-scraper-with-pad-mc-107/","https://www.akwa.co.za/wp-content/uploads/2020/05/AA0534-300x300.png","AA0534"
"2753","GRAVEL CLEANER LARGE – 350mm","R89.20 Excl. Vat","Yes","https://www.akwa.co.za/product/gravel-cleaner-large-350mm/","https://www.akwa.co.za/wp-content/uploads/2020/05/GC0154-300x300.png","GC0154"
"2751","GRAVEL CLEANER SMALL – 250mm","R75.55 Excl. Vat","Yes","https://www.akwa.co.za/product/gravel-cleaner-small-250mm/","https://www.akwa.co.za/wp-content/uploads/2020/05/GC0154-300x300.png","GC0154"
"19560","GRAVEL CLEANER XL – 700mm","R120.75 Excl. Vat","Yes","https://www.akwa.co.za/product/gravel-cleaner-xl-700mm/","https://www.akwa.co.za/wp-content/uploads/2025/08/GC0156-300x300.png","GC0156"
"2795","SPARE BLADE – MAGNET CLEANER X-LARGE","R17.00 Excl. Vat","Yes","https://www.akwa.co.za/product/spare-blade-magnet-cleaner-x-large/","https://www.akwa.co.za/wp-content/uploads/2020/05/MC0065-300x300.png","MC0065"
"22294","SUNSUN BATTERY GRAVEL CLEANER – YXS-01D","R436.00 Excl. Vat","Yes","https://www.akwa.co.za/product/sunsun-battery-gravel-cleaner-yxs-01d/","https://www.akwa.co.za/wp-content/uploads/2026/05/GC0160-300x300.png","GC0160"
"2177","24″R AQUARIUM + CANOPY WITH LED LIGHT – 60L","R551.80 Excl. Vat","Yes","https://www.akwa.co.za/product/24r-aquarium-canopy-with-led-light-60l/","https://www.akwa.co.za/wp-content/uploads/2020/03/AQ1009L-10L-11L-12L-14L-300x300.png","AQ1009L-10L-11L-12L-14L"
"2288","24″R AQUARIUM STARTER KIT 60L BASIC","R717.25 Excl. Vat","Yes","https://www.akwa.co.za/product/24r-aquarium-starter-kit-60l-basic/","https://www.akwa.co.za/wp-content/uploads/2020/03/ASK0003-1-300x300.png","ASK0003-1"
"2176","24″R AQUARIUM WITH CANOPY – 60L","R393.95 Excl. Vat","Yes","https://www.akwa.co.za/product/24r-aquarium-with-canopy-60l/","https://www.akwa.co.za/wp-content/uploads/2020/03/AQ1009-10-11-12-14-300x300.png","AQ1009-10-11-12-14"
"2185","36″ AQUARIUM – 100L – 915 x 325 x 375mm(H)","R672.15 Excl. Vat","Yes","https://www.akwa.co.za/product/36-aquarium-100l/","https://www.akwa.co.za/wp-content/uploads/2020/03/AQ1019-20-21-22-23-300x300.png","AQ1019-20-21-22-23"
"2179","36″ AQUARIUM + CANOPY WITH 2x LED LIGHTS – 100L","R1,011.90 Excl. Vat","Yes","https://www.akwa.co.za/product/36-aquarium-canopy-with-2x-led-lights-100l/","https://www.akwa.co.za/wp-content/uploads/2020/03/AQ1009L-10L-11L-12L-14L-300x300.png","AQ1009L-10L-11L-12L-14L"
"20126","36″ AQUARIUM STARTER 90L – BASIC","R1,183.25 Excl. Vat","Yes","https://www.akwa.co.za/product/36-aquarium-starter-90l-basic/","https://www.akwa.co.za/wp-content/uploads/2025/10/ASK0016-300x300.png","ASK0016"
"2178","36″ AQUARIUM WITH CANOPY – 100L","R746.20 Excl. Vat","Yes","https://www.akwa.co.za/product/36-aquarium-with-canopy-100l/","https://www.akwa.co.za/wp-content/uploads/2020/03/AQ1009-10-11-12-14-300x300.png","AQ1009-10-11-12-14"
"2186","48″ AQUARIUM – 240L – 1215 x 445 x 460mm(H)","R1,697.05 Excl. Vat","Yes","https://www.akwa.co.za/product/48-aquarium-240l/","https://www.akwa.co.za/wp-content/uploads/2020/03/AQ1019-20-21-22-23-300x300.png","AQ1019-20-21-22-23"
"2181","48″ AQUARIUM + CANOPY WITH 2x LED LIGHTS – 240L","R2,058.75 Excl. Vat","Yes","https://www.akwa.co.za/product/48-aquarium-canopy-with-2x-led-lights-240l/","https://www.akwa.co.za/wp-content/uploads/2020/03/AQ1009L-10L-11L-12L-14L-300x300.png","AQ1009L-10L-11L-12L-14L"
"2180","48″ AQUARIUM WITH CANOPY – 240L","R2,000.85 Excl. Vat","Yes","https://www.akwa.co.za/product/48-aquarium-with-canopy-240l/","https://www.akwa.co.za/wp-content/uploads/2020/03/AQ1009-10-11-12-14-300x300.png","AQ1009-10-11-12-14"
"2239","ACRYLIC FISH BOWL – BELLY POT","R121.80 Excl. Vat","Yes","https://www.akwa.co.za/product/acrylic-fish-bowl-belly-pot/","https://www.akwa.co.za/wp-content/uploads/2025/08/FB0040Clear-300x300.png","FB0040Clear"
"19651","ACRYLIC FISH BOWL – BELLY POT – 2.5lt","R157.40 Excl. Vat","Yes","https://www.akwa.co.za/product/acrylic-fish-bowl-belly-pot-2-5lt/","https://www.akwa.co.za/wp-content/uploads/2025/08/FB0041Clear-300x300.png","FB0041Clear"
"18744","AQUAJAPAN SQ AQUARIUM 17L – 25 x 25 x 30cm KIT","R1,190.50 Excl. Vat","Yes","https://www.akwa.co.za/product/aquajapan-sq-aquarium-25-x-25-x-30cm-kit/","https://www.akwa.co.za/wp-content/uploads/2025/05/AQA0250K-1-e1748851524439-300x300.png","AQA0250K-1"
"14066","AQUAJAPAN SQ AQUARIUM 17L – 25x25x25cm","R252.40 Excl. Vat","Yes","https://www.akwa.co.za/product/aquajapan-sq-aquarium-25x25x25cm/","https://www.akwa.co.za/wp-content/uploads/2023/10/AQA0250-300x300.png","AQA0250"
"14067","AQUAJAPAN SQ AQUARIUM 28L – 30x30x35cm","R350.95 Excl. Vat","Yes","https://www.akwa.co.za/product/aquajapan-sq-aquarium-30x30x25cm/","https://www.akwa.co.za/wp-content/uploads/2023/10/AQA0300-300x300.png","AQA0300"
"18743","AQUAJAPAN SQ AQUARIUM 9L – 20 x 20 x 25cm KIT","R808.00 Excl. Vat","Yes","https://www.akwa.co.za/product/18743/","https://www.akwa.co.za/wp-content/uploads/2025/05/AQA0200K-1-e1748851156180-300x300.png","AQA0200K-1"
"14065","AQUAJAPAN SQ AQUARIUM 9L – 20x20x25cm","R185.95 Excl. Vat","Yes","https://www.akwa.co.za/product/aquajapan-sq-aquarium-20x20x25cm/","https://www.akwa.co.za/wp-content/uploads/2023/10/AQA0200-300x300.png","AQA0200"
"18745","AQUAJAPAN STARFIRE AQ 27L – 40 x 25 x 30cm KIT","R1,764.00 Excl. Vat","Yes","https://www.akwa.co.za/product/aquajapan-starfire-aq-40-x-25-x-30cm-kit/","https://www.akwa.co.za/wp-content/uploads/2025/05/AQA0400K-1-e1748851467337-300x300.png","AQA0400K-1"
"14068","AQUAJAPAN STARFIRE AQ 27L – 40x25x30cm","R263.10 Excl. Vat","Yes","https://www.akwa.co.za/product/aquajapan-starfire-aq-40x25x30cm/","https://www.akwa.co.za/wp-content/uploads/2023/10/AQA0400-1-e1748868210479-300x300.png","AQA0400-1"
"18749","AQUAJAPAN STARFIRE AQ 40L – 45 x 29 x 34cm KIT","R1,884.00 Excl. Vat","Yes","https://www.akwa.co.za/product/aquajapan-starfire-aq-45-x-29-x-34cm-kit/","https://www.akwa.co.za/wp-content/uploads/2025/05/AQA0450K-1-e1748851206109-300x300.png","AQA0450K-1"
"14069","AQUAJAPAN STARFIRE AQ 40L – 45x29x34cm","R327.65 Excl. Vat","Yes","https://www.akwa.co.za/product/aquajapan-starfire-aq-45x29x34cm/","https://www.akwa.co.za/wp-content/uploads/2023/10/AQA0450-1-e1748868186536-300x300.png","AQA0450-1"
"14070","AQUAJAPAN STARFIRE AQ 56L – 50x32x37cm","R446.75 Excl. Vat","Yes","https://www.akwa.co.za/product/aquajapan-starfire-aq-50x32x37cm/","https://www.akwa.co.za/wp-content/uploads/2023/10/AQA0500-300x300.png","AQA0500"
"14071","AQUAJAPAN STARFIRE AQ 82L – 60x35x40cm","R565.85 Excl. Vat","Yes","https://www.akwa.co.za/product/aquajapan-starfire-aq-60x35x40cm/","https://www.akwa.co.za/wp-content/uploads/2023/10/AQA0600-300x300.png","AQA0600"
"19507","AQUARIUM DIAMOND MEDIUM WITH CANOPY","R358.50 Excl. Vat","Yes","https://www.akwa.co.za/product/aquarium-diamond-medium-with-canopy/","https://www.akwa.co.za/wp-content/uploads/2025/08/AQD1006-300x300.png","AQD1006"
"","AQUARIUM HR-500 – 52L","R1,151.00 Excl. Vat","Yes","https://www.akwa.co.za/product/aquarium-hr-500-52l/","https://www.akwa.co.za/wp-content/uploads/2024/10/AQS0538WHTBLK-e1748870562979-300x300.png","AQS0538WHTBLK"
"19170","AQUARIUM HRG-1000 – 191L + CABINET – TOP FILTER (1000 x 360 x 635mm)(C-740mmH)","R5,637.95 Excl. Vat","Yes","https://www.akwa.co.za/product/aquarium-hrg-1000-cabinet-top-filter/","https://www.akwa.co.za/wp-content/uploads/2025/06/AQS0590-300x300.png","AQS0590"
"19167","AQUARIUM HRG-600 – 77L + CABINET – TOP FILTER (600 x 300 x 540mm)(C-740mmH)","R3,040.35 Excl. Vat","Yes","https://www.akwa.co.za/product/aquarium-hrg-600-cabinet-top-filter/","https://www.akwa.co.za/wp-content/uploads/2025/06/AQS0588-300x300.png","AQS0588"
"19168","AQUARIUM HRG-800 – 152L + CABINET – TOP FILTER (810 x 300 x 630mm)(C-740mmH)","R4,548.15 Excl. Vat","Yes","https://www.akwa.co.za/product/aquarium-hrg-800-cabinet-top-filter/","https://www.akwa.co.za/wp-content/uploads/2025/06/AQS0589-300x300.png","AQS0589"
"22228","AQUARIUM LE-300 – 11L / BLACK","R577.25 Excl. Vat","Yes","https://www.akwa.co.za/product/aquarium-le-300-13l-black/","https://www.akwa.co.za/wp-content/uploads/2026/05/AQS0563-300x300.png","AQS0563"
"22233","AQUARIUM LE-380 – 22L / BLACK","R793.70 Excl. Vat","Yes","https://www.akwa.co.za/product/aquarium-le-380-26l-black/","https://www.akwa.co.za/wp-content/uploads/2026/05/AQS0564-300x300.png","AQS0564"
"22234","AQUARIUM LE-480 – 38L / BLACK","R849.30 Excl. Vat","Yes","https://www.akwa.co.za/product/aquarium-le-480-43l-black/","https://www.akwa.co.za/wp-content/uploads/2026/05/AQS0565-300x300.png","AQS0565"
"17951","AQUARIUM ONLY – 16″ – 20L – 415×195 x 270mm(H)","R134.85 Excl. Vat","Yes","https://www.akwa.co.za/product/aquarium-only-16-415x195mm/","https://www.akwa.co.za/wp-content/uploads/2020/03/AQ1019-20-21-22-23-300x300.png","AQ1019-20-21-22-23"
"17945","AQUARIUM ONLY – DOPHIN STARFIRE 30L","R473.20 Excl. Vat","Yes","https://www.akwa.co.za/product/aquarium-only-dophin-starfire-30l/","https://www.akwa.co.za/wp-content/uploads/2025/01/AQ1040-e1748861899872-300x300.png","AQ1040"
"17946","AQUARIUM ONLY – DOPHIN STARFIRE 45L","R687.15 Excl. Vat","Yes","https://www.akwa.co.za/product/aquarium-only-dophin-starfire-45l/","https://www.akwa.co.za/wp-content/uploads/2025/01/AQ1042-e1748861870992-300x300.png","AQ1042"
"17947","AQUARIUM ONLY – DOPHIN STARFIRE 90L","R1,141.80 Excl. Vat","Yes","https://www.akwa.co.za/product/aquarium-only-dophin-starfire-90l/","https://www.akwa.co.za/wp-content/uploads/2025/01/AQ1044-e1748861840140-300x300.png","AQ1044"
"14268","AQUARIUM TF-250 / BLUE HOUSE – 7.5L","R420.60 Excl. Vat","Yes","https://www.akwa.co.za/product/14268/","https://www.akwa.co.za/wp-content/uploads/2023/11/AQS0530-1-300x300.png","AQS0530-1"
"14273","AQUARIUM TW-300 / WHITE HOUSE – 12L","R563.10 Excl. Vat","Yes","https://www.akwa.co.za/product/aquarium-tw-300-white-house/","https://www.akwa.co.za/wp-content/uploads/2023/11/AQS0532-1-300x300.png","AQS0532-1"
"2164","AQUARIUM WITH CANOPY 225mm – 5L","R109.60 Excl. Vat","Yes","https://www.akwa.co.za/product/aquarium-with-canopy-225mm-5l/","https://www.akwa.co.za/wp-content/uploads/2020/03/AQ1007-300x300.png","AQ1007"
"2171","AQUARIUM WITH CANOPY 250mm – 8L","R115.30 Excl. Vat","Yes","https://www.akwa.co.za/product/aquarium-with-canopy-250mm-8l/","https://www.akwa.co.za/wp-content/uploads/2020/03/AQ1007-300x300.png","AQ1007"
"14293","AQUARIUM XE-600 – 70L + CABINET / WHITE","R3,163.80 Original price was: R3,163.80.R2,531.04Current price is: R2,531.04. Excl. Vat","Yes","https://www.akwa.co.za/product/aquarium-xe-600-70l-cabinet-white/","https://www.akwa.co.za/wp-content/uploads/2023/11/AQS0562-1-300x300.png","AQS0562-1"
"12316","AQUARIUM XHC-480 – 42L / OPEN TOP","R1,509.90 Excl. Vat","Yes","https://www.akwa.co.za/product/aquarium-xhc-480-42l-open-top/","https://www.akwa.co.za/wp-content/uploads/2023/01/AQS0550-300x300.png","AQS0550"
"14275","AQUARIUM ZHE-300 – 13L / GREY","R810.50 Excl. Vat","Yes","https://www.akwa.co.za/product/aquarium-zhe-300-13l-grey/","https://www.akwa.co.za/wp-content/uploads/2023/11/AQS0553-1-300x300.png","AQS0553-1"
"14288","AQUARIUM ZHE-380 – 26L / GREY","R996.25 Excl. Vat","Yes","https://www.akwa.co.za/product/aquarium-zhe-380-26l-grey/","https://www.akwa.co.za/wp-content/uploads/2023/11/AQS0554-1-300x300.png","AQS0554-1"
"14289","AQUARIUM ZHE-480 – 43L / GREY","R1,181.65 Excl. Vat","Yes","https://www.akwa.co.za/product/aquarium-zhe-480-43l-grey/","https://www.akwa.co.za/wp-content/uploads/2023/11/AQS0555-1-300x300.png","AQS0555-1"
"14290","AQUARIUM ZHR-300 – 13L / GREY","R748.85 Original price was: R748.85.R636.52Current price is: R636.52. Excl. Vat","Yes","https://www.akwa.co.za/product/aquarium-zhr-300-13l-grey/","https://www.akwa.co.za/wp-content/uploads/2023/11/AQS0557-1-300x300.png","AQS0557-1"
"14291","AQUARIUM ZHR-380 – 26L / GREY","R934.25 Original price was: R934.25.R794.11Current price is: R794.11. Excl. Vat","Yes","https://www.akwa.co.za/product/aquarium-zhr-380-26l-grey/","https://www.akwa.co.za/wp-content/uploads/2023/11/AQS0558-1-300x300.png","AQS0558-1"
"14292","AQUARIUM ZHR-480 – 43L / GREY","R1,120.00 Original price was: R1,120.00.R952.00Current price is: R952.00. Excl. Vat","Yes","https://www.akwa.co.za/product/aquarium-zhr-480-43l-grey/","https://www.akwa.co.za/wp-content/uploads/2023/11/AQS0559-1-300x300.png","AQS0559-1"
"2318","DIAMOND (M) STARTER KIT PLUS 35L","R1,081.40 Excl. Vat","Yes","https://www.akwa.co.za/product/diamond-m-starter-kit-plus-35l/","https://www.akwa.co.za/wp-content/uploads/2020/03/ASK0006-1-300x300.png","ASK0006-1"
"11234","DOPHIN MINI TANK – 12L – 245 x 190 x 265mm","R693.70 Excl. Vat","Yes","https://www.akwa.co.za/product/dophin-mini-tank-12l/","https://www.akwa.co.za/wp-content/uploads/2022/07/AQD8003-300x300.png","AQD8003"
"13241","DOPHIN PLANTED STARTER 30L","R1,934.60 Excl. Vat","Yes","https://www.akwa.co.za/product/dophin-planted-starter-30l/","https://www.akwa.co.za/wp-content/uploads/2023/07/AQD1101-300x300.png","AQD1101"
"13245","DOPHIN PLANTED STARTER 45L","R2,345.15 Excl. Vat","Yes","https://www.akwa.co.za/product/dophin-planted-starter-45l/","https://www.akwa.co.za/wp-content/uploads/2023/07/AQD1103-300x300.png","AQD1103"
"13246","DOPHIN PLANTED STARTER 90L","R3,248.00 Excl. Vat","Yes","https://www.akwa.co.za/product/dophin-planted-starter-90l/","https://www.akwa.co.za/wp-content/uploads/2023/07/AQD1105-300x300.png","AQD1105"
"2198","FISH BOWL LARGE 220mm – 7L","R125.85 Excl. Vat","Yes","https://www.akwa.co.za/product/fish-bowl-large-220mm-7l/","https://www.akwa.co.za/wp-content/uploads/2020/03/FB0033-300x300.png","FB0033"
"2196","FISH BOWL MEDIUM 165mm – 3L","R78.45 Excl. Vat","Yes","https://www.akwa.co.za/product/fish-bowl-medium-165mm-3l/","https://www.akwa.co.za/wp-content/uploads/2020/03/FB0032-300x300.png","FB0032"
"2217","FISH BOWL STARTER KIT LARGE","R170.80 Excl. Vat","Yes","https://www.akwa.co.za/product/fish-bowl-starter-kit-large/","https://www.akwa.co.za/wp-content/uploads/2020/03/FB0036-1-300x300.png","FB0036-1"
"2200","FISH BOWL STARTER KIT MEDIUM","R133.65 Excl. Vat","Yes","https://www.akwa.co.za/product/2200/","https://www.akwa.co.za/wp-content/uploads/2020/03/FB0030-1-300x300.png","FB0030-1"
"12230","DOPHIN FILTER – CF12508 / 1450 L/H","R2,276.85 Excl. Vat","Yes","https://www.akwa.co.za/product/dophin-filter-cf12508-1450-l-h/","https://www.akwa.co.za/wp-content/uploads/2022/12/CFD0842-300x300.png","CFD0842"
"13621","DOPHIN FILTER – CF1288 / 1200 L/H (13W)","R1,240.80 Original price was: R1,240.80.R992.64Current price is: R992.64. Excl. Vat","Yes","https://www.akwa.co.za/product/dophin-filter-cf1288-1200-l-h/","https://www.akwa.co.za/wp-content/uploads/2023/09/CFD0832-300x300.png","CFD0832"
"13622","DOPHIN FILTER – CF1488 / 1400 L/H (17W)","R1,327.35 Original price was: R1,327.35.R1,061.88Current price is: R1,061.88. Excl. Vat","Yes","https://www.akwa.co.za/product/dophin-filter-cf1488-1400-l-h/","https://www.akwa.co.za/wp-content/uploads/2023/09/CFD0833-300x300.png","CFD0833"
"13619","DOPHIN FILTER – CF688 / 800 L/H (10W)","R834.15 Original price was: R834.15.R667.32Current price is: R667.32. Excl. Vat","Yes","https://www.akwa.co.za/product/dophin-filter-cf688-800-l-h/","https://www.akwa.co.za/wp-content/uploads/2023/09/CFD0830-300x300.png","CFD0830"
"13620","DOPHIN FILTER – CF888 / 1000 L/H (10W)","R1,015.25 Original price was: R1,015.25.R812.20Current price is: R812.20. Excl. Vat","Yes","https://www.akwa.co.za/product/dophin-filter-cf888-1000-l-h/","https://www.akwa.co.za/wp-content/uploads/2023/09/CFD0831-300x300.png","CFD0831"
"11237","DOPHIN INTERNAL FILTER – FC-602","R98.60 Excl. Vat","Yes","https://www.akwa.co.za/product/dophin-internal-filter-fc-602/","https://www.akwa.co.za/wp-content/uploads/2022/07/IFC0602-BOX-300x300.png","IFC0602-BOX"
"11238","DOPHIN INTERNAL FILTER – FC-603","R123.85 Excl. Vat","Yes","https://www.akwa.co.za/product/dophin-internal-filter-fc-603/","https://www.akwa.co.za/wp-content/uploads/2022/07/IFC0603-BOX-300x300.png","IFC0603-BOX"
"11239","DOPHIN INTERNAL FILTER – FC-604","R192.85 Excl. Vat","Yes","https://www.akwa.co.za/product/dophin-internal-filter-fc-604/","https://www.akwa.co.za/wp-content/uploads/2022/07/IFC0604-BOX-300x300.png","IFC0604-BOX"
"4817","DOPHIN INTERNAL FILTER F-1200 – 450 L/H","R192.45 Excl. Vat","Yes","https://www.akwa.co.za/product/dophin-internal-filter-f-1200-450-l-h/","https://www.akwa.co.za/wp-content/uploads/2020/07/IF0861-300x300.png","IF0861"
"4818","DOPHIN INTERNAL FILTER F-2000 – 650 L/H","R279.05 Excl. Vat","Yes","https://www.akwa.co.za/product/dophin-internal-filter-f-2000-650-l-h/","https://www.akwa.co.za/wp-content/uploads/2020/07/IF0862-e1750770410656-300x300.png","IF0862"
"4816","DOPHIN INTERNAL FILTER F-800 – 300 L/H","R130.55 Excl. Vat","Yes","https://www.akwa.co.za/product/dophin-internal-filter-f-800-300-l-h/","https://www.akwa.co.za/wp-content/uploads/2020/07/IF0860-e1750770508171-300x300.png","IF0860"
"4815","DOPHIN INTERNAL FILTER KF-350 190 L/H","R91.05 Excl. Vat","Yes","https://www.akwa.co.za/product/dophin-internal-filter-kf-350-190-l-h/","https://www.akwa.co.za/wp-content/uploads/2020/07/IF0872-300x300.png","IF0872"
"4832","DOPHIN NANO SPONGE – SF-15","R69.00 Excl. Vat","Yes","https://www.akwa.co.za/product/dophin-nano-sponge-sf-15/","https://www.akwa.co.za/wp-content/uploads/2020/07/SF0015-300x300.png","SF0015"
"4833","DOPHIN NANO SPONGE – SF-33","R105.40 Excl. Vat","Yes","https://www.akwa.co.za/product/dophin-nano-sponge-sf-33/","https://www.akwa.co.za/wp-content/uploads/2020/07/SF0033-300x300.png","SF0033"
"4996","DOPHIN SLIM HANGING FILTER / SH-200","R159.20 Excl. Vat","Yes","https://www.akwa.co.za/product/dophin-slim-hanging-filter-sh-200/","https://www.akwa.co.za/wp-content/uploads/2020/07/EF0811-300x300.png","EF0811"
"4997","DOPHIN SLIM HANGING FILTER / SH-280","R219.20 Excl. Vat","Yes","https://www.akwa.co.za/product/dophin-slim-hanging-filter-sh-280/","https://www.akwa.co.za/wp-content/uploads/2020/07/EF0812-e1750689600741-300x300.png","EF0812"
"4998","DOPHIN SLIM HANGING FILTER / SH-380","R278.75 Excl. Vat","Yes","https://www.akwa.co.za/product/dophin-slim-hanging-filter-sh-380/","https://www.akwa.co.za/wp-content/uploads/2020/07/EF0813-300x300.png","EF0813"
"4823","DOPHIN TRIANGLE FILTER TF-300 – 300 L/H","R169.10 Excl. Vat","Yes","https://www.akwa.co.za/product/dophin-triangle-filter-tf-300-300-l-h/","https://www.akwa.co.za/wp-content/uploads/2020/07/IF0865-300x300.png","IF0865"
"4824","DOPHIN TRIANGLE FILTER TF-500 – 450 L/H","R214.95 Excl. Vat","Yes","https://www.akwa.co.za/product/dophin-triangle-filter-tf-500-450-l-h/","https://www.akwa.co.za/wp-content/uploads/2020/07/IF0866-300x300.png","IF0866"
"4825","DOPHIN TRIANGLE FILTER TF-800 – 650 L/H","R271.00 Excl. Vat","Yes","https://www.akwa.co.za/product/dophin-triangle-filter-tf-800-650-l-h/","https://www.akwa.co.za/wp-content/uploads/2020/07/IF0867-300x300.png","IF0867"
"5013","HANG ON ACCESSORY FOR CF-300 CANISTER","R67.95 Excl. Vat","Yes","https://www.akwa.co.za/product/hang-on-accessory-for-cf-300-canister/","https://www.akwa.co.za/wp-content/uploads/2020/07/CFD0847-300x300.png","CFD0847"
"22260","SUNSUN HANG FILTER – YBG-400 / 300 L/H","R302.50 Excl. Vat","Yes","https://www.akwa.co.za/product/sunsun-hang-filter-ybg-400-300-l-h/","https://www.akwa.co.za/wp-content/uploads/2026/05/EFS0400-300x300.png","EFS0400"
"22265","SUNSUN HANG FILTER – YBG-600 / 500 L/H","R393.30 Excl. Vat","Yes","https://www.akwa.co.za/product/sunsun-hang-filter-ybg-600-500-l-h/","https://www.akwa.co.za/wp-content/uploads/2026/05/EFS0400-300x300.png","EFS0400"
"22256","SUNSUN HW-5000 – FREQUENCY FILTER","R2,573.00 Excl. Vat","Yes","https://www.akwa.co.za/product/sunsun-hw-5000-frequency-filter/","https://www.akwa.co.za/wp-content/uploads/2026/05/CFS0525-300x300.png","CFS0525"
"11243","DOPHIN CARTRIDGE – FC-604","R18.45 Excl. Vat","Yes","https://www.akwa.co.za/product/dophin-cartridge-fc-604/","https://www.akwa.co.za/wp-content/uploads/2022/07/IF0604-300x300.png","IF0604"
"13887","DOPHIN FOAM INSERT SH-200 INTAKE","R10.20 Excl. Vat","Yes","https://www.akwa.co.za/product/dophin-foam-insert-sh-200-intake/","https://www.akwa.co.za/wp-content/uploads/2023/10/FI0890-300x300.png","FI0890"
"13890","DOPHIN FOAM INSERT SH-280/380 INTAKE","R13.45 Excl. Vat","Yes","https://www.akwa.co.za/product/dophin-foam-insert-sh-280-380-intake/","https://www.akwa.co.za/wp-content/uploads/2023/10/FI0891-300x300.png","FI0891"
"5017","DOPHIN FOAM INSERT SPONGE CF-300","R43.60 Excl. Vat","Yes","https://www.akwa.co.za/product/dophin-foam-insert-sponge-cf-300/","https://www.akwa.co.za/wp-content/uploads/2020/07/FI0839-300x300.png","FI0839"
"5015","DOPHIN IMPELLER CF-300","R51.90 Excl. Vat","Yes","https://www.akwa.co.za/product/dophin-impeller-cf-300/","https://www.akwa.co.za/wp-content/uploads/2020/07/IMD0849-300x300.png","IMD0849"
"5009","DOPHIN MOTOR UNIT SH-200","R70.25 Excl. Vat","Yes","https://www.akwa.co.za/product/dophin-motor-unit-sh-200/","https://www.akwa.co.za/wp-content/uploads/2020/07/EFM0830-300x300.png","EFM0830"
"5010","DOPHIN MOTOR UNIT SH-280","R93.60 Excl. Vat","Yes","https://www.akwa.co.za/product/dophin-motor-unit-sh-280/","https://www.akwa.co.za/wp-content/uploads/2020/07/EFM0831-300x300.png","EFM0831"
"5011","DOPHIN MOTOR UNIT SH-380","R104.50 Excl. Vat","Yes","https://www.akwa.co.za/product/dophin-motor-unit-sh-380/","https://www.akwa.co.za/wp-content/uploads/2020/07/EFM0832-300x300.png","EFM0832"
"18173","FILTER MAT – DOPHIN (2 PACK)","R12.50 Excl. Vat","Yes","https://www.akwa.co.za/product/filter-mat-dophin-2-pack/","https://www.akwa.co.za/wp-content/uploads/2025/03/EFC0802-e1748861179714-300x300.png","EFC0802"
"5048","FILTER WOOL DOPHIN C-1300 / 1600","R22.70 Excl. Vat","Yes","https://www.akwa.co.za/product/filter-wool-dophin-c-1300-1600/","https://www.akwa.co.za/wp-content/uploads/2020/07/FI0842-300x300.png","FI0842"
"5046","FILTER WOOL DOPHIN C-500","R21.05 Excl. Vat","Yes","https://www.akwa.co.za/product/filter-wool-dophin-c-500/","https://www.akwa.co.za/wp-content/uploads/2020/07/FI0840-300x300.png","FI0840"
"5047","FILTER WOOL DOPHIN C-700 / 1000","R21.95 Excl. Vat","Yes","https://www.akwa.co.za/product/filter-wool-dophin-c-700-1000/","https://www.akwa.co.za/wp-content/uploads/2020/07/FI0841-300x300.png","FI0841"
"20314","FILTERWOOL DOPHIN C-2400","R30.65 Excl. Vat","Yes","https://www.akwa.co.za/product/filterwool-dophin-c-2400/","https://www.akwa.co.za/wp-content/uploads/2025/11/FI0846-300x300.png","FI0846"
"4829","FOAM INSERT DOPHIN – TF300","R34.35 Excl. Vat","Yes","https://www.akwa.co.za/product/foam-insert-dophin-tf300/","https://www.akwa.co.za/wp-content/uploads/2020/07/FI0865-300x300.png","FI0865"
"4830","FOAM INSERT DOPHIN – TF500","R48.00 Excl. Vat","Yes","https://www.akwa.co.za/product/foam-insert-dophin-tf500/","https://www.akwa.co.za/wp-content/uploads/2020/07/FI0866-300x300.png","FI0866"
"4831","FOAM INSERT DOPHIN – TF800","R57.40 Excl. Vat","Yes","https://www.akwa.co.za/product/foam-insert-dophin-tf800/","https://www.akwa.co.za/wp-content/uploads/2020/07/FI0867-300x300.png","FI0867"
"4971","FOAM INSERT DOPHIN F-1200","R44.45 Excl. Vat","Yes","https://www.akwa.co.za/product/foam-insert-dophin-f-1200-2/","https://www.akwa.co.za/wp-content/uploads/2020/07/FI0861-300x300.png","FI0861"
"4822","FOAM INSERT DOPHIN F-2000","R54.75 Excl. Vat","Yes","https://www.akwa.co.za/product/foam-insert-dophin-f-2000/","https://www.akwa.co.za/wp-content/uploads/2020/07/FI0862-300x300.png","FI0862"
"4820","FOAM INSERT DOPHIN F-800","R27.10 Excl. Vat","Yes","https://www.akwa.co.za/product/foam-insert-dophin-f-800/","https://www.akwa.co.za/wp-content/uploads/2020/07/FI0860-300x300.png","FI0860"
"4819","FOAM INSERT/CARTRIDGE DOPHIN KF-350","R16.80 Excl. Vat","Yes","https://www.akwa.co.za/product/foam-insert-cartridge-dophin-kf-350/","https://www.akwa.co.za/wp-content/uploads/2020/07/FI0858-300x300.png","FI0858"
"19570","IMPELLER DOPHIN – CF12008","R69.20 Excl. Vat","Yes","https://www.akwa.co.za/product/impeller-dophin-cf12008/","https://www.akwa.co.za/wp-content/uploads/2025/08/IMD0840-300x300.png","IMD0840"
"19574","IMPELLER DOPHIN – CF12308","R69.20 Excl. Vat","Yes","https://www.akwa.co.za/product/impeller-dophin-cf12308/","https://www.akwa.co.za/wp-content/uploads/2025/08/IMD0841-300x300.png","IMD0841"
"19575","IMPELLER DOPHIN – CF12508","R111.75 Excl. Vat","Yes","https://www.akwa.co.za/product/impeller-dophin-cf12508/","https://www.akwa.co.za/wp-content/uploads/2025/08/IMD0842-300x300.png","IMD0842"
"14945","IMPELLER DOPHIN – CF1288","R99.75 Excl. Vat","Yes","https://www.akwa.co.za/product/impeller-dophin-cf1288/","https://www.akwa.co.za/wp-content/uploads/2024/02/IMD0887-300x300.png","IMD0887"
"14946","IMPELLER DOPHIN – CF1488","R106.50 Excl. Vat","Yes","https://www.akwa.co.za/product/impeller-dophin-cf1488/","https://www.akwa.co.za/wp-content/uploads/2024/02/IMD0888-300x300.png","IMD0888"
"14942","IMPELLER DOPHIN – CF688","R62.25 Excl. Vat","Yes","https://www.akwa.co.za/product/impeller-dophin-cf688/","https://www.akwa.co.za/wp-content/uploads/2024/02/IMD0885-300x300.png","IMD0885"
"14944","IMPELLER DOPHIN – CF888","R71.50 Excl. Vat","Yes","https://www.akwa.co.za/product/impeller-dophin-cf888/","https://www.akwa.co.za/wp-content/uploads/2024/02/IMD0886-300x300.png","IMD0886"
"5054","IMPELLER DOPHIN C-1000","R87.30 Excl. Vat","Yes","https://www.akwa.co.za/product/impeller-dophin-c-1000/","https://www.akwa.co.za/wp-content/uploads/2020/07/IMD0852-300x300.png","IMD0852"
"5055","IMPELLER DOPHIN C-1300","R109.10 Excl. Vat","Yes","https://www.akwa.co.za/product/impeller-dophin-c-1300/","https://www.akwa.co.za/wp-content/uploads/2020/07/IMD0852-300x300.png","IMD0852"
"5056","IMPELLER DOPHIN C-1600","R135.40 Excl. Vat","Yes","https://www.akwa.co.za/product/impeller-dophin-c-1600/","https://www.akwa.co.za/wp-content/uploads/2020/07/IMD0854-300x300.png","IMD0854"
"5057","IMPELLER DOPHIN C-2400","R312.45 Excl. Vat","Yes","https://www.akwa.co.za/product/impeller-dophin-c-2400/","https://www.akwa.co.za/wp-content/uploads/2020/07/IMD0855-300x300.png","IMD0855"
"5052","IMPELLER DOPHIN C-500","R74.20 Excl. Vat","Yes","https://www.akwa.co.za/product/impeller-dophin-c-500/","https://www.akwa.co.za/wp-content/uploads/2020/07/IMD0850-300x300.png","IMD0850"
"5053","IMPELLER DOPHIN C-700","R80.05 Excl. Vat","Yes","https://www.akwa.co.za/product/impeller-dophin-c-700/","https://www.akwa.co.za/wp-content/uploads/2020/07/IMD0851-300x300.png","IMD0851"
"4827","IMPELLER DOPHIN F-1200 / TF-500","R61.95 Excl. Vat","Yes","https://www.akwa.co.za/product/impeller-dophin-f-1200-tf-500/","https://www.akwa.co.za/wp-content/uploads/2020/07/IMD0861-300x300.png","IMD0861"
"4828","IMPELLER DOPHIN F-2000 / TF-800","R72.70 Excl. Vat","Yes","https://www.akwa.co.za/product/impeller-dophin-f-2000-tf-800/","https://www.akwa.co.za/wp-content/uploads/2020/07/IMD0862-300x300.png","IMD0862"
"4826","IMPELLER DOPHIN F-800 / TF-300","R49.65 Excl. Vat","Yes","https://www.akwa.co.za/product/impeller-dophin-f-800-tf-300/","https://www.akwa.co.za/wp-content/uploads/2020/07/IMD0860-300x300.png","IMD0860"
"19576","IMPELLER DOPHIN KF-350","R29.85 Excl. Vat","Yes","https://www.akwa.co.za/product/impeller-dophin-kf-350/","https://www.akwa.co.za/wp-content/uploads/2025/08/IMD0859-300x300.png","IMD0859"
"19578","IMPELLER DOPHIN TF-300","R49.65 Excl. Vat","Yes","https://www.akwa.co.za/product/impeller-dophin-tf-300/","https://www.akwa.co.za/wp-content/uploads/2025/08/IMD0863-300x300.png","IMD0863"
"19580","IMPELLER DOPHIN TF-500","R61.95 Excl. Vat","Yes","https://www.akwa.co.za/product/impeller-dophin-tf-500/","https://www.akwa.co.za/wp-content/uploads/2025/08/IMD0864-300x300.png","IMD0864"
"19583","IMPELLER DOPHIN TF-800","R72.70 Excl. Vat","Yes","https://www.akwa.co.za/product/impeller-dophin-tf-800/","https://www.akwa.co.za/wp-content/uploads/2025/08/IMD0865-300x300.png","IMD0865"
"5000","IMPELLER SH-200 DOPHIN","R24.10 Excl. Vat","Yes","https://www.akwa.co.za/product/impeller-sh-200-dophin/","https://www.akwa.co.za/wp-content/uploads/2020/07/IMD0880-300x300.png","IMD0880"
"5001","IMPELLER SH-280 DOPHIN","R30.95 Excl. Vat","Yes","https://www.akwa.co.za/product/impeller-sh-280-dophin/","https://www.akwa.co.za/wp-content/uploads/2020/07/IMD0881-300x300.png","IMD0881"
"5002","IMPELLER SH-380 DOPHIN","R39.90 Excl. Vat","Yes","https://www.akwa.co.za/product/impeller-sh-380-dophin/","https://www.akwa.co.za/wp-content/uploads/2020/07/IMD0882-300x300.png","IMD0882"
"5038","INTAKE PIPE C-700 / C-1000 / C-1300 / C-1600","R95.55 Excl. Vat","Yes","https://www.akwa.co.za/product/intake-pipe-c-700-c-1000-c-1300-c-1600/","https://www.akwa.co.za/wp-content/uploads/2020/07/CFD0873-300x300.png","CFD0873"
"5028","INTAKE PIPE DOPHIN C-500","R79.60 Excl. Vat","Yes","https://www.akwa.co.za/product/intake-pipe-dophin-c-500/","https://www.akwa.co.za/wp-content/uploads/2020/07/CFD0863-300x300.png","CFD0863"
"5044","O-RING C-2400 HEAD COVER","R79.40 Excl. Vat","Yes","https://www.akwa.co.za/product/o-ring-c-2400-head-cover/","https://www.akwa.co.za/wp-content/uploads/2020/07/CFD0878-300x300.png","CFD0878"
"5014","O-RING CANISTER CF-300","R49.55 Excl. Vat","Yes","https://www.akwa.co.za/product/o-ring-canister-cf-300/","https://www.akwa.co.za/wp-content/uploads/2020/07/CFD0846-300x300.png","CFD0846"
"19515","O-RING DOPHIN – CF12008","R85.15 Excl. Vat","Yes","https://www.akwa.co.za/product/19515/","https://www.akwa.co.za/wp-content/uploads/2025/08/CFD0890-300x300.png","CFD0890"
"19523","O-RING DOPHIN – CF12308","R85.15 Excl. Vat","Yes","https://www.akwa.co.za/product/o-ring-dophin-cf12308/","https://www.akwa.co.za/wp-content/uploads/2025/08/CFD0891-300x300.png","CFD0891"
"19527","O-RING DOPHIN – CF12508","R85.15 Excl. Vat","Yes","https://www.akwa.co.za/product/o-ring-dophin-cf12508/","https://www.akwa.co.za/wp-content/uploads/2025/08/CFD0892-300x300.png","CFD0892"
"14940","O-RING DOPHIN – CF1288","R54.00 Excl. Vat","Yes","https://www.akwa.co.za/product/o-ring-dophin-cf1288/","https://www.akwa.co.za/wp-content/uploads/2024/02/CFD0902-300x300.png","CFD0902"
"14941","O-RING DOPHIN – CF1488","R54.00 Excl. Vat","Yes","https://www.akwa.co.za/product/o-ring-dophin-cf1488/","https://www.akwa.co.za/wp-content/uploads/2024/02/CFD0903-300x300.png","CFD0903"
"14938","O-RING DOPHIN – CF688","R54.00 Excl. Vat","Yes","https://www.akwa.co.za/product/o-ring-dophin-cf688/","https://www.akwa.co.za/wp-content/uploads/2024/02/CFD0900-300x300.png","CFD0900"
"14939","O-RING DOPHIN – CF888","R54.00 Excl. Vat","Yes","https://www.akwa.co.za/product/o-ring-dophin-cf888/","https://www.akwa.co.za/wp-content/uploads/2024/02/CFD0901-300x300.png","CFD0901"
"5043","O-RING DOPHIN C-1300 / C-1600","R80.05 Excl. Vat","Yes","https://www.akwa.co.za/product/o-ring-dophin-c-1300-c-1600/","https://www.akwa.co.za/wp-content/uploads/2020/07/CFD0877-300x300.png","CFD0877"
"5026","O-RING DOPHIN C-500","R51.45 Excl. Vat","Yes","https://www.akwa.co.za/product/o-ring-dophin-c-500/","https://www.akwa.co.za/wp-content/uploads/2020/07/CFD0861-300x300.png","CFD0861"
"5036","O-RING DOPHIN C-700 / C-1000","R64.35 Excl. Vat","Yes","https://www.akwa.co.za/product/o-ring-dophin-c-700-c-1000/","https://www.akwa.co.za/wp-content/uploads/2020/07/CFD0871-300x300.png","CFD0871"
"5033","O-RING IMPELLER COVER – C-500","R7.60 Excl. Vat","Yes","https://www.akwa.co.za/product/o-ring-impeller-cover-c-500/","https://www.akwa.co.za/wp-content/uploads/2020/07/CFD0868-300x300.png","CFD0868"
"5034","O-RING IMPELLER COVER C-700 – 1600","R7.60 Excl. Vat","Yes","https://www.akwa.co.za/product/o-ring-impeller-cover-c-700-1600/","https://www.akwa.co.za/wp-content/uploads/2020/07/CFD0869-300x300.png","CFD0869"
"5037","OUTLET PIPE C-700 / C-1600","R79.60 Excl. Vat","Yes","https://www.akwa.co.za/product/outlet-pipe-c-700-c-1600/","https://www.akwa.co.za/wp-content/uploads/2020/07/CFD0872-300x300.png","CFD0872"
"5027","OUTLET PIPE DOPHIN C-500","R57.90 Excl. Vat","Yes","https://www.akwa.co.za/product/outlet-pipe-dophin-c-500/","https://www.akwa.co.za/wp-content/uploads/2020/07/CFD0862-300x300.png","CFD0862"
"5039","RAINBAR C-700 / C-1000 / C-1300 / C-1600","R65.45 Excl. Vat","Yes","https://www.akwa.co.za/product/rainbar-c-700-c-1000-c-1300-c-1600/","https://www.akwa.co.za/wp-content/uploads/2020/07/CFD0874-300x300.png","CFD0874"
"5029","RAINBAR DOPHIN C-500","R51.45 Excl. Vat","Yes","https://www.akwa.co.za/product/rainbar-dophin-c-500/","https://www.akwa.co.za/wp-content/uploads/2020/07/CFD0864-300x300.png","CFD0864"
"4834","SPONGE ONLY – SF-15","R12.10 Excl. Vat","Yes","https://www.akwa.co.za/product/sponge-only-sf-15/","https://www.akwa.co.za/wp-content/uploads/2020/07/SF1015-300x300.png","SF1015"
"4994","SPONGE ONLY – SF-33","R31.20 Excl. Vat","Yes","https://www.akwa.co.za/product/sponge-only-sf-33/","https://www.akwa.co.za/wp-content/uploads/2020/07/SF1033-300x300.png","SF1033"
"19528","VALVE BASE DOPHIN – CF12008","R159.60 Excl. Vat","Yes","https://www.akwa.co.za/product/19528/","https://www.akwa.co.za/wp-content/uploads/2025/08/CFD0894-300x300.png","CFD0894"
"19530","VALVE BASE DOPHIN – CF12308","R159.60 Excl. Vat","Yes","https://www.akwa.co.za/product/valve-base-dophin-cf12308/","https://www.akwa.co.za/wp-content/uploads/2025/08/CFD0895-300x300.png","CFD0895"
"19532","VALVE BASE DOPHIN – CF12508","R186.20 Excl. Vat","Yes","https://www.akwa.co.za/product/valve-base-dophin-cf12508/","https://www.akwa.co.za/wp-content/uploads/2025/08/CFD0896-300x300.png","CFD0896"
"5045","VALVE SET C-2400 HEAD","R258.60 Excl. Vat","Yes","https://www.akwa.co.za/product/valve-set-c-2400-head/","https://www.akwa.co.za/wp-content/uploads/2020/07/CFD0879-300x300.png","CFD0879"
"5041","VALVE TAP DOPHIN C-1300 / C-1600","R89.75 Excl. Vat","Yes","https://www.akwa.co.za/product/valve-tap-dophin-c-1300-c-1600/","https://www.akwa.co.za/wp-content/uploads/2020/07/CFD0876-300x300.png","CFD0876"
"5025","VALVE TAP DOPHIN C-500","R76.90 Excl. Vat","Yes","https://www.akwa.co.za/product/valve-tap-dophin-c-500/","https://www.akwa.co.za/wp-content/uploads/2020/07/CFD0860-300x300.png","CFD0860"
"5035","VALVE TAP DOPHIN C-700 / C-1000","R89.75 Excl. Vat","Yes","https://www.akwa.co.za/product/valve-tap-dophin-c-700-c-1000/","https://www.akwa.co.za/wp-content/uploads/2020/07/CFD0870-300x300.png","CFD0870"
"11906","AQUA CLEAN DROP BUFFER – 3L","R228.55 Excl. Vat","Yes","https://www.akwa.co.za/product/aqua-clean-drop-buffer-3l/","https://www.akwa.co.za/wp-content/uploads/2022/10/AC1024-300x300.png","AC1024"
"","AQUA CLEAN FILTER BAG FINE MESH","R71.90 – R94.50Price range: R71.90 through R94.50 Excl. Vat","Yes","https://www.akwa.co.za/product/aqua-clean-filter-bag-fine-mesh/","https://www.akwa.co.za/wp-content/uploads/2022/10/AC1030-300x300.png","AC1030"
"","AQUA CLEAN FILTER BAGS – COARSE MESH","R62.45 – R121.90Price range: R62.45 through R121.90 Excl. Vat","Yes","https://www.akwa.co.za/product/aqua-clean-filter-bags-coarse-mesh/","https://www.akwa.co.za/wp-content/uploads/2022/10/AC1034-300x300.png","AC1034"
"11422","AQUA CLEAN FILTER COTTON “A” – 1000x1000x1","R49.45 Excl. Vat","Yes","https://www.akwa.co.za/product/aqua-clean-filter-cotton-a-1000x1/","https://www.akwa.co.za/wp-content/uploads/2022/10/AC1012-300x300.png","AC1012"
"11423","AQUA CLEAN FILTER COTTON “B” – 1000x1000x1","R94.70 Excl. Vat","Yes","https://www.akwa.co.za/product/aqua-clean-filter-cotton-b-1000x1/","https://www.akwa.co.za/wp-content/uploads/2022/10/AC1014-300x300.png","AC1014"
"11905","AQUA CLEAN FUNCTIONAL MINERAL STONE – 3L","R125.95 Excl. Vat","Yes","https://www.akwa.co.za/product/aqua-clean-functional-mineral-stone-3l/","https://www.akwa.co.za/wp-content/uploads/2022/10/AC1022-300x300.png","AC1022"
"11903","AQUA CLEAN HONEYCOMB FILTER – 460x350x10 TWIN","R89.60 Excl. Vat","Yes","https://www.akwa.co.za/product/aqua-clean-honeycomb-filter-460x350x10-twin/","https://www.akwa.co.za/wp-content/uploads/2022/10/AC1016-300x300.png","AC1016"
"11421","AQUA CLEAN NITRATE REMOVER – 250ml","R84.55 Excl. Vat","Yes","https://www.akwa.co.za/product/aqua-clean-nitrate-remover-250ml/","https://www.akwa.co.za/wp-content/uploads/2022/08/AC1020-300x300.png","AC1020"
"11907","AQUA CLEAN ORGANIC REMOVER – 500ml","R112.25 Excl. Vat","Yes","https://www.akwa.co.za/product/aqua-clean-organic-remover-500ml/","https://www.akwa.co.za/wp-content/uploads/2022/10/AC1026-300x300.png","AC1026"
"11908","AQUA CLEAN PHOSPHATE REMOVER – 500ml","R78.85 Excl. Vat","Yes","https://www.akwa.co.za/product/aqua-clean-phosphate-remover-500ml/","https://www.akwa.co.za/wp-content/uploads/2022/10/AC1028-300x300.png","AC1028"
"15115","AQUA CLEAN PO4 – 3D FILTER MEDIA – 1L","R61.10 Excl. Vat","Yes","https://www.akwa.co.za/product/aqua-clean-po4-3d-filter-media-1l/","https://www.akwa.co.za/wp-content/uploads/2024/03/AC1008-300x300.png","AC1008"
"15361","AQUA CLEAN WATER EXCHANGER FILTER","R191.85 Excl. Vat","Yes","https://www.akwa.co.za/product/aqua-clean-water-exchanger-filter/","https://www.akwa.co.za/wp-content/uploads/2024/03/AC1027-300x300.png","AC1027"
"","AQUARIUM SALT","R19.85 – R52.40Price range: R19.85 through R52.40 Excl. Vat","Yes","https://www.akwa.co.za/product/aquarium-salt/","https://www.akwa.co.za/wp-content/uploads/2025/08/AquariumSalt-300x300.png","AquariumSalt"
"","BIO FILTER MEDIA 7 IN1","R58.20 – R105.00Price range: R58.20 through R105.00 Excl. Vat","Yes","https://www.akwa.co.za/product/bio-filter-media-7-in1/","https://www.akwa.co.za/wp-content/uploads/2024/08/Biological-Filter-Media-7in1-300x300.png","Biological-Filter-Media-7in1"
"2810","BIO SPONGE FILTER 1000x1000x40mm","R479.35 Excl. Vat","Yes","https://www.akwa.co.za/product/bio-sponge-filter-1000x1000x40mm/","https://www.akwa.co.za/wp-content/uploads/2020/05/FM0075-300x300.png","FM0075"
"2820","BIO-BALL – PLASTIC – 1300 / 16kg","R1,950.70 Excl. Vat","Yes","https://www.akwa.co.za/product/bio-ball-plastic-1300-16kg/","https://www.akwa.co.za/wp-content/uploads/2020/05/BO0068-e1750927186935-300x300.png","BO0068"
"2819","BIO-BALL – PLASTIC – 160 / 2kg","R272.40 Excl. Vat","Yes","https://www.akwa.co.za/product/bio-ball-plastic-160-2kg/","https://www.akwa.co.za/wp-content/uploads/2020/05/BO0068-e1750927186935-300x300.png","BO0068"
"2818","BIO-BALL – PLASTIC – 40 / 500gr","R74.25 Excl. Vat","Yes","https://www.akwa.co.za/product/bio-ball-plastic-40-500gr/","https://www.akwa.co.za/wp-content/uploads/2020/05/BO0068-e1750927186935-300x300.png","BO0068"
"2843","CERAMIC NOODLES 1LT BOTTLE","R87.45 Excl. Vat","Yes","https://www.akwa.co.za/product/ceramic-noodles-1lt-bottle/","https://www.akwa.co.za/wp-content/uploads/2025/10/AFM0106-300x300.png","AFM0106"
"2835","CERAMIC NOODLES 500ml BOTTLE","R48.55 Excl. Vat","Yes","https://www.akwa.co.za/product/ceramic-noodles-500ml-bottle/","https://www.akwa.co.za/wp-content/uploads/2020/05/AFM0105-e1750924693258-300x300.png","AFM0105"
"2826","CERAMIC RINGS 15mm – 15kg","R800.20 Excl. Vat","Yes","https://www.akwa.co.za/product/ceramic-rings-15mm-15kg/","https://www.akwa.co.za/wp-content/uploads/2020/05/CR0062-300x300.png","CR0062"
"16983","DOPHIN 12 IN 1 FILTER MEDIA / FM913","R68.35 Excl. Vat","Yes","https://www.akwa.co.za/product/dophin-12-in-1-filter-media-fm913/","https://www.akwa.co.za/wp-content/uploads/2024/10/DFM0889-e1748870677935-300x300.png","DFM0889"
"11235","DOPHIN ACTIVATED CARBON 150gr / FM901","R33.40 Excl. Vat","Yes","https://www.akwa.co.za/product/dophin-activated-carbon-150gr-fm901/","https://www.akwa.co.za/wp-content/uploads/2022/07/DFM0878-1-300x300.png","DFM0878-1"
"2850","DOPHIN ACTIVATED CARBON 300gr / FM902","R50.75 Excl. Vat","Yes","https://www.akwa.co.za/product/dophin-activated-carbon-300gr-fm902/","https://www.akwa.co.za/wp-content/uploads/2022/07/DFM0880-300x300.png","DFM0880"
"11236","DOPHIN BACTERIA BALL – 500gr","R123.35 Excl. Vat","Yes","https://www.akwa.co.za/product/dophin-bacteria-ball-500gr/","https://www.akwa.co.za/wp-content/uploads/2022/07/DFM0890-300x300.png","DFM0890"
"2857","DOPHIN CARBON + ZEOLITE 200gr / FM903","R31.20 Excl. Vat","Yes","https://www.akwa.co.za/product/dophin-carbon-zeolite-200gr-fm903/","https://www.akwa.co.za/wp-content/uploads/2020/05/DFM0886-300x300.png","DFM0886"
"2858","DOPHIN CARBON + ZEOLITE 400gr / FM904","R51.40 Excl. Vat","Yes","https://www.akwa.co.za/product/dophin-carbon-zeolite-400gr-fm904/","https://www.akwa.co.za/wp-content/uploads/2020/05/DFM0886-1-300x300.png","DFM0886-1"
"2855","DOPHIN CERAMIC RING 400gr / FM905","R51.70 Excl. Vat","Yes","https://www.akwa.co.za/product/dophin-ceramic-ring-400gr-fm905/","https://www.akwa.co.za/wp-content/uploads/2020/05/DFM0882-300x300.png","DFM0882"
"2856","DOPHIN ZEOLITE 400gr / FM906","R51.70 Excl. Vat","Yes","https://www.akwa.co.za/product/dophin-zeolite-400gr-fm906/","https://www.akwa.co.za/wp-content/uploads/2020/05/DFM0884-300x300.png","DFM0884"
"2813","FILTER BRUSH 400x200mm DIA","R84.10 Excl. Vat","Yes","https://www.akwa.co.za/product/filter-brush-400x200mm-dia/","https://www.akwa.co.za/wp-content/uploads/2020/05/FB0188-300x300.png","FB0188"
"13873","FILTER BRUSH 500x120mm DIA IMPORTED","R21.10 Excl. Vat","Yes","https://www.akwa.co.za/product/filter-brush-500x120mm-dia-imported/","https://www.akwa.co.za/wp-content/uploads/2023/10/FB0189-1-300x300.png","FB0189-1"
"2809","FILTER MAT 1m x 1m 18mm THICK","R87.20 Excl. Vat","Yes","https://www.akwa.co.za/product/filter-mat-1m-x-1m-18mm-thick/","https://www.akwa.co.za/wp-content/uploads/2020/05/FM0072-e1750927504829-300x300.png","FM0072"
"","FILTER MEDIA BAG","R25.30 – R52.75Price range: R25.30 through R52.75 Excl. Vat","Yes","https://www.akwa.co.za/product/filter-media-bag/","https://www.akwa.co.za/wp-content/uploads/2023/09/PM0172-300x300.png","PM0172"
"2811","FILTER WOOL 25gr/10 PACK","R72.65 Excl. Vat","Yes","https://www.akwa.co.za/product/filter-wool-25gr-10-pack/","https://www.akwa.co.za/wp-content/uploads/2020/05/FM0060-300x300.png","FM0060"
"2812","FILTER WOOL 450gr","R76.65 Excl. Vat","Yes","https://www.akwa.co.za/product/filter-wool-450gr/","https://www.akwa.co.za/wp-content/uploads/2020/05/FM0060-300x300.png","FM0060"
"2808","JAPAN FILTER MAT 1000x1000x38mm","R1,038.45 Excl. Vat","Yes","https://www.akwa.co.za/product/japan-filter-mat-1000x1000x38mm/","https://www.akwa.co.za/wp-content/uploads/2020/05/FM0076-300x300.png","FM0076"
"2860","LAVA ROCK – 1.5kg","R54.85 Excl. Vat","Yes","https://www.akwa.co.za/product/lava-rock-1-5kg/","https://www.akwa.co.za/wp-content/uploads/2020/05/LR0070-300x300.png","LR0070"
"8814","LAVA ROCK – BULK LARGE 40-50mm – 10kg","R246.90 Excl. Vat","Yes","https://www.akwa.co.za/product/lava-rock-bulk-large-40-50mm-10kg/","https://www.akwa.co.za/wp-content/uploads/2020/05/LR0070-300x300.png","LR0070"
"2863","LAVA ROCK – BULK MEDIUM 25-35mm – 10kg","R246.90 Excl. Vat","Yes","https://www.akwa.co.za/product/lava-rock-bulk-15kg/","https://www.akwa.co.za/wp-content/uploads/2020/05/LR0070-300x300.png","LR0070"
"11337","POND MEDIC ACTIVATED CARBON – 2kg","R150.25 Excl. Vat","Yes","https://www.akwa.co.za/product/pond-medic-activated-carbon-2kg/","https://www.akwa.co.za/wp-content/uploads/2022/07/PM0165-300x300.png","PM0165"
"11330","POND MEDIC CERAMIC RINGS – 2kg","R153.25 Excl. Vat","Yes","https://www.akwa.co.za/product/pond-medic-ceramic-rings-2kg/","https://www.akwa.co.za/wp-content/uploads/2022/07/PM0160-300x300.png","PM0160"
"11335","POND MEDIC CERAMIC RINGS – 4.5kg","R288.00 Excl. Vat","Yes","https://www.akwa.co.za/product/pond-medic-ceramic-rings-4-5kg/","https://www.akwa.co.za/wp-content/uploads/2022/07/PM0161-300x300.png","PM0161"
"11336","POND MEDIC CERAMIC RINGS – 9kg","R628.90 Excl. Vat","Yes","https://www.akwa.co.za/product/pond-medic-ceramic-rings-9kg/","https://www.akwa.co.za/wp-content/uploads/2022/07/PM0162-300x300.png","PM0162"
"2846","ZEOLITE AMMONIA REMOVER 1LT BOTTLE","R85.50 Excl. Vat","Yes","https://www.akwa.co.za/product/zeolite-ammonia-remover-1lt-bottle/","https://www.akwa.co.za/wp-content/uploads/2020/05/AFM0111-e1750923791426-300x300.png","AFM0111"
"2845","ZEOLITE AMMONIA REMOVER 500ml BOTTLE","R51.10 Excl. Vat","Yes","https://www.akwa.co.za/product/zeolite-ammonia-remover-500ml-bottle/","https://www.akwa.co.za/wp-content/uploads/2020/05/AFM0110-e1750923815572-300x300.png","AFM0110"
"2985","DOPHIN PELLETS 230g (COLOUR FOOD) MEDIUM","R73.75 Excl. Vat","Yes","https://www.akwa.co.za/product/dophin-pellets-230g-colour-food-medium/","https://www.akwa.co.za/wp-content/uploads/2020/05/AF0228-300x300.png","AF0228"
"2379","DOPHIN TROPICAL BITS 250ml (9)","R50.30 Excl. Vat","Yes","https://www.akwa.co.za/product/dophin-tropical-bits-250ml-9/","https://www.akwa.co.za/wp-content/uploads/2020/03/DF1322-300x300.png","DF1322"
"18078","FISH C BABY FISH FOOD TROPICAL – 80gr","R32.35 Excl. Vat","Yes","https://www.akwa.co.za/product/fish-c-baby-fish-food-tropical-80gr/","https://www.akwa.co.za/wp-content/uploads/2025/02/FC0413-e1748861477705-300x300.png","FC0413"
"2371","FISH C BASIC FLAKE 100g","R48.10 Excl. Vat","Yes","https://www.akwa.co.za/product/fish-c-basic-flake-100g/","https://www.akwa.co.za/wp-content/uploads/2020/03/FC0382-300x300.png","FC0382"
"2369","FISH C BASIC FLAKE 20g","R20.10 Excl. Vat","Yes","https://www.akwa.co.za/product/fish-c-basic-flake-20g/","https://www.akwa.co.za/wp-content/uploads/2020/03/FC0380-300x300.png","FC0380"
"2370","FISH C BASIC FLAKE 50g","R32.95 Excl. Vat","Yes","https://www.akwa.co.za/product/fish-c-basic-flake-50g/","https://www.akwa.co.za/wp-content/uploads/2020/03/FC0381-300x300.png","FC0381"
"2372","FISH C BASIC FLAKE BULK 250g","R64.05 Excl. Vat","Yes","https://www.akwa.co.za/product/fish-c-basic-flake-bulk-250g/","https://www.akwa.co.za/wp-content/uploads/2020/03/FC0392-300x300.png","FC0392"
"2373","FISH C BASIC FLAKE BULK 500g","R113.65 Excl. Vat","Yes","https://www.akwa.co.za/product/fish-c-basic-flake-bulk-500g/","https://www.akwa.co.za/wp-content/uploads/2020/03/FC0383-300x300.png","FC0383"
"2960","FISH C BASIC FLAKES BULK – 4kg","R750.10 Excl. Vat","Yes","https://www.akwa.co.za/product/fish-c-basic-flakes-bulk-4kg/","https://www.akwa.co.za/wp-content/uploads/2020/05/AM0001-300x300.png","AM0001"
"2981","FISH C CICHLID BITS 100g","R35.30 Excl. Vat","Yes","https://www.akwa.co.za/product/fish-c-cichlid-bits-100g/","https://www.akwa.co.za/wp-content/uploads/2020/05/FC0404-300x300.png","FC0404"
"2982","FISH C CICHLID BITS 250g","R70.70 Excl. Vat","Yes","https://www.akwa.co.za/product/fish-c-cichlid-bits-250g/","https://www.akwa.co.za/wp-content/uploads/2020/05/FC0405-300x300.png","FC0405"
"2978","FISH C CICHLID BITS 50g","R23.80 Excl. Vat","Yes","https://www.akwa.co.za/product/fish-c-cichlid-bits-50g/","https://www.akwa.co.za/wp-content/uploads/2020/05/FC0403-300x300.png","FC0403"
"11952","FISH C CICHLID PELLETS MEDIUM – 180g","R29.60 Excl. Vat","Yes","https://www.akwa.co.za/product/fish-c-cichlid-pellets-medium-180g/","https://www.akwa.co.za/wp-content/uploads/2022/10/FC0408-300x300.png","FC0408"
"11953","FISH C CICHLID PELLETS MEDIUM – 330g","R50.10 Excl. Vat","Yes","https://www.akwa.co.za/product/fish-c-cichlid-pellets-medium-330g/","https://www.akwa.co.za/wp-content/uploads/2022/10/FC0411-300x300.png","FC0411"
"11950","FISH C CICHLID PELLETS MINI – 150g","R28.80 Excl. Vat","Yes","https://www.akwa.co.za/product/fish-c-cichlid-pellets-mini-150g/","https://www.akwa.co.za/wp-content/uploads/2022/10/FC0407-300x300.png","FC0407"
"11951","FISH C CICHLID PELLETS MINI – 300g","R49.05 Excl. Vat","Yes","https://www.akwa.co.za/product/fish-c-cichlid-pellets-mini-300g/","https://www.akwa.co.za/wp-content/uploads/2022/10/FC0410-300x300.png","FC0410"
"2376","FISH C GOLDFISH FLAKE 100g","R47.50 Excl. Vat","Yes","https://www.akwa.co.za/product/fish-c-goldfish-flake-100g/","https://www.akwa.co.za/wp-content/uploads/2020/03/FC0386-300x300.png","FC0386"
"2374","FISH C GOLDFISH FLAKE 20g","R20.05 Excl. Vat","Yes","https://www.akwa.co.za/product/fish-c-goldfish-flake-20g/","https://www.akwa.co.za/wp-content/uploads/2020/03/FC0384-300x300.png","FC0384"
"2375","FISH C GOLDFISH FLAKE 50g","R32.75 Excl. Vat","Yes","https://www.akwa.co.za/product/fish-c-goldfish-flake-50g/","https://www.akwa.co.za/wp-content/uploads/2020/03/FC0385-300x300.png","FC0385"
"2962","FISH C GOLDFISH FLAKE BULK – 4kg","R750.10 Excl. Vat","Yes","https://www.akwa.co.za/product/fish-c-goldfish-flake-bulk-4kg/","https://www.akwa.co.za/wp-content/uploads/2020/05/AM0002-300x300.png","AM0002"
"2377","FISH C GOLDFISH FLAKE BULK 250g","R63.05 Excl. Vat","Yes","https://www.akwa.co.za/product/fish-c-goldfish-flake-bulk-250g/","https://www.akwa.co.za/wp-content/uploads/2020/03/FC0393-300x300.png","FC0393"
"2378","FISH C GOLDFISH FLAKE BULK 500g","R111.85 Excl. Vat","Yes","https://www.akwa.co.za/product/fish-c-goldfish-flake-bulk-500g/","https://www.akwa.co.za/wp-content/uploads/2020/03/FC0387-300x300.png","FC0387"
"2473","HIKARI BETTA GOLD BABY – 2.5g","R30.30 Excl. Vat","Yes","https://www.akwa.co.za/product/hikari-betta-gold-baby-2-5g/","https://www.akwa.co.za/wp-content/uploads/2020/04/HIK19101-300x300.png","HIK19101"
"2476","HIKARI BETTA GOLD BABY – 20g","R94.85 Excl. Vat","Yes","https://www.akwa.co.za/product/hikari-betta-gold-baby-20g/","https://www.akwa.co.za/wp-content/uploads/2020/04/HIK19101-300x300.png","HIK19101"
"2475","HIKARI BETTA GOLD BABY – 5g","R30.50 Excl. Vat","Yes","https://www.akwa.co.za/product/hikari-betta-gold-baby-5g/","https://www.akwa.co.za/wp-content/uploads/2020/04/HIK19101-300x300.png","HIK19101"
"2458","HIKARI BIO GOLD PLUS MEDIUM – 250g","R171.75 Excl. Vat","Yes","https://www.akwa.co.za/product/hikari-bio-gold-plus-medium-250g/","https://www.akwa.co.za/wp-content/uploads/2020/04/HIK15328-300x300.png","HIK15328"
"2465","HIKARI BLOOD-RED PARROT MEDIUM – 600g","R378.35 Excl. Vat","Yes","https://www.akwa.co.za/product/hikari-blood-red-parrot-medium-600g/","https://www.akwa.co.za/wp-content/uploads/2020/04/HIK16333-300x300.png","HIK16333"
"2463","HIKARI BLOOD-RED PARROT MEDIUM 333g","R208.85 Excl. Vat","Yes","https://www.akwa.co.za/product/hikari-blood-red-parrot-medium-333g/","https://www.akwa.co.za/wp-content/uploads/2020/04/HIK16333-300x300.png","HIK16333"
"2460","HIKARI BLOOD-RED PARROT MINI – 333g","R208.85 Excl. Vat","Yes","https://www.akwa.co.za/product/hikari-blood-red-parrot-mini-333g/","https://www.akwa.co.za/wp-content/uploads/2020/04/HIK16233-300x300.png","HIK16233"
"2462","HIKARI BLOOD-RED PARROT MINI – 600g","R378.35 Excl. Vat","Yes","https://www.akwa.co.za/product/hikari-blood-red-parrot-mini-600g/","https://www.akwa.co.za/wp-content/uploads/2020/04/HIK16233-300x300.png","HIK16233"
"2457","HIKARI CICHLID BIO GOLD PLUS MINI – 250g","R171.75 Excl. Vat","Yes","https://www.akwa.co.za/product/hikari-cichlid-bio-gold-plus-mini-250g/","https://www.akwa.co.za/wp-content/uploads/2020/04/HIK15211-300x300.png","HIK15211"
"2455","HIKARI CICHLID BIO GOLD PLUS MINI – 57g","R62.10 Excl. Vat","Yes","https://www.akwa.co.za/product/hikari-cichlid-bio-gold-plus-mini-57g/","https://www.akwa.co.za/wp-content/uploads/2020/04/HIK15211-300x300.png","HIK15211"
"2451","HIKARI CICHLID EXCEL MEDIUM – 250g","R155.60 Excl. Vat","Yes","https://www.akwa.co.za/product/hikari-cichlid-excel-medium-250g/","https://www.akwa.co.za/wp-content/uploads/2020/04/HIK14311-300x300.png","HIK14311"
"18047","HIKARI CICHLID EXCEL MEDIUM – 57g","R45.45 Excl. Vat","Yes","https://www.akwa.co.za/product/hikari-cichlid-excel-medium-57g/","https://www.akwa.co.za/wp-content/uploads/2025/02/HIK14311-e1748861515785-300x300.png","HIK14311"
"2448","HIKARI CICHLID EXCEL MINI – 250g","R155.60 Excl. Vat","Yes","https://www.akwa.co.za/product/hikari-cichlid-excel-mini-250g/","https://www.akwa.co.za/wp-content/uploads/2020/04/HIK14211-300x300.png","HIK14211"
"2446","HIKARI CICHLID EXCEL MINI – 57g","R52.35 Excl. Vat","Yes","https://www.akwa.co.za/product/hikari-cichlid-excel-mini-57g/","https://www.akwa.co.za/wp-content/uploads/2020/04/HIK14211-300x300.png","HIK14211"
"2429","HIKARI CICHLID GOLD BABY – 250g","R135.70 Excl. Vat","Yes","https://www.akwa.co.za/product/hikari-cichlid-gold-baby-250g/","https://www.akwa.co.za/wp-content/uploads/2020/04/HIK04111-300x300.png","HIK04111"
"2427","HIKARI CICHLID GOLD BABY – 57g","R46.45 Excl. Vat","Yes","https://www.akwa.co.za/product/hikari-cichlid-gold-baby-57g/","https://www.akwa.co.za/wp-content/uploads/2020/04/HIK04111-300x300.png","HIK04111"
"2438","HIKARI CICHLID GOLD LARGE – 250g","R122.95 Excl. Vat","Yes","https://www.akwa.co.za/product/hikari-cichlid-gold-large-250g/","https://www.akwa.co.za/wp-content/uploads/2020/04/HIK04411-300x300.png","HIK04411"
"2436","HIKARI CICHLID GOLD LARGE – 57g","R41.35 Excl. Vat","Yes","https://www.akwa.co.za/product/hikari-cichlid-gold-large-57g/","https://www.akwa.co.za/wp-content/uploads/2020/04/HIK04411-300x300.png","HIK04411"
"2435","HIKARI CICHLID GOLD MEDIUM – 250g","R124.25 Excl. Vat","Yes","https://www.akwa.co.za/product/hikari-cichlid-gold-medium-250g/","https://www.akwa.co.za/wp-content/uploads/2020/04/HIK04311-300x300.png","HIK04311"
"2433","HIKARI CICHLID GOLD MEDIUM – 57g","R41.35 Excl. Vat","Yes","https://www.akwa.co.za/product/hikari-cichlid-gold-medium-57g/","https://www.akwa.co.za/wp-content/uploads/2020/04/HIK04311-300x300.png","HIK04311"
"2432","HIKARI CICHLID GOLD MINI – 250g","R124.65 Excl. Vat","Yes","https://www.akwa.co.za/product/hikari-cichlid-gold-mini-250g/","https://www.akwa.co.za/wp-content/uploads/2020/04/HIK04211-300x300.png","HIK04211"
"2430","HIKARI CICHLID GOLD MINI – 57g","R41.35 Excl. Vat","Yes","https://www.akwa.co.za/product/hikari-cichlid-gold-mini-57g/","https://www.akwa.co.za/wp-content/uploads/2020/04/HIK04211-300x300.png","HIK04211"
"2415","HIKARI CICHLID STAPLE BABY – 57g","R36.65 Excl. Vat","Yes","https://www.akwa.co.za/product/hikari-cichlid-staple-baby-57g/","https://www.akwa.co.za/wp-content/uploads/2020/04/HIK03128-300x300.png","HIK03128"
"2426","HIKARI CICHLID STAPLE LARGE – 250g","R83.95 Excl. Vat","Yes","https://www.akwa.co.za/product/hikari-cichlid-staple-large-250g/","https://www.akwa.co.za/wp-content/uploads/2020/04/HIK03411-300x300.png","HIK03411"
"2423","HIKARI CICHLID STAPLE MEDIUM – 250g","R84.80 Excl. Vat","Yes","https://www.akwa.co.za/product/hikari-cichlid-staple-medium-250g/","https://www.akwa.co.za/wp-content/uploads/2020/04/HIK03311-300x300.png","HIK03311"
"2421","HIKARI CICHLID STAPLE MEDIUM – 57g","R34.15 Excl. Vat","Yes","https://www.akwa.co.za/product/hikari-cichlid-staple-medium-57g/","https://www.akwa.co.za/wp-content/uploads/2020/04/HIK03311-300x300.png","HIK03311"
"2420","HIKARI CICHLID STAPLE MINI – 250g","R85.65 Excl. Vat","Yes","https://www.akwa.co.za/product/hikari-cichlid-staple-mini-250g/","https://www.akwa.co.za/wp-content/uploads/2020/04/HIK03211-300x300.png","HIK03211"
"2418","HIKARI CICHLID STAPLE MINI – 57g","R34.15 Excl. Vat","Yes","https://www.akwa.co.za/product/hikari-cichlid-staple-mini-57g/","https://www.akwa.co.za/wp-content/uploads/2020/04/HIK03211-300x300.png","HIK03211"
"2525","HIKARI CRAB CUISINE – 50g","R45.90 Excl. Vat","Yes","https://www.akwa.co.za/product/hikari-crab-cuisine-50g/","https://www.akwa.co.za/wp-content/uploads/2020/04/HIK27309-300x300.png","HIK27309"
"2479","HIKARI FIRST BITES – 10g","R33.70 Excl. Vat","Yes","https://www.akwa.co.za/product/hikari-first-bites-10g/","https://www.akwa.co.za/wp-content/uploads/2020/04/HIK20095-300x300.png","HIK20095"
"","HIKARI FREEZE DRIED BLOOD WORMS","R149.55 – R448.60Price range: R149.55 through R448.60 Excl. Vat","Yes","https://www.akwa.co.za/product/hikari-freeze-dried-blood-worms/","https://www.akwa.co.za/wp-content/uploads/2023/05/HIK33210-300x300.png","HIK33210"
"","HIKARI FREEZE DRIED BRINE SHRIMP","R81.85 – R177.40Price range: R81.85 through R177.40 Excl. Vat","Yes","https://www.akwa.co.za/product/hikari-freeze-dried-brine-shrimp/","https://www.akwa.co.za/wp-content/uploads/2023/05/HIK33510-300x300.png","HIK33510"
"12897","HIKARI FREEZE DRIED DAPHNIA – 12g","R103.55 Excl. Vat","Yes","https://www.akwa.co.za/product/hikari-freeze-dried-daphnia-12g/","https://www.akwa.co.za/wp-content/uploads/2023/05/HIK33301-300x300.png","HIK33301"
"","HIKARI FREEZE DRIED KRILL","R87.35 – R205.55Price range: R87.35 through R205.55 Excl. Vat","Yes","https://www.akwa.co.za/product/hikari-freeze-dried-krill/","https://www.akwa.co.za/wp-content/uploads/2023/05/HIK33417-300x300.png","HIK33417"
"12905","HIKARI FREEZE DRIED OCEAN PLANKTON – 12g","R99.60 Excl. Vat","Yes","https://www.akwa.co.za/product/hikari-freeze-dried-ocean-plankton-12g/","https://www.akwa.co.za/wp-content/uploads/2023/05/HIK33601-300x300.png","HIK33601"
"15592","HIKARI FREEZE DRIED SPIRULINA BRINESHRIMP 12g","R139.40 Excl. Vat","Yes","https://www.akwa.co.za/product/hikari-freeze-dried-spirulina-brineshrimp-12g/","https://www.akwa.co.za/wp-content/uploads/2024/04/HIK33551-300x300.png","HIK33551"
"12904","HIKARI FREEZE DRIED SPIRULINA BRINESHRIMP 50g","R399.45 Excl. Vat","Yes","https://www.akwa.co.za/product/hikari-freeze-dried-spirulina-brineshrimp-50g/","https://www.akwa.co.za/wp-content/uploads/2023/05/HIK33560-300x300.png","HIK33560"
"12893","HIKARI FREEZE DRIED TUBIFEX WORMS – 22g","R115.55 Excl. Vat","Yes","https://www.akwa.co.za/product/hikari-freeze-dried-tubifex-worms-22g/","https://www.akwa.co.za/wp-content/uploads/2023/05/HIK33103-300x300.png","HIK33103"
"","HIKARI GOLDFISH BIO GOLD+ S","R94.85 – R246.35Price range: R94.85 through R246.35 Excl. Vat","Yes","https://www.akwa.co.za/product/hikari-goldfish-bio-gold-s/","https://www.akwa.co.za/wp-content/uploads/2024/07/HIKARIGOLDFISHBIOGOLDS-300x300.png","HIKARIGOLDFISHBIOGOLDS"
"","HIKARI GOLDFISH BIO GOLD+ SS","R94.85 – R246.35Price range: R94.85 through R246.35 Excl. Vat","Yes","https://www.akwa.co.za/product/hikari-goldfish-bio-gold-ss/","https://www.akwa.co.za/wp-content/uploads/2024/07/HIKARIGOLDFISHBIOGOLDSS-300x300.png","HIKARIGOLDFISHBIOGOLDSS"
"2390","HIKARI GOLDFISH GOLD BABY – 100g","R66.30 Excl. Vat","Yes","https://www.akwa.co.za/product/hikari-goldfish-gold-baby-100g/","https://www.akwa.co.za/wp-content/uploads/2020/03/HIK02120-300x300.png","HIK02120"
"17989","HIKARI GOLDFISH GOLD BABY – 300g","R154.40 Excl. Vat","Yes","https://www.akwa.co.za/product/hikari-goldfish-gold-baby-300g/","https://www.akwa.co.za/wp-content/uploads/2025/01/HIK02131-e1748861541886-300x300.png","HIK02131"
"2471","HIKARI GOLDFISH STAPLE BABY – 100g","R54.85 Excl. Vat","Yes","https://www.akwa.co.za/product/hikari-goldfish-staple-baby-100g/","https://www.akwa.co.za/wp-content/uploads/2020/04/HIK01106-300x300.png","HIK01106"
"2472","HIKARI GOLDFISH STAPLE BABY – 300g","R124.30 Excl. Vat","Yes","https://www.akwa.co.za/product/hikari-goldfish-staple-baby-300g/","https://www.akwa.co.za/wp-content/uploads/2020/04/HIK01106-300x300.png","HIK01106"
"2469","HIKARI GOLDFISH STAPLE BABY – 30g","R26.95 Excl. Vat","Yes","https://www.akwa.co.za/product/hikari-goldfish-staple-baby-30g/","https://www.akwa.co.za/wp-content/uploads/2020/04/HIK01106-300x300.png","HIK01106"
"2406","HIKARI LIONHEAD MINI – 100g","R90.50 Excl. Vat","Yes","https://www.akwa.co.za/product/hikari-lionhead-mini-100g/","https://www.akwa.co.za/wp-content/uploads/2020/03/HIK05220-300x300.png","HIK05220"
"2407","HIKARI LIONHEAD MINI – 350g","R239.30 Excl. Vat","Yes","https://www.akwa.co.za/product/hikari-lionhead-mini-350g/","https://www.akwa.co.za/wp-content/uploads/2020/03/HIK05234-300x300.png","HIK05234"
"2514","HIKARI MARINE – MARINE A – 110g","R128.60 Excl. Vat","Yes","https://www.akwa.co.za/product/hikari-marine-marine-a-110g/","https://www.akwa.co.za/wp-content/uploads/2020/04/HIK25121-300x300.png","HIK25121"
"2518","HIKARI MARINE – MARINE S – 1kg","R1,003.15 Excl. Vat","Yes","https://www.akwa.co.za/product/hikari-marine-marine-s-1kg/","https://www.akwa.co.za/wp-content/uploads/2020/04/HIK25210-300x300.png","HIK25210"
"2516","HIKARI MARINE – MARINE S – 50g","R78.10 Excl. Vat","Yes","https://www.akwa.co.za/product/hikari-marine-marine-s-50g/","https://www.akwa.co.za/wp-content/uploads/2020/04/HIK25210-300x300.png","HIK25210"
"2443","HIKARI SINKING CICHLID MEDIUM – 100g","R62.90 Excl. Vat","Yes","https://www.akwa.co.za/product/hikari-sinking-cichlid-medium-100g/","https://www.akwa.co.za/wp-content/uploads/2020/04/HIK04720-300x300.png","HIK04720"
"2445","HIKARI SINKING CICHLID MEDIUM – 342g","R152.15 Excl. Vat","Yes","https://www.akwa.co.za/product/hikari-sinking-cichlid-medium-342g/","https://www.akwa.co.za/wp-content/uploads/2020/04/HIK04720-300x300.png","HIK04720"
"2441","HIKARI SINKING CICHLID MINI – 100g","R62.90 Excl. Vat","Yes","https://www.akwa.co.za/product/hikari-sinking-cichlid-mini-100g/","https://www.akwa.co.za/wp-content/uploads/2020/04/HIK04515-300x300.png","HIK04515"
"2442","HIKARI SINKING CICHLID MINI – 342g","R152.15 Excl. Vat","Yes","https://www.akwa.co.za/product/hikari-sinking-cichlid-mini-342g/","https://www.akwa.co.za/wp-content/uploads/2020/04/HIK04515-300x300.png","HIK04515"
"2387","HIKARI SINKING GOLDFISH EXCEL BABY – 110g","R63.70 Excl. Vat","Yes","https://www.akwa.co.za/product/hikari-sinking-goldfish-excel-baby-110g/","https://www.akwa.co.za/wp-content/uploads/2020/03/HIK02621-300x300.png","HIK02621"
"2502","HIKARI TROPICAL ALGAE WAFERS – 20g","R35.05 Excl. Vat","Yes","https://www.akwa.co.za/product/hikari-tropical-algae-wafers-20g/","https://www.akwa.co.za/wp-content/uploads/2020/04/HIK21302-300x300.png","HIK21302"
"2506","HIKARI TROPICAL ALGAE WAFERS – 250g","R206.10 Excl. Vat","Yes","https://www.akwa.co.za/product/hikari-tropical-algae-wafers-250g/","https://www.akwa.co.za/wp-content/uploads/2020/04/HIK21302-300x300.png","HIK21302"
"2504","HIKARI TROPICAL ALGAE WAFERS – 40g","R53.15 Excl. Vat","Yes","https://www.akwa.co.za/product/hikari-tropical-algae-wafers-40g/","https://www.akwa.co.za/wp-content/uploads/2020/04/HIK21302-300x300.png","HIK21302"
"2505","HIKARI TROPICAL ALGAE WAFERS – 82g","R89.10 Excl. Vat","Yes","https://www.akwa.co.za/product/hikari-tropical-algae-wafers-82g/","https://www.akwa.co.za/wp-content/uploads/2020/04/HIK21302-300x300.png","HIK21302"
"2494","HIKARI TROPICAL DISCUS BIO-GOLD – 80g","R148.75 Excl. Vat","Yes","https://www.akwa.co.za/product/hikari-tropical-discus-bio-gold-80g/","https://www.akwa.co.za/wp-content/uploads/2020/04/HIK22316-300x300.png","HIK22316"
"2491","HIKARI TROPICAL FANCY GUPPY – 22g","R57.25 Excl. Vat","Yes","https://www.akwa.co.za/product/hikari-tropical-fancy-guppy-22g/","https://www.akwa.co.za/wp-content/uploads/2020/04/HIK22102-300x300.png","HIK22102"
"2485","HIKARI TROPICAL FOOD STICKS – 250g","R302.50 Excl. Vat","Yes","https://www.akwa.co.za/product/hikari-tropical-food-sticks-250g/","https://www.akwa.co.za/wp-content/uploads/2020/04/HIK21711-300x300.png","HIK21711"
"2483","HIKARI TROPICAL FOOD STICKS – 57g","R84.60 Excl. Vat","Yes","https://www.akwa.co.za/product/hikari-tropical-food-sticks-57g/","https://www.akwa.co.za/wp-content/uploads/2020/04/HIK21711-300x300.png","HIK21711"
"2466","HIKARI TROPICAL JUMBO CARNISTICKS – 182g","R244.90 Excl. Vat","Yes","https://www.akwa.co.za/product/hikari-tropical-jumbo-carnisticks-182g/","https://www.akwa.co.za/wp-content/uploads/2020/04/HIK21628-300x300.png","HIK21628"
"2468","HIKARI TROPICAL JUMBO CARNISTICKS – 500g","R521.15 Excl. Vat","Yes","https://www.akwa.co.za/product/hikari-tropical-jumbo-carnisticks-500g/","https://www.akwa.co.za/wp-content/uploads/2020/04/HIK21628-300x300.png","HIK21628"
"2490","HIKARI TROPICAL MASSIVOR DELITE – 1kg","R1,052.85 Excl. Vat","Yes","https://www.akwa.co.za/product/hikari-tropical-massivor-delite-1kg/","https://www.akwa.co.za/wp-content/uploads/2020/04/HIK22036-300x300.png","HIK22036"
"2488","HIKARI TROPICAL MASSIVOR DELITE – 380g","R420.10 Excl. Vat","Yes","https://www.akwa.co.za/product/hikari-tropical-massivor-delite-380g/","https://www.akwa.co.za/wp-content/uploads/2020/04/HIK22036-300x300.png","HIK22036"
"2496","HIKARI TROPICAL MICRO – 22g","R53.45 Excl. Vat","Yes","https://www.akwa.co.za/product/hikari-tropical-micro-22g/","https://www.akwa.co.za/wp-content/uploads/2020/04/HIK21102-300x300.png","HIK21102"
"2498","HIKARI TROPICAL MICRO – 45g","R86.65 Excl. Vat","Yes","https://www.akwa.co.za/product/hikari-tropical-micro-45g/","https://www.akwa.co.za/wp-content/uploads/2020/04/HIK21102-300x300.png","HIK21102"
"2499","HIKARI TROPICAL MICRO WAFERS – 20g","R39.75 Excl. Vat","Yes","https://www.akwa.co.za/product/hikari-tropical-micro-wafers-20g/","https://www.akwa.co.za/wp-content/uploads/2020/04/HIK21202-300x300.png","HIK21202"
"2501","HIKARI TROPICAL MICRO WAFERS – 45g","R62.45 Excl. Vat","Yes","https://www.akwa.co.za/product/hikari-tropical-micro-wafers-45g/","https://www.akwa.co.za/wp-content/uploads/2020/04/HIK21202-300x300.png","HIK21202"
"2507","HIKARI TROPICAL MINI ALGAE WAFERS – 22g","R40.75 Excl. Vat","Yes","https://www.akwa.co.za/product/hikari-tropical-mini-algae-wafers-22g/","https://www.akwa.co.za/wp-content/uploads/2020/04/HIK21403-300x300.png","HIK21403"
"2509","HIKARI TROPICAL MINI ALGAE WAFERS – 85g","R96.95 Excl. Vat","Yes","https://www.akwa.co.za/product/hikari-tropical-mini-algae-wafers-85g/","https://www.akwa.co.za/wp-content/uploads/2020/04/HIK21403-300x300.png","HIK21403"
"2477","HIKARI TROPICAL SHRIMP CUISINE – 10g","R62.65 Excl. Vat","Yes","https://www.akwa.co.za/product/hikari-tropical-shrimp-cuisine-10g/","https://www.akwa.co.za/wp-content/uploads/2020/04/HIK19404-300x300.png","HIK19404"
"2486","HIKARI TROPICAL SINKING CARNIVOR – 74g","R132.15 Excl. Vat","Yes","https://www.akwa.co.za/product/hikari-tropical-sinking-carnivor-74g/","https://www.akwa.co.za/wp-content/uploads/2020/04/HIK21915-300x300.png","HIK21915"
"2513","HIKARI TROPICAL SINKING WAFERS – 110g","R108.25 Excl. Vat","Yes","https://www.akwa.co.za/product/hikari-tropical-sinking-wafers-110g/","https://www.akwa.co.za/wp-content/uploads/2020/04/HIK21503-300x300.png","HIK21503"
"2510","HIKARI TROPICAL SINKING WAFERS – 25g","R40.95 Excl. Vat","Yes","https://www.akwa.co.za/product/hikari-tropical-sinking-wafers-25g/","https://www.akwa.co.za/wp-content/uploads/2020/04/HIK21503-300x300.png","HIK21503"
"2512","HIKARI TROPICAL SINKING WAFERS – 50g","R61.55 Excl. Vat","Yes","https://www.akwa.co.za/product/hikari-tropical-sinking-wafers-50g/","https://www.akwa.co.za/wp-content/uploads/2020/04/HIK21503-300x300.png","HIK21503"
"","HIKARI VIBRA BITES","R52.00 – R401.30Price range: R52.00 through R401.30 Excl. Vat","Yes","https://www.akwa.co.za/product/hikari-vibra-bites/","https://www.akwa.co.za/wp-content/uploads/2023/05/VIBRABITES-300x300.png","VIBRABITES"
"","HIKARI VIBRA BITES BABY","R28.80 – R64.80Price range: R28.80 through R64.80 Excl. Vat","Yes","https://www.akwa.co.za/product/hikari-vibra-bites-baby/","https://www.akwa.co.za/wp-content/uploads/2023/05/HIK22205-300x300.png","HIK22205"
"2410","SAKI HIKARI FANCY GOLD COLOUR – 150g","R128.80 Excl. Vat","Yes","https://www.akwa.co.za/product/saki-hikari-fancy-gold-colour-150g/","https://www.akwa.co.za/wp-content/uploads/2020/04/HIK42043-300x300.png","HIK42043"
"2412","SAKI HIKARI FANCY GOLD COLOUR – 1kg","R677.65 Excl. Vat","Yes","https://www.akwa.co.za/product/saki-hikari-fancy-gold-colour-1kg/","https://www.akwa.co.za/wp-content/uploads/2020/04/HIK42043-300x300.png","HIK42043"
"2413","SAKI HIKARI FANCY GOLD EXTREME – 100g","R157.20 Excl. Vat","Yes","https://www.akwa.co.za/product/saki-hikari-fancy-gold-extreme-100g/","https://www.akwa.co.za/wp-content/uploads/2020/04/HIK42072-300x300.png","HIK42072"
"2527","SAKI HIKARI FANCY GOLDFISH – 200g","R142.55 Excl. Vat","Yes","https://www.akwa.co.za/product/saki-hikari-fancy-goldfish-200g/","https://www.akwa.co.za/wp-content/uploads/2020/04/HIK42033-300x300.png","HIK42033"
"2535","SAKI MARINE CARNIVORE MINI – 40g","R66.80 Excl. Vat","Yes","https://www.akwa.co.za/product/saki-marine-carnivore-mini-40g/","https://www.akwa.co.za/wp-content/uploads/2020/04/HIK43507-300x300.png","HIK43507"
"2537","SAKI MARINE HERBIVORE MINI – 90g","R117.95 Excl. Vat","Yes","https://www.akwa.co.za/product/saki-marine-herbivore-mini-90g/","https://www.akwa.co.za/wp-content/uploads/2020/04/HIK43526-300x300.png","HIK43526"
"17186","SOLDIER FLY LARVAE FISH CRUMBLE 250g","R62.90 Excl. Vat","Yes","https://www.akwa.co.za/product/soldier-fly-larvae-fish-crumble-250g/","https://www.akwa.co.za/wp-content/uploads/2024/11/SF0414-e1748868855948-300x300.png","SF0414"
"16649","SOLDIER FLY LARVAE FISH CRUMBLE 60g","R18.80 Excl. Vat","Yes","https://www.akwa.co.za/product/soldier-fly-larvae-fish-crumble-60g/","https://www.akwa.co.za/wp-content/uploads/2024/09/SF0413-300x300.png","SF0413"
"2924","VACATION FOOD BLOCK","R19.20 Excl. Vat","Yes","https://www.akwa.co.za/product/vacation-food-block/","https://www.akwa.co.za/wp-content/uploads/2020/05/HF0412-300x300.png","HF0412"
"2927","WEEKEND FOOD BLOCK","R16.40 Excl. Vat","Yes","https://www.akwa.co.za/product/weekend-food-block/","https://www.akwa.co.za/wp-content/uploads/2020/05/WF0414-300x300.png","WF0414"
"2481","HIKARI MARINE CORALIFIC DEL – 35g","R92.65 Excl. Vat","Yes","https://www.akwa.co.za/product/hikari-marine-coralific-del-35g/","https://www.akwa.co.za/wp-content/uploads/2020/04/HIK25403-300x300.png","HIK25403"
"2524","HIKARI MARINE SEAWEED EXTREME MEDIUM – 250g","R223.45 Excl. Vat","Yes","https://www.akwa.co.za/product/hikari-marine-seaweed-extreme-medium-250g/","https://www.akwa.co.za/wp-content/uploads/2020/04/HIK25321-300x300.png","HIK25321"
"2522","HIKARI MARINE SEAWEED EXTREME MEDIUM – 90g","R94.35 Excl. Vat","Yes","https://www.akwa.co.za/product/hikari-marine-seaweed-extreme-medium-90g/","https://www.akwa.co.za/wp-content/uploads/2020/04/HIK25321-300x300.png","HIK25321"
"2521","HIKARI MARINE SEAWEED EXTREME SMALL – 100g","R99.80 Excl. Vat","Yes","https://www.akwa.co.za/product/hikari-marine-seaweed-extreme-small-100g/","https://www.akwa.co.za/wp-content/uploads/2020/04/HIK25310-300x300.png","HIK25310"
"2519","HIKARI MARINE SEAWEED EXTREME SMALL – 45g","R58.65 Excl. Vat","Yes","https://www.akwa.co.za/product/hikari-marine-seaweed-extreme-small-45g/","https://www.akwa.co.za/wp-content/uploads/2020/04/HIK25310-300x300.png","HIK25310"
"2408","HIKARI ORANDA GOLD MINI – 100g","R80.75 Excl. Vat","Yes","https://www.akwa.co.za/product/hikari-oranda-gold-mini-100g/","https://www.akwa.co.za/wp-content/uploads/2020/03/HIK05620-300x300.png","HIK05620"
"2409","HIKARI ORANDA GOLD MINI – 300g","R198.50 Excl. Vat","Yes","https://www.akwa.co.za/product/hikari-oranda-gold-mini-300g/","https://www.akwa.co.za/wp-content/uploads/2020/03/HIK05631-300x300.png","HIK05631"
"2529","HIKARI PLANKTON EARLY – 400g","R279.70 Excl. Vat","Yes","https://www.akwa.co.za/product/hikari-plankton-early-400g/","https://www.akwa.co.za/wp-content/uploads/2020/04/HIK40137-300x300.png","HIK40137"
"2533","HIKARI PLANKTON LATER – 400g","R279.70 Excl. Vat","Yes","https://www.akwa.co.za/product/hikari-plankton-later-400g/","https://www.akwa.co.za/wp-content/uploads/2020/04/HIK40337-300x300.png","HIK40337"
"2531","HIKARI PLANKTON MIDDLE – 400g","R279.70 Excl. Vat","Yes","https://www.akwa.co.za/product/hikari-plankton-middle-400g/","https://www.akwa.co.za/wp-content/uploads/2020/04/HIK40237-300x300.png","HIK40237"
"2452","HIKARI SINKING CICHLID EXCEL MINI – 100g","R82.00 Excl. Vat","Yes","https://www.akwa.co.za/product/hikari-sinking-cichlid-excel-mini-100g/","https://www.akwa.co.za/wp-content/uploads/2020/04/HIK14620-300x300.png","HIK14620"
"2454","HIKARI SINKING CICHLID EXCEL MINI – 342g","R206.45 Excl. Vat","Yes","https://www.akwa.co.za/product/hikari-sinking-cichlid-excel-mini-342g/","https://www.akwa.co.za/wp-content/uploads/2020/04/HIK14620-300x300.png","HIK14620"
"3494","COLOUR STONE SMOOTH MIX – 1kg","R35.10 Excl. Vat","Yes","https://www.akwa.co.za/product/colour-stone-smooth-mix-1kg/","https://www.akwa.co.za/wp-content/uploads/2020/05/CG0869-300x300.png","CG0869"
"3496","COLOUR STONE SMOOTH PINK – 1kg","R35.10 Excl. Vat","Yes","https://www.akwa.co.za/product/colour-stone-smooth-pink-1kg/","https://www.akwa.co.za/wp-content/uploads/2020/05/CG0871-300x300.png","CG0871"
"3495","COLOUR STONE SMOOTH PURPLE – 1kg","R35.10 Excl. Vat","Yes","https://www.akwa.co.za/product/colour-stone-smooth-purple-1kg/","https://www.akwa.co.za/wp-content/uploads/2020/05/CG0870-300x300.png","CG0870"
"3498","COLOUR STONE SMOOTH SILVER – 1kg","R35.10 Excl. Vat","Yes","https://www.akwa.co.za/product/colour-stone-smooth-silver-1kg/","https://www.akwa.co.za/wp-content/uploads/2020/05/CG0873-300x300.png","CG0873"
"3500","COLOUR STONE SMOOTH YELLOW – 1kg","R35.10 Excl. Vat","Yes","https://www.akwa.co.za/product/colour-stone-smooth-yellow-1kg/","https://www.akwa.co.za/wp-content/uploads/2020/05/CG0875-300x300.png","CG0875"
"3492","COLOURED GRAVEL 2.5mm BLUE/PURPLE 1kg","R31.20 Excl. Vat","Yes","https://www.akwa.co.za/product/coloured-gravel-2-5mm-blue-purple-1kg/","https://www.akwa.co.za/wp-content/uploads/2020/05/CG0862-300x300.png","CG0862"
"3491","COLOURED GRAVEL 2.5mm BROWN/PINK – 1kg","R31.20 Excl. Vat","Yes","https://www.akwa.co.za/product/coloured-gravel-2-5mm-brown-pink-1kg/","https://www.akwa.co.za/wp-content/uploads/2020/05/CG0861-300x300.png","CG0861"
"3493","COLOURED GRAVEL 2.5mm DARK & LIGHT GREEN – 1kg","R31.20 Excl. Vat","Yes","https://www.akwa.co.za/product/coloured-gravel-2-5mm-dark-light-green-1kg/","https://www.akwa.co.za/wp-content/uploads/2020/05/CG0863-300x300.png","CG0863"
"3490","COLOURED GRAVEL 2.5mm RED/SILVER – 1kg","R31.20 Excl. Vat","Yes","https://www.akwa.co.za/product/coloured-gravel-2-5mm-red-silver-1kg/","https://www.akwa.co.za/wp-content/uploads/2020/05/CG0860-300x300.png","CG0860"
"3515","COLOURED GRAVEL DARK BLUE 2.5mm – 1kg","R30.00 Excl. Vat","Yes","https://www.akwa.co.za/product/coloured-gravel-dark-blue-2-5mm-1kg/","https://www.akwa.co.za/wp-content/uploads/2020/05/CG0826-300x300.png","CG0826"
"3519","COLOURED GRAVEL GREEN 2.5mm – 1kg","R30.00 Excl. Vat","Yes","https://www.akwa.co.za/product/coloured-gravel-green-2-5mm-1kg/","https://www.akwa.co.za/wp-content/uploads/2020/05/CG0830-300x300.png","CG0830"
"3516","COLOURED GRAVEL LIGHT BLUE 2.5mm – 1kg","R30.00 Excl. Vat","Yes","https://www.akwa.co.za/product/coloured-gravel-light-blue-2-5mm-1kg/","https://www.akwa.co.za/wp-content/uploads/2020/05/CG0827-300x300.png","CG0827"
"3514","COLOURED GRAVEL MIX 2.5mm – 1kg","R30.00 Excl. Vat","Yes","https://www.akwa.co.za/product/coloured-gravel-mix-2-5mm-1kg/","https://www.akwa.co.za/wp-content/uploads/2020/05/CG0824-300x300.png","CG0824"
"3523","COLOURED GRAVEL ORANGE 2.5mm – 1kg","R30.00 Excl. Vat","Yes","https://www.akwa.co.za/product/coloured-gravel-orange-2-5mm-1kg/","https://www.akwa.co.za/wp-content/uploads/2020/05/CG0850-300x300.png","CG0850"
"3522","COLOURED GRAVEL PINK 2.5mm – 1kg","R30.00 Excl. Vat","Yes","https://www.akwa.co.za/product/coloured-gravel-pink-2-5mm-1kg/","https://www.akwa.co.za/wp-content/uploads/2020/05/CG0846-300x300.png","CG0846"
"3521","COLOURED GRAVEL PURPLE 2.5mm – 1kg","R30.00 Excl. Vat","Yes","https://www.akwa.co.za/product/coloured-gravel-purple-2-5mm-1kg/","https://www.akwa.co.za/wp-content/uploads/2020/05/CG0834-300x300.png","CG0834"
"3517","COLOURED GRAVEL RED 2.5mm – 1kg","R30.00 Excl. Vat","Yes","https://www.akwa.co.za/product/coloured-gravel-red-2-5mm-1kg/","https://www.akwa.co.za/wp-content/uploads/2020/05/CG0828-300x300.png","CG0828"
"3518","COLOURED GRAVEL WINE RED 2.5mm – 1kg","R30.00 Excl. Vat","Yes","https://www.akwa.co.za/product/coloured-gravel-wine-red-2-5mm-1kg/","https://www.akwa.co.za/wp-content/uploads/2020/05/CG0829-300x300.png","CG0829"
"3520","COLOURED GRAVEL YELLOW 2.5mm – 1kg","R30.00 Excl. Vat","Yes","https://www.akwa.co.za/product/coloured-gravel-yellow-2-5mm-1kg/","https://www.akwa.co.za/wp-content/uploads/2020/05/CG0832-300x300.png","CG0832"
"","CRYSTAL BLACK SAND","R36.90 – R142.60Price range: R36.90 through R142.60 Excl. Vat","Yes","https://www.akwa.co.za/product/crystal-black-sand-5kg/","https://www.akwa.co.za/wp-content/uploads/2020/05/CG0800-300x300.png","CG0800"
"","FINE KALAHARI GRAVEL – 1-2mm","R41.45 – R95.75Price range: R41.45 through R95.75 Excl. Vat","Yes","https://www.akwa.co.za/product/fine-kalahari-gravel-1-2mm/","https://www.akwa.co.za/wp-content/uploads/2023/10/AG1048B-300x300.png","AG1048B"
"","FINE RED RIVER GRAVEL 1-2mm","R41.45 – R95.75Price range: R41.45 through R95.75 Excl. Vat","Yes","https://www.akwa.co.za/product/fine-red-river-gravel-1-2mm/","https://www.akwa.co.za/wp-content/uploads/2023/10/AG1046B-300x300.png","AG1046B"
"","FINE TANGANYIKA GRAVEL 1-2mm","R41.45 – R95.75Price range: R41.45 through R95.75 Excl. Vat","Yes","https://www.akwa.co.za/product/fine-tanganyika-gravel-1-2mm/","https://www.akwa.co.za/wp-content/uploads/2023/10/AG1045B-300x300.png","AG1045B"
"","GLOSS BLACK PEBBLE 6-9mm","R57.95 – R136.75Price range: R57.95 through R136.75 Excl. Vat","Yes","https://www.akwa.co.za/product/gloss-black-pebble-6-9mm/","https://www.akwa.co.za/wp-content/uploads/2024/08/AG2004AB-300x300.png","AG2004AB"
"","GRAVEL WHITE","R33.60 – R112.25Price range: R33.60 through R112.25 Excl. Vat","Yes","https://www.akwa.co.za/product/gravel-white-2kg/","https://www.akwa.co.za/wp-content/uploads/2020/05/AG0812-300x300.png","AG0812"
"","GRAVEL WHITE – FINE","R36.95 – R123.50Price range: R36.95 through R123.50 Excl. Vat","Yes","https://www.akwa.co.za/product/gravel-white-fine/","https://www.akwa.co.za/wp-content/uploads/2025/03/AG08161820-e1748861276883-300x300.png","AG08161820"
"","HAWAIN BLACK GRAVEL 1-2mm","R41.45 – R95.75Price range: R41.45 through R95.75 Excl. Vat","Yes","https://www.akwa.co.za/product/hawain-black-gravel-1-2mm-2kg/","https://www.akwa.co.za/wp-content/uploads/2020/05/AG1014A-300x300.png","AG1014A"
"","KALAHARI LIGHT GRAVEL 4.8mm","R52.70 – R120.90Price range: R52.70 through R120.90 Excl. Vat","Yes","https://www.akwa.co.za/product/kalahari-light-gravel-4-8mm/","https://www.akwa.co.za/wp-content/uploads/2025/11/AG1030B-300x300.png","AG1030B"
"","KALAHARI LIGHT GRAVEL 6mm","R52.70 – R120.90Price range: R52.70 through R120.90 Excl. Vat","Yes","https://www.akwa.co.za/product/kalahari-light-gravel-6mm/","https://www.akwa.co.za/wp-content/uploads/2025/11/AG1030C-300x300.png","AG1030C"
"","MALAWI YELLOW PEBBLE 2-4mm","R41.45 – R95.75Price range: R41.45 through R95.75 Excl. Vat","Yes","https://www.akwa.co.za/product/malawi-yellow-pebble-2-4mm-2kg/","https://www.akwa.co.za/wp-content/uploads/2020/05/AG1012A-300x300.png","AG1012A"
"3526","MARINE SAND/CORAL 1mm – 20kg","R1,282.00 Excl. Vat","Yes","https://www.akwa.co.za/product/marine-sand-coral-1mm-20kg/","https://www.akwa.co.za/wp-content/uploads/2020/05/AG1095B-300x300.png","AG1095B"
"3525","MARINE SAND/CORAL 1mm – 4kg","R256.25 Excl. Vat","Yes","https://www.akwa.co.za/product/marine-sand-coral-1mm-4kg/","https://www.akwa.co.za/wp-content/uploads/2020/05/AG1095A-300x300.png","AG1095A"
"","NATURAL COARSE GRAVEL 6.7mm","R41.45 – R85.85Price range: R41.45 through R85.85 Excl. Vat","Yes","https://www.akwa.co.za/product/natural-coarse-gravel-6-7mm/","https://www.akwa.co.za/wp-content/uploads/2025/11/AG0850-300x300.png","AG0850"
"","PURE WHITE SAND FINE","R34.60 – R83.55Price range: R34.60 through R83.55 Excl. Vat","Yes","https://www.akwa.co.za/product/pure-white-sand-fine/","https://www.akwa.co.za/wp-content/uploads/2025/11/AG1025-300x300.png","AG1025"
"","TANGANYIKA MIX PEBBLE 3-5mm","R41.45 – R95.75Price range: R41.45 through R95.75 Excl. Vat","Yes","https://www.akwa.co.za/product/tanganyika-mix-pebble-3-5mm-2kg/","https://www.akwa.co.za/wp-content/uploads/2020/05/AG1018C-300x300.png","AG1018C"
"","VIC FALLS NATURAL MIX PEBBLE 3-5mm","R41.45 – R95.75Price range: R41.45 through R95.75 Excl. Vat","Yes","https://www.akwa.co.za/product/vic-falls-natural-mix-pebble-3-5mm-2kg/","https://www.akwa.co.za/wp-content/uploads/2020/05/AG1017C-300x300.png","AG1017C"
"","ZAMBESI MIX PEBBLE 4-6mm","R41.45 – R95.75Price range: R41.45 through R95.75 Excl. Vat","Yes","https://www.akwa.co.za/product/zambesi-mix-pebble-4-6mm-2kg/","https://www.akwa.co.za/wp-content/uploads/2020/05/AG1020C-300x300.png","AG1020C"
"19701","HYGGER SPARE SPONGE – HG101UV 1200","R40.85 Excl. Vat","Yes","https://www.akwa.co.za/product/hygger-spare-sponge-hg101uv-1200/","https://www.akwa.co.za/wp-content/uploads/2025/08/HYG101UV-1200HM-300x300.png","HYG101UV-1200HM"
"19704","HYGGER SPARE SPONGE – HG101UV 2200","R47.10 Excl. Vat","Yes","https://www.akwa.co.za/product/hygger-spare-sponge-hg101uv-2200/","https://www.akwa.co.za/wp-content/uploads/2025/08/HYG101UV-2200HM-300x300.png","HYG101UV-2200HM"
"19710","HYGGER SPONGE BLACK – HG108-6W-BM","R24.50 Excl. Vat","Yes","https://www.akwa.co.za/product/hygger-sponge-black-hg108-6w-bm/","https://www.akwa.co.za/wp-content/uploads/2025/08/HYG108-6WBM-300x300.png","HYG108-6WBM"
"19712","HYGGER SPONGE BLACK – HG108-8W-BM","R24.50 Excl. Vat","Yes","https://www.akwa.co.za/product/hygger-sponge-black-hg108-8w-bm/","https://www.akwa.co.za/wp-content/uploads/2025/08/HYG108-8WBM-300x300.png","HYG108-8WBM"
"19705","HYGGER SPONGE WHITE – HG108-6W-HM","R12.60 Excl. Vat","Yes","https://www.akwa.co.za/product/hygger-sponge-white-hg108-6w-hm/","https://www.akwa.co.za/wp-content/uploads/2025/08/HYG108-6W-HM-300x300.png","HYG108-6W-HM"
"19711","HYGGER SPONGE WHITE – HG108-8W-HM","R12.60 Excl. Vat","Yes","https://www.akwa.co.za/product/hygger-sponge-white-hg108-8w-hm/","https://www.akwa.co.za/wp-content/uploads/2025/08/HYG108-8W-HM-300x300.png","HYG108-8W-HM"
"19673","HYGGER UV REPLACEMENT TUBE – HG032-UV","R166.65 Excl. Vat","Yes","https://www.akwa.co.za/product/hygger-uv-replacement-tube-hg032-uv/","https://www.akwa.co.za/wp-content/uploads/2025/08/HYG032-UV-300x300.png","HYG032-UV"
"20618","HYGGER BLACK KNIGHT CLEANING KIT SMALL – HG0001-S","R114.20 Excl. Vat","Yes","https://www.akwa.co.za/product/hygger-black-knight-cleaning-kit-small-hg0001-s/","https://www.akwa.co.za/wp-content/uploads/2025/12/hygger-black-knight-cleaning-kit-300x300.jpg","hygger-black-knight-cleaning-kit"
"13830","HYGGER BLACK S/STEEL TOOL SET – HG965","R229.20 Excl. Vat","Yes","https://www.akwa.co.za/product/hygger-black-s-steel-tool-set-hg965/","https://www.akwa.co.za/wp-content/uploads/2023/09/HYG0965-1-e1749476366639-300x300.png","HYG0965-1"
"","HYGGER BOTTOM INTAKE PUMP – AQ009","R224.95 – R384.75Price range: R224.95 through R384.75 Excl. Vat","Yes","https://www.akwa.co.za/product/hygger-bottom-intake-pump-aq009/","https://www.akwa.co.za/wp-content/uploads/2023/09/HYG009-1-e1749477534215-300x300.png","HYG009-1"
"17871","HYGGER CANNISTER – HG101UV-1200 L/H","R1,878.15 Excl. Vat","Yes","https://www.akwa.co.za/product/hygger-cannister-hg101uv-1200-l-h/","https://www.akwa.co.za/wp-content/uploads/2025/01/HYG101UV-1200-e1748862811856-300x300.png","HYG101UV-1200"
"17880","HYGGER CANNISTER – HG101UV-2200 L/H","R2,561.20 Excl. Vat","Yes","https://www.akwa.co.za/product/hygger-cannister-hg101uv-2200-l-h/","https://www.akwa.co.za/wp-content/uploads/2025/01/HYG101UV-1200-e1748862811856-300x300.png","HYG101UV-1200"
"20642","HYGGER CO2 STATIC BACKGROUND LARGE – HC004-L/500mm x 1.5m","R48.95 Excl. Vat","Yes","https://www.akwa.co.za/product/hygger-co2-static-background-large-hc004-l-500mm/","https://www.akwa.co.za/wp-content/uploads/2025/12/hygger-co2-static-cling-fish-tank-background-paper-300x300.jpg","hygger-co2-static-cling-fish-tank-background-paper"
"20641","HYGGER CO2 STATIC BACKGROUND MEDIUM – HC004-M/450mm x 1.2m","R37.50 Excl. Vat","Yes","https://www.akwa.co.za/product/hygger-co2-static-background-medium-hc004-m-450mm/","https://www.akwa.co.za/wp-content/uploads/2025/12/hygger-co2-static-cling-fish-tank-background-paper-300x300.jpg","hygger-co2-static-cling-fish-tank-background-paper"
"20631","HYGGER CO2 STATIC BACKGROUND SMALL – HC004-S/300mm x 1m","R23.85 Excl. Vat","Yes","https://www.akwa.co.za/product/hygger-co2-static-background-small-hc004-s-300mm/","https://www.akwa.co.za/wp-content/uploads/2025/12/hygger-co2-static-cling-fish-tank-background-paper-300x300.jpg","hygger-co2-static-cling-fish-tank-background-paper"
"","HYGGER CROSS-FLOW WAVE MAKER – HG070","R1,183.75 – R1,789.20Price range: R1,183.75 through R1,789.20 Excl. Vat","Yes","https://www.akwa.co.za/product/hygger-cross-flow-wave-hg070/","https://www.akwa.co.za/wp-content/uploads/2023/09/HYH070-2-e1749477027811-300x300.png","HYH070-2"
"17887","HYGGER CURVE MINI AQUARIUM – 15L","R782.60 Excl. Vat","Yes","https://www.akwa.co.za/product/hygger-curve-mini-aquarium-15l/","https://www.akwa.co.za/wp-content/uploads/2025/01/HYG948-e1748862104632-300x300.png","HYG948"
"22348","HYGGER DIGITAL OVAL HEATER – 50W","R295.50 Original price was: R295.50.R251.18Current price is: R251.18. Excl. Vat","Yes","https://www.akwa.co.za/product/hygger-digital-oval-heater-50w/","https://www.akwa.co.za/wp-content/uploads/2026/05/HYG0916-50-300x300.webp","HYG0916-50"
"19692","HYGGER DIMMABLE MARINE LED – HG088-30W","R679.05 Excl. Vat","Yes","https://www.akwa.co.za/product/hygger-dimmable-marine-led-hg088-30w/","https://www.akwa.co.za/wp-content/uploads/2025/08/HYG088-1-300x300.png","HYG088-1"
"17886","HYGGER FISH WASTE COLLECTOR GREY – HG141-G","R883.85 Excl. Vat","Yes","https://www.akwa.co.za/product/hygger-fish-waste-collector-grey-hg141-g/","https://www.akwa.co.za/wp-content/uploads/2025/01/HYG141-G-e1748862182330-300x300.png","HYG141-G"
"16607","HYGGER FISH WASTE COLLECTOR RED – HG141","R883.85 Excl. Vat","Yes","https://www.akwa.co.za/product/hygger-fish-waste-collector-red-hg141/","https://www.akwa.co.za/wp-content/uploads/2024/08/1-1-300x300.png","1-1"
"17882","HYGGER HANG ON FILTER – HG108-6W (380 L/H)","R306.75 Excl. Vat","Yes","https://www.akwa.co.za/product/hygger-hang-on-filter-hg108-6w/","https://www.akwa.co.za/wp-content/uploads/2025/01/HYG108-6-e1748862386754-300x300.png","HYG108-6"
"17883","HYGGER HANG ON FILTER – HG108-8W (680 L/H)","R422.05 Excl. Vat","Yes","https://www.akwa.co.za/product/hygger-hang-on-filter-hg108-8w-680-l-h/","https://www.akwa.co.za/wp-content/uploads/2025/01/HYG108-6-e1748862386754-300x300.png","HYG108-6"
"20624","HYGGER HORIZON CURVED AQUARIUM KIT – HG906 / 36L","R1,647.55 Excl. Vat","Yes","https://www.akwa.co.za/product/hygger-horizon-curved-aquarium-kit-hg906-36l/","https://www.akwa.co.za/wp-content/uploads/2025/12/Hygger-Horizon-8-Gallon-LED-Glass-Aquarium-Kit-for-Starters-1-1-300x300.webp","Hygger-Horizon-8-Gallon-LED-Glass-Aquarium-Kit-for-Starters-1-1"
"16569","HYGGER LCD THERMOMETER SMALL – HG073-S","R141.45 Excl. Vat","Yes","https://www.akwa.co.za/product/hygger-lcd-thermometer-small-hg073-s/","https://www.akwa.co.za/wp-content/uploads/2024/08/61eureIUDVL._SL1500_-300x300.jpg","61eureIUDVL._SL1500_"
"19674","HYGGER MAGNET CLEANER LARGE – HG068-L","R366.00 Excl. Vat","Yes","https://www.akwa.co.za/product/hygger-magnet-cleaner-large-hg068-l/","https://www.akwa.co.za/wp-content/uploads/2025/08/HYG068-L-300x300.png","HYG068-L"
"17884","HYGGER MAX PRO PLANT LIGHT – 60W – HG132-60","R2,453.00 Excl. Vat","Yes","https://www.akwa.co.za/product/hygger-max-pro-plant-light-60w-hg132-60/","https://www.akwa.co.za/wp-content/uploads/2025/01/HYG132-60-300x300.png","HYG132-60"
"13814","HYGGER MINI AIR PUMP – HG811","R199.75 Excl. Vat","Yes","https://www.akwa.co.za/product/hygger-mini-air-pump-hg811/","https://www.akwa.co.za/wp-content/uploads/2023/09/HYG0811-2-300x300.png","HYG0811-2"
"20607","HYGGER MINI PRO AQUARIUM HEATER – HG031-10W","R277.30 Original price was: R277.30.R235.71Current price is: R235.71. Excl. Vat","Yes","https://www.akwa.co.za/product/hygger-mini-pro-aquarium-heater-hg031-10w/","https://www.akwa.co.za/wp-content/uploads/2025/12/1_0c72092d-56fc-4b6c-8d8c-dd2a86b8a2ff-300x300.webp","1_0c72092d-56fc-4b6c-8d8c-dd2a86b8a2ff"
"20616","HYGGER MINI PRO AQUARIUM HEATER – HG031-25W","R286.35 Original price was: R286.35.R243.40Current price is: R243.40. Excl. Vat","Yes","https://www.akwa.co.za/product/hygger-mini-pro-aquarium-heater-hg031-25w/","https://www.akwa.co.za/wp-content/uploads/2025/12/1_0c72092d-56fc-4b6c-8d8c-dd2a86b8a2ff-300x300.webp","1_0c72092d-56fc-4b6c-8d8c-dd2a86b8a2ff"
"13848","HYGGER MIST MAKER – HG980","R191.75 Excl. Vat","Yes","https://www.akwa.co.za/product/hygger-mist-maker-hg980/","https://www.akwa.co.za/wp-content/uploads/2023/09/HYG0980-3-300x300.png","HYG0980-3"
"","HYGGER NANO FURNACE AIR STONE KIT – 50mm","R101.75 – R190.10Price range: R101.75 through R190.10 Excl. Vat","Yes","https://www.akwa.co.za/product/hygger-nano-furnace-air-stone-kit-50mm/","https://www.akwa.co.za/wp-content/uploads/2023/09/HYG0100-1-300x300.png","HYG0100-1"
"19715","HYGGER NANO HEATER 20W – HG142-20W","R347.85 Excl. Vat","Yes","https://www.akwa.co.za/product/hygger-nano-heater-20w-hg142-20w/","https://www.akwa.co.za/wp-content/uploads/2025/08/HYG142-1-300x300.png","HYG142-1"
"","HYGGER PLANTED +24/7 LED – HG978","R384.40 – R916.20Price range: R384.40 through R916.20 Excl. Vat","Yes","https://www.akwa.co.za/product/hygger-planted-24-7-led-hg978/","https://www.akwa.co.za/wp-content/uploads/2023/09/HYG0978-1-300x300.png","HYG0978-1"
"19713","HYGGER PRO PLANT LIGHT 100W – HG132-100","R3,008.05 Excl. Vat","Yes","https://www.akwa.co.za/product/hygger-pro-plant-light-100w-hg132-100/","https://www.akwa.co.za/wp-content/uploads/2025/01/HYG132-60-1-300x300.png","HYG132-60-1"
"","HYGGER PROGRAM LED – HG957","R545.15 – R1,179.10Price range: R545.15 through R1,179.10 Excl. Vat","Yes","https://www.akwa.co.za/product/hygger-program-led-hg957/","https://www.akwa.co.za/wp-content/uploads/2023/09/HYG0957-20-1-300x300.png","HYG0957-20-1"
"16598","HYGGER QUARTZ AQUARIUM HEATER 800w – HG102","R1,077.60 Original price was: R1,077.60.R915.96Current price is: R915.96. Excl. Vat","Yes","https://www.akwa.co.za/product/hygger-quartz-aquarium-heater-800w-hg102/","https://www.akwa.co.za/wp-content/uploads/2024/08/1-300x300.png","1"
"20689","HYGGER QUARTZ TUBE AQUARIUM HEATER – HG102-1000W","R1,116.80 Original price was: R1,116.80.R949.28Current price is: R949.28. Excl. Vat","Yes","https://www.akwa.co.za/product/hygger-quartz-tube-aquarium-heater-hg102-1000w/","https://www.akwa.co.za/wp-content/uploads/2025/12/hygger-quartz-tube-aquarium-heater-300x300.webp","hygger-quartz-tube-aquarium-heater"
"20680","HYGGER QUARTZ TUBE AQUARIUM HEATER – HG102-300W","R745.30 Original price was: R745.30.R633.51Current price is: R633.51. Excl. Vat","Yes","https://www.akwa.co.za/product/hygger-quartz-tube-aquarium-heater-hg102-300w/","https://www.akwa.co.za/wp-content/uploads/2025/12/hygger-quartz-tube-aquarium-heater-300x300.webp","hygger-quartz-tube-aquarium-heater"
"20643","HYGGER RETRACTABLE LIGHT BRACKET – HGY0014","R318.05 Excl. Vat","Yes","https://www.akwa.co.za/product/hygger-retractable-light-bracket-hgy0014/","https://www.akwa.co.za/wp-content/uploads/2025/12/hygger-retractable-aquarium-light-bracket-300x300.webp","hygger-retractable-aquarium-light-bracket"
"17881","HYGGER SALTWATER LIGHT 50W – HG107-50","R1,361.45 Excl. Vat","Yes","https://www.akwa.co.za/product/hygger-saltwater-light-50w-hg107-50/","https://www.akwa.co.za/wp-content/uploads/2025/01/HYG107-50-300x300.png","HYG107-50"
"","HYGGER SMART LED – HG028","R788.10 – R1,915.10Price range: R788.10 through R1,915.10 Excl. Vat","Yes","https://www.akwa.co.za/product/hygger-smart-led-hg028/","https://www.akwa.co.za/wp-content/uploads/2024/03/51Uo9kWzG7L._AC_-300x300.jpg","51Uo9kWzG7L._AC_"
"","HYGGER SUBMERSIBLE LED – HG005","R207.00 – R273.05Price range: R207.00 through R273.05 Excl. Vat","Yes","https://www.akwa.co.za/product/hygger-submersible-led-hg005/","https://www.akwa.co.za/wp-content/uploads/2023/09/HYG005-1-e1749540577658-300x300.png","HYG005-1"
"2050","EXTRA DAY HI GLOW (PLANT LUX) 10W","R53.90 Excl. Vat","Yes","https://www.akwa.co.za/product/extra-day-hi-glow-plant-lux-10w/","https://www.akwa.co.za/wp-content/uploads/2020/03/EXTRA-DAY-HIGH-GLOW-1-300x300.png","EXTRA-DAY-HIGH-GLOW-1"
"14072","FULLGAIN FLAT LED – 10W / 30cm","R299.00 Excl. Vat","Yes","https://www.akwa.co.za/product/fullgain-flat-led-10w-30cm/","https://www.akwa.co.za/wp-content/uploads/2023/10/FG0300-300x300.png","FG0300"
"14073","FULLGAIN FLAT LED – 14W / 45cm","R389.30 Excl. Vat","Yes","https://www.akwa.co.za/product/fullgain-flat-led-14w-45cm/","https://www.akwa.co.za/wp-content/uploads/2023/10/FG0450-300x300.png","FG0450"
"14074","FULLGAIN FLAT LED – 18W / 60cm","R469.65 Excl. Vat","Yes","https://www.akwa.co.za/product/fullgain-flat-led-18w-60cm/","https://www.akwa.co.za/wp-content/uploads/2023/10/FG0600-300x300.png","FG0600"
"14075","FULLGAIN FLAT LED – 22W / 75cm","R580.35 Excl. Vat","Yes","https://www.akwa.co.za/product/fullgain-flat-led-22w-75cm/","https://www.akwa.co.za/wp-content/uploads/2023/10/FG0750-300x300.png","FG0750"
"14076","FULLGAIN FLAT LED – 26W / 90cm","R700.60 Excl. Vat","Yes","https://www.akwa.co.za/product/fullgain-flat-led-26w-90cm/","https://www.akwa.co.za/wp-content/uploads/2023/10/FG0900-300x300.png","FG0900"
"20190","LED 150cm – 120W (FOR ELEGANCE TANK)","R3,114.95 Excl. Vat","Yes","https://www.akwa.co.za/product/led-150cm-120w-for-elegance-tank/","https://www.akwa.co.za/wp-content/uploads/2025/10/LED0150-300x300.png","LED0150"
"2125","LED 3W – ADQ-200W (WHITE)","R133.55 Excl. Vat","Yes","https://www.akwa.co.za/product/led-3w-adq-200w-white/","https://www.akwa.co.za/wp-content/uploads/woocommerce-placeholder.png","woocommerce-placeholder"
"2030","LED LIGHT 5W (MULTI COLOUR)","R142.20 Excl. Vat","Yes","https://www.akwa.co.za/product/led-light-5w-multi-colour/","https://www.akwa.co.za/wp-content/uploads/2020/03/LED0011-ON-300x300.png","LED0011-ON"
"2028","LED LIGHT 5W (WHITE & BLUE)","R142.20 Excl. Vat","Yes","https://www.akwa.co.za/product/led-light-5w-white-blue/","https://www.akwa.co.za/wp-content/uploads/2020/03/LED0010-ON-300x300.png","LED0010-ON"
"","LED SUBMERSIBLE LAMPS – T4","R86.40 – R208.40Price range: R86.40 through R208.40 Excl. Vat","Yes","https://www.akwa.co.za/product/led-t4-200/","https://www.akwa.co.za/wp-content/uploads/2022/09/20220909_084016-300x300.png","20220909_084016"
"2057","MARINE BLUE MOON (CORAL LUX) 10W","R60.75 Excl. Vat","Yes","https://www.akwa.co.za/product/marine-blue-moon-coral-lux-10w/","https://www.akwa.co.za/wp-content/uploads/2020/03/MARINE-BLUE-MOON-300x300.png","MARINE-BLUE-MOON"
"2058","MARINE BLUE MOON (CORAL LUX) 15W","R72.10 Excl. Vat","Yes","https://www.akwa.co.za/product/marine-blue-moon-coral-lux-15w/","https://www.akwa.co.za/wp-content/uploads/2020/03/MARINE-BLUE-MOON-300x300.png","MARINE-BLUE-MOON"
"2060","MARINE BLUE MOON (CORAL LUX) 30W","R89.65 Excl. Vat","Yes","https://www.akwa.co.za/product/marine-blue-moon-coral-lux-30w/","https://www.akwa.co.za/wp-content/uploads/2020/03/MARINE-BLUE-MOON-300x300.png","MARINE-BLUE-MOON"
"4812","FOAM INSERT HJ-952","R27.60 Excl. Vat","Yes","https://www.akwa.co.za/product/foam-insert-hj-952/","https://www.akwa.co.za/wp-content/uploads/2020/07/FI0641-300x300.png","FI0641"
"4798","IMPELLER DOPHIN UV-007","R64.05 Excl. Vat","Yes","https://www.akwa.co.za/product/impeller-dophin-uv-007/","https://www.akwa.co.za/wp-content/uploads/2020/07/IMD0809-e1750771002128-300x300.png","IMD0809"
"4789","IMPELLER GRECH – CW-110","R55.00 Excl. Vat","Yes","https://www.akwa.co.za/product/impeller-grech-cw-110/","https://www.akwa.co.za/wp-content/uploads/2020/06/IMS0545-300x300.png","IMS0545"
"4790","IMPELLER GRECH – CW-120","R95.00 Excl. Vat","Yes","https://www.akwa.co.za/product/impeller-grech-cw-120/","https://www.akwa.co.za/wp-content/uploads/2020/06/IMS0546-300x300.png","IMS0546"
"4791","IMPELLER GRECH – CW-140","R110.90 Excl. Vat","Yes","https://www.akwa.co.za/product/impeller-grech-cw-140/","https://www.akwa.co.za/wp-content/uploads/2020/06/IMS0547-300x300.png","IMS0547"
"4792","IMPELLER GRECH – CW-160","R110.90 Excl. Vat","Yes","https://www.akwa.co.za/product/impeller-grech-cw-160/","https://www.akwa.co.za/wp-content/uploads/2020/06/IMS0548-300x300.png","IMS0548"
"19594","IMPELLER SUN SUN – HW-303B","R87.00 Excl. Vat","Yes","https://www.akwa.co.za/product/impeller-sun-sun-hw-303b/","https://www.akwa.co.za/wp-content/uploads/2025/08/IMS0524-300x300.png","IMS0524"
"19597","IMPELLER SUN SUN – HW-304B","R88.10 Excl. Vat","Yes","https://www.akwa.co.za/product/impeller-sun-sun-hw-304b/","https://www.akwa.co.za/wp-content/uploads/2025/08/IMS0525-300x300.png","IMS0525"
"4779","IMPELLER SUN SUN – JVP-130","R25.50 Excl. Vat","Yes","https://www.akwa.co.za/product/impeller-sun-sun-jvp-130/","https://www.akwa.co.za/wp-content/uploads/2020/07/IMS0540-300x300.png","IMS0540"
"4780","IMPELLER SUN SUN – JVP-131","R26.75 Excl. Vat","Yes","https://www.akwa.co.za/product/impeller-sun-sun-jvp-131/","https://www.akwa.co.za/wp-content/uploads/2020/07/IMS0541-300x300.png","IMS0541"
"4781","IMPELLER SUN SUN – JVP-132","R37.50 Excl. Vat","Yes","https://www.akwa.co.za/product/impeller-sun-sun-jvp-132/","https://www.akwa.co.za/wp-content/uploads/2020/07/IMS0542-300x300.png","IMS0542"
"4782","IMPELLER SUN SUN – JVP-133","R48.65 Excl. Vat","Yes","https://www.akwa.co.za/product/impeller-sun-sun-jvp-133/","https://www.akwa.co.za/wp-content/uploads/2020/07/IMS0543-300x300.png","IMS0543"
"19608","IMPELLER SUN SUN CF-1200S","R35.05 Excl. Vat","Yes","https://www.akwa.co.za/product/impeller-sun-sun-cf-1200s/","https://www.akwa.co.za/wp-content/uploads/2025/08/IMS0552-300x300.png","IMS0552"
"19609","IMPELLER SUN SUN CF-1500S","R35.05 Excl. Vat","Yes","https://www.akwa.co.za/product/impeller-sun-sun-cf-1500s/","https://www.akwa.co.za/wp-content/uploads/2025/08/IMS0553-300x300.png","IMS0553"
"19602","IMPELLER SUN SUN CF-700S","R27.00 Excl. Vat","Yes","https://www.akwa.co.za/product/impeller-sun-sun-cf-700s/","https://www.akwa.co.za/wp-content/uploads/2025/08/IMS0550-300x300.png","IMS0550"
"19607","IMPELLER SUN SUN CF-900S","R27.00 Excl. Vat","Yes","https://www.akwa.co.za/product/impeller-sun-sun-cf-900s/","https://www.akwa.co.za/wp-content/uploads/2025/08/IMS0551-300x300.png","IMS0551"
"4804","IMPELLER SUN SUN HJ-111B","R13.40 Excl. Vat","Yes","https://www.akwa.co.za/product/impeller-sun-sun-hj-111b/","https://www.akwa.co.za/wp-content/uploads/2020/07/IMS0500-300x300.png","IMS0500"
"4808","IMPELLER SUN SUN HJ-1152","R26.75 Excl. Vat","Yes","https://www.akwa.co.za/product/impeller-sun-sun-hj-1152/","https://www.akwa.co.za/wp-content/uploads/2020/07/IMS0509-300x300.png","IMS0509"
"4805","IMPELLER SUN SUN HJ-611B","R14.95 Excl. Vat","Yes","https://www.akwa.co.za/product/impeller-sun-sun-hj-611b/","https://www.akwa.co.za/wp-content/uploads/2020/07/IMS0501-300x300.png","IMS0501"
"4806","IMPELLER SUN SUN HJ-752","R15.35 Excl. Vat","Yes","https://www.akwa.co.za/product/impeller-sun-sun-hj-752/","https://www.akwa.co.za/wp-content/uploads/2020/07/IMS0507-300x300.png","IMS0507"
"4807","IMPELLER SUN SUN HJ-952","R22.15 Excl. Vat","Yes","https://www.akwa.co.za/product/impeller-sun-sun-hj-952/","https://www.akwa.co.za/wp-content/uploads/2020/07/IMS0508-300x300.png","IMS0508"
"","MASTERLINE II","R62.65 – R587.25Price range: R62.65 through R587.25 Excl. Vat","Yes","https://www.akwa.co.za/product/masterline-ii/","https://www.akwa.co.za/wp-content/uploads/2024/10/Masterline-II-e1748871806663-300x300.png","Masterline-II"
"20016","MASTERLINE ROOT CAPS – 125 pcs","R276.75 Excl. Vat","Yes","https://www.akwa.co.za/product/masterline-root-caps-125-pcs/","https://www.akwa.co.za/wp-content/uploads/2025/10/ML1002-300x300.png","ML1002"
"16915","MASTERLINE ROOT CAPS – 60 pcs","R163.15 Excl. Vat","Yes","https://www.akwa.co.za/product/masterline-root-caps-60-pcs/","https://www.akwa.co.za/wp-content/uploads/2024/10/ML1001-e1748871756593-300x300.png","ML1001"
"20051","MASTERLINE ROOT CAPS 10PK – 10pcs","R249.00 Excl. Vat","Yes","https://www.akwa.co.za/product/masterline-root-caps-10pk-10pcs/","https://www.akwa.co.za/wp-content/uploads/2025/10/ML1003-300x300.png","ML1003"
"16921","MASTERLINE ROOTMAX – 250ml","R162.40 Excl. Vat","Yes","https://www.akwa.co.za/product/masterline-rootmax-250ml/","https://www.akwa.co.za/wp-content/uploads/2024/10/ML1021-e1748871690261-300x300.png","ML1021"
"16918","MASTERLINE SAFE WATER – 500ml","R166.50 Excl. Vat","Yes","https://www.akwa.co.za/product/masterline-safe-water-500ml/","https://www.akwa.co.za/wp-content/uploads/2024/10/ML1012-e1748871710114-300x300.png","ML1012"
"3033","DOPHIN GILL, FUNGUS 200ml # 4","R42.60 Excl. Vat","Yes","https://www.akwa.co.za/product/dophin-gill-fungus-200ml-4/","https://www.akwa.co.za/wp-content/uploads/2020/05/DM0604-300x300.png","DM0604"
"3035","DOPHIN GREEN AWAY 200ml # 6","R77.45 Excl. Vat","Yes","https://www.akwa.co.za/product/dophin-green-away-200ml-6/","https://www.akwa.co.za/wp-content/uploads/2020/05/DM0606-300x300.png","DM0606"
"3038","DOPHIN PSB 200ml # 15","R68.70 Excl. Vat","Yes","https://www.akwa.co.za/product/dophin-psb-200ml-15/","https://www.akwa.co.za/wp-content/uploads/2020/05/DM0615-300x300.png","DM0615"
"3031","DOPHIN WHITE SPOT 200ml # 2","R42.60 Excl. Vat","Yes","https://www.akwa.co.za/product/dophin-white-spot-200ml-2/","https://www.akwa.co.za/wp-content/uploads/2020/05/DM0602-300x300.png","DM0602"
"4663","JBL Fe REFILL","R125.60 Excl. Vat","Yes","https://www.akwa.co.za/product/jbl-fe-refill/","https://www.akwa.co.za/wp-content/uploads/2020/06/JBL25391-300x300.png","JBL25391"
"4645","JBL KH REFILL","R63.15 Excl. Vat","Yes","https://www.akwa.co.za/product/jbl-kh-refill/","https://www.akwa.co.za/wp-content/uploads/2020/06/JBL25361-300x300.png","JBL25361"
"4670","JBL Mg MAGNESIUM TEST REFILL","R162.35 Excl. Vat","Yes","https://www.akwa.co.za/product/jbl-mg-magnesium-test-refill/","https://www.akwa.co.za/wp-content/uploads/2020/06/JBL25415-300x300.png","JBL25415"
"4646","JBL NH4 AMMONIUM – TEST SET","R194.05 Excl. Vat","Yes","https://www.akwa.co.za/product/jbl-nh4-ammonium-test-set/","https://www.akwa.co.za/wp-content/uploads/2020/06/JBL25365-300x300.png","JBL25365"
"4647","JBL NH4 REFILL","R111.20 Excl. Vat","Yes","https://www.akwa.co.za/product/jbl-nh4-refill/","https://www.akwa.co.za/wp-content/uploads/2020/06/JBL25366-300x300.png","JBL25366"
"4648","JBL NO2 – NITRITE – TEST SET","R168.10 Excl. Vat","Yes","https://www.akwa.co.za/product/jbl-no2-nitrite-test-set/","https://www.akwa.co.za/wp-content/uploads/2020/06/JBL25370-300x300.png","JBL25370"
"4653","JBL NO3 NITRATE REFILL","R127.05 Excl. Vat","Yes","https://www.akwa.co.za/product/jbl-no3-nitrate-refill/","https://www.akwa.co.za/wp-content/uploads/2020/06/JBL25376-300x300.png","JBL25376"
"13126","JBL PROSCAN RECHARGE / 24 STRIPS","R256.75 Excl. Vat","Yes","https://www.akwa.co.za/product/jbl-proscan-recharge-24-strips/","https://www.akwa.co.za/wp-content/uploads/2023/07/JBL25421-300x300.png","JBL25421"
"4666","JBL TEST COMBI SET MARIN","R699.95 Excl. Vat","Yes","https://www.akwa.co.za/product/jbl-test-combi-set-marin/","https://www.akwa.co.za/wp-content/uploads/2020/06/JBL25513-300x300.png","JBL25513"
"4659","JBL TEST LAB","R1,465.75 Excl. Vat","Yes","https://www.akwa.co.za/product/jbl-test-lab/","https://www.akwa.co.za/wp-content/uploads/2020/06/JBL25502-300x300.png","JBL25502"
"4664","JBL TEST LAB MARIN","R1,894.65 Excl. Vat","Yes","https://www.akwa.co.za/product/jbl-test-lab-marin/","https://www.akwa.co.za/wp-content/uploads/2020/06/JBL25503-300x300.png","JBL25503"
"3019","TRIPLE “A” BLOCK 20g","R24.75 Excl. Vat","Yes","https://www.akwa.co.za/product/triple-a-block-20g/","https://www.akwa.co.za/wp-content/uploads/2020/05/AAB0072-300x300.png","AAB0072"
"3093","WATERLIFE – 6.5 – BUFFER – 150g","R172.10 Excl. Vat","Yes","https://www.akwa.co.za/product/waterlife-6-5-buffer-160g/","https://www.akwa.co.za/wp-content/uploads/2020/05/WAT0904-300x300.png","WAT0904"
"3098","WATERLIFE – 8.3 – BUFFER – 230g","R172.10 Excl. Vat","Yes","https://www.akwa.co.za/product/waterlife-8-3-buffer-230g/","https://www.akwa.co.za/wp-content/uploads/2020/05/WAT0906-300x300.png","WAT0906"
"3107","WATERLIFE BACTERLIFE – 100ml","R120.15 Excl. Vat","Yes","https://www.akwa.co.za/product/waterlife-bacterlife-100ml/","https://www.akwa.co.za/wp-content/uploads/2020/05/WAT0927-300x300.png","WAT0927"
"3075","WATERLIFE CUPRAZIN 100ml","R119.65 Excl. Vat","Yes","https://www.akwa.co.za/product/waterlife-cuprazin-100ml/","https://www.akwa.co.za/wp-content/uploads/2020/05/WAT0932-300x300.png","WAT0932"
"3070","WATERLIFE HALOEX – 100ml","R120.15 Excl. Vat","Yes","https://www.akwa.co.za/product/waterlife-haloex-100ml/","https://www.akwa.co.za/wp-content/uploads/2020/05/WAT0931-300x300.png","WAT0931"
"3074","WATERLIFE HALOEX – 250ml","R213.15 Excl. Vat","Yes","https://www.akwa.co.za/product/waterlife-haloex-250ml/","https://www.akwa.co.za/wp-content/uploads/2020/05/WAT0951-300x300.png","WAT0951"
"3064","WATERLIFE OCTOZIN – 21 TABLETS","R148.15 Excl. Vat","Yes","https://www.akwa.co.za/product/waterlife-octozin-21-tablets/","https://www.akwa.co.za/wp-content/uploads/2020/05/WAT0926-300x300.png","WAT0926"
"3103","WATERLIFE PARAGON – 200g","R172.85 Excl. Vat","Yes","https://www.akwa.co.za/product/waterlife-paragon-200g/","https://www.akwa.co.za/wp-content/uploads/2020/05/WAT0939-300x300.png","WAT0939"
"3048","WATERLIFE PROTOZIN – 100ml","R119.65 Excl. Vat","Yes","https://www.akwa.co.za/product/waterlife-protozin-100ml/","https://www.akwa.co.za/wp-content/uploads/2020/05/WAT0929-300x300.png","WAT0929"
"3068","WATERLIFE STAY CLEAR – 100ml","R120.15 Excl. Vat","Yes","https://www.akwa.co.za/product/waterlife-stay-clear-100ml/","https://www.akwa.co.za/wp-content/uploads/2020/05/WAT0928-300x300.png","WAT0928"
"3082","WATERLIFE STERAZIN – 100ml","R119.65 Excl. Vat","Yes","https://www.akwa.co.za/product/waterlife-sterazin-100ml/","https://www.akwa.co.za/wp-content/uploads/2020/05/WAT0935-300x300.png","WAT0935"
"3085","WATERLIFE STERAZIN – 250ml","R219.10 Excl. Vat","Yes","https://www.akwa.co.za/product/waterlife-sterazin-250ml/","https://www.akwa.co.za/wp-content/uploads/2020/05/WAT0954-300x300.png","WAT0954"
"3086","WATERLIFE VITAZIN – 100ml","R120.15 Excl. Vat","Yes","https://www.akwa.co.za/product/waterlife-vitazin-100ml/","https://www.akwa.co.za/wp-content/uploads/2020/05/WAT0936-300x300.png","WAT0936"
"18958","NTL AQ ANTI-WHITE SPOT & FUNGUS 100ml","R111.00 Excl. Vat","Yes","https://www.akwa.co.za/product/ntl-aq-anti-white-spot-fungus-100ml/","https://www.akwa.co.za/wp-content/uploads/2025/05/NTL0477-1-e1748843977592-300x300.png","NTL0477-1"
"19002","NTL AQ ANTI-WHITE SPOT & FUNGUS 250ml","R238.00 Excl. Vat","Yes","https://www.akwa.co.za/product/ntl-aq-anti-white-spot-fungus-250ml/","https://www.akwa.co.za/wp-content/uploads/2025/05/NTL0477-1-e1748843977592-300x300.png","NTL0477-1"
"18982","NTL AQ AQUARIUM CLEANER 100ml","R111.00 Excl. Vat","Yes","https://www.akwa.co.za/product/ntl-aq-aquarium-cleaner-100ml/","https://www.akwa.co.za/wp-content/uploads/2025/05/NTL0484-e1748844256897-300x300.png","NTL0484"
"19012","NTL AQ AXOCURE 100ml","R111.00 Excl. Vat","Yes","https://www.akwa.co.za/product/ntl-aq-axocure-100ml/","https://www.akwa.co.za/wp-content/uploads/2025/05/NTL0514FR-e1748607838993-300x300.png","NTL0514FR"
"19008","NTL AQ AXOSAFE 100ml","R111.00 Excl. Vat","Yes","https://www.akwa.co.za/product/ntl-aq-axosafe-100ml/","https://www.akwa.co.za/wp-content/uploads/2025/05/NTL0513-e1748843955611-300x300.png","NTL0513"
"20424","NTL AQ AXOSTART BACTERIA 100ml","R129.00 Excl. Vat","Yes","https://www.akwa.co.za/product/20424/","https://www.akwa.co.za/wp-content/uploads/2025/11/NTL0517-300x300.png","NTL0517"
"19015","NTL AQ AXOTONIC 500g","R159.00 Excl. Vat","Yes","https://www.akwa.co.za/product/ntl-aq-axotonic-500g/","https://www.akwa.co.za/wp-content/uploads/2025/05/NTL0515FR-e1748607785417-300x300.png","NTL0515FR"
"18950","NTL AQ DISEASE SOLVE 100ml","R111.00 Excl. Vat","Yes","https://www.akwa.co.za/product/ntl-aq-disease-solve-100ml/","https://www.akwa.co.za/wp-content/uploads/2025/05/NTL0475-e1748845041472-300x300.png","NTL0475"
"19037","NTL AQ FILTER START 100ml","R111.00 Excl. Vat","Yes","https://www.akwa.co.za/product/ntl-aq-filter-start-100ml/","https://www.akwa.co.za/wp-content/uploads/2025/05/NTL0472-e1748607354641-300x300.png","NTL0472"
"19042","NTL AQ FILTER START 250ml","R238.00 Excl. Vat","Yes","https://www.akwa.co.za/product/ntl-aq-filter-start-250ml/","https://www.akwa.co.za/wp-content/uploads/2025/05/NTL0472-e1748607354641-300x300.png","NTL0472"
"18996","NTL AQ LIQUID FILTER 100ml","R111.00 Excl. Vat","Yes","https://www.akwa.co.za/product/ntl-aq-liquid-filter-100ml/","https://www.akwa.co.za/wp-content/uploads/2025/05/NTL0496-e1748844095771-300x300.png","NTL0496"
"19001","NTL AQ LIQUID FILTER 250ml","R238.00 Excl. Vat","Yes","https://www.akwa.co.za/product/ntl-aq-liquid-filter-250ml/","https://www.akwa.co.za/wp-content/uploads/2025/05/NTL0496-e1748844095771-300x300.png","NTL0496"
"18922","NTL AQ PH STABILISER – KH UP 180g","R111.00 Excl. Vat","Yes","https://www.akwa.co.za/product/ntl-aq-ph-stabiliser-kh-up-180g/","https://www.akwa.co.za/wp-content/uploads/2025/05/NTL0204-e1748845380562-300x300.png","NTL0204"
"18992","NTL AQ PLASTIC PLANT CLEANER N/A","R143.00 Excl. Vat","Yes","https://www.akwa.co.za/product/ntl-aq-plastic-plant-cleaner-n-a/","https://www.akwa.co.za/wp-content/uploads/2025/05/NTL0495-e1748844173135-300x300.png","NTL0495"
"18978","NTL AQ SWIMBLADDER TREATMENT 100ml","R127.00 Excl. Vat","Yes","https://www.akwa.co.za/product/ntl-aq-swimbladder-treatment-100ml/","https://www.akwa.co.za/wp-content/uploads/2025/05/NTL0481-e1748844349911-300x300.png","NTL0481"
"19005","NTL AQ SWIMBLADDER TREATMENT 250ml","R254.00 Excl. Vat","Yes","https://www.akwa.co.za/product/ntl-aq-swimbladder-treatment-250ml/","https://www.akwa.co.za/wp-content/uploads/2025/05/NTL0481-e1748844349911-300x300.png","NTL0481"
"19033","NTL AQ TAP WATER SAFE 100ml","R111.00 Excl. Vat","Yes","https://www.akwa.co.za/product/ntl-aq-tap-water-safe-100ml/","https://www.akwa.co.za/wp-content/uploads/2025/05/NTL0470-e1748607473585-300x300.png","NTL0470"
"19041","NTL AQ TAP WATER SAFE 250ml","R238.00 Excl. Vat","Yes","https://www.akwa.co.za/product/ntl-aq-tap-water-safe-250ml/","https://www.akwa.co.za/wp-content/uploads/2025/05/NTL0470-e1748607473585-300x300.png","NTL0470"
"18867","NTL AQUARIUM LAB MULTI-TEST KIT","R587.00 Excl. Vat","Yes","https://www.akwa.co.za/product/ntl-aquarium-lab-multi-test-kit/","https://www.akwa.co.za/wp-content/uploads/2025/05/NTL0170FR-e1748848435652-300x300.png","NTL0170FR"
"18840","NTL BROAD PH 6-9 TEST – 40 TESTS","R127.00 Excl. Vat","Yes","https://www.akwa.co.za/product/ntl-broad-ph-6-9-test-40-tests/","https://www.akwa.co.za/wp-content/uploads/2025/05/NTL0005-e1748848942167-300x300.png","NTL0005"
"18845","NTL KH GH (HARDNESS) TEST – 80 TESTS","R143.00 Excl. Vat","Yes","https://www.akwa.co.za/product/ntl-kh-gh-hardness-test-80-tests/","https://www.akwa.co.za/wp-content/uploads/2025/05/NTL0006-e1748848844985-300x300.png","NTL0006"
"20433","NTL MA CORAL BOOST 100ml","R161.00 Excl. Vat","Yes","https://www.akwa.co.za/product/20433/","https://www.akwa.co.za/wp-content/uploads/2025/11/NTL0551-300x300.png","NTL0551"
"20427","NTL MA FILTER MEDIA BAGS – 3pcs","R145.00 Excl. Vat","Yes","https://www.akwa.co.za/product/ntl-ma-filter-media-bags-3pcs/","https://www.akwa.co.za/wp-content/uploads/2025/11/NTL0546-300x300.png","NTL0546"
"20431","NTL MA LIVE FILTER BACTERIA 100ml","R161.00 Excl. Vat","Yes","https://www.akwa.co.za/product/ntl-ma-live-filter-bacteria-100ml/","https://www.akwa.co.za/wp-content/uploads/2025/11/NTL0548-300x300.png","NTL0548"
"20451","NTL MA REEF KH BUFFER 600g","R274.00 Excl. Vat","Yes","https://www.akwa.co.za/product/ntl-ma-reef-kh-buffer-600g/","https://www.akwa.co.za/wp-content/uploads/2025/11/NTL0315-300x300.png","NTL0315"
"19028","NTL MARINE ANTI-AIPTASIA 100ml","R222.00 Excl. Vat","Yes","https://www.akwa.co.za/product/ntl-marine-anti-aiptasia-100ml/","https://www.akwa.co.za/wp-content/uploads/2025/05/NTL0550-e1748607579552-300x300.png","NTL0550"
"19024","NTL MARINE ANTI-BACTERIAL TRADE 100ml","R175.00 Excl. Vat","Yes","https://www.akwa.co.za/product/ntl-marine-anti-bacterial-trade-100ml/","https://www.akwa.co.za/wp-content/uploads/2025/05/NTL0544-e1748607646128-300x300.png","NTL0544"
"18857","NTL MARINE ANTI-BACTERIAL TRADE 500ml","R713.00 Excl. Vat","Yes","https://www.akwa.co.za/product/ntl-marine-anti-bacterial-trade-500ml/","https://www.akwa.co.za/wp-content/uploads/2025/05/NTL0092-e1748848637536-300x300.png","NTL0092"
"19019","NTL MARINE ANTI-FLUKE AND WORMER 20ml","R175.00 Excl. Vat","Yes","https://www.akwa.co.za/product/ntl-marine-anti-fluke-and-wormer-20ml/","https://www.akwa.co.za/wp-content/uploads/2025/05/NYL0543-e1748607760890-300x300.png","NYL0543"
"19026","NTL MARINE ANTI-PARASITE TRADE 100ml","R175.00 Excl. Vat","Yes","https://www.akwa.co.za/product/ntl-marine-anti-parasite-trade-100ml/","https://www.akwa.co.za/wp-content/uploads/2025/05/NTL0545-e1748607608855-300x300.png","NTL0545"
"18863","NTL MARINE ANTI-PARASITE TRADE 500ml","R713.00 Excl. Vat","Yes","https://www.akwa.co.za/product/ntl-marine-anti-parasite-trade-500ml/","https://www.akwa.co.za/wp-content/uploads/2025/05/NTL0093-e1748848559308-300x300.png","NTL0093"
"18912","NTL MARINE LAB CA TEST – 35 TESTS","R206.00 Excl. Vat","Yes","https://www.akwa.co.za/product/ntlmarine-lab-ca-test-35-tests/","https://www.akwa.co.za/wp-content/uploads/2025/05/NTL0186-e1748845777510-300x300.png","NTL0186"
"18903","NTL MARINE LAB KH TEST – 35 TESTS","R159.00 Excl. Vat","Yes","https://www.akwa.co.za/product/ntl-marine-lab-kh-test-50-tests/","https://www.akwa.co.za/wp-content/uploads/2025/05/NTL0184-e1748846021609-300x300.png","NTL0184"
"18908","NTL MARINE LAB MG (MAGNESIUM) TEST – 35 TESTS","R190.00 Excl. Vat","Yes","https://www.akwa.co.za/product/ntl-marine-lab-mg-magnesium-test-35-tests/","https://www.akwa.co.za/wp-content/uploads/2025/05/NTL0185-e1748845924158-300x300.png","NTL0185"
"18870","NTL MARINE LAB MULTI TEST","R587.00 Excl. Vat","Yes","https://www.akwa.co.za/product/ntl-marine-lab-multi-test/","https://www.akwa.co.za/wp-content/uploads/2025/05/NTL0178FR-e1748846950546-300x300.png","NTL0178FR"
"18878","NTL MARINE LAB NH3 (AMMONIA) TEST – 40 TESTS","R175.00 Excl. Vat","Yes","https://www.akwa.co.za/product/ntl-marine-lab-nh3-test-40-tests/","https://www.akwa.co.za/wp-content/uploads/2025/05/NTL0180-e1748846843277-300x300.png","NTL0180"
"18882","NTL MARINE LAB NO2 (NITRITE) TEST – 40 TESTS","R159.00 Excl. Vat","Yes","https://www.akwa.co.za/product/ntl-marine-lab-no2-nitrite-test-40-tests/","https://www.akwa.co.za/wp-content/uploads/2025/05/NTL0181-e1748846729773-300x300.png","NTL0181"
"18886","NTL MARINE LAB NO3 (NITRATE) TEST – 35 TESTS","R175.00 Excl. Vat","Yes","https://www.akwa.co.za/product/ntl-marine-lab-no3-nitrate-test-35-tests/","https://www.akwa.co.za/wp-content/uploads/2025/05/NTL0182-e1748846569637-300x300.png","NTL0182"
"18890","NTL MARINE LAB PH TEST – 40 TESTS","R159.00 Excl. Vat","Yes","https://www.akwa.co.za/product/ntl-marine-lab-ph-test-40-tests/","https://www.akwa.co.za/wp-content/uploads/2025/05/NTL0183-e1748846100586-300x300.png","NTL0183"
"18918","NTL MARINE LAB PO4 TEST – 40 TESTS","R190.00 Excl. Vat","Yes","https://www.akwa.co.za/product/ntl-marine-lab-po4-test-40-tests/","https://www.akwa.co.za/wp-content/uploads/2025/05/NTL0187-e1748845657746-300x300.png","NTL0187"
"18874","NTL MARINE LAB REEF MULTI TEST","R744.00 Excl. Vat","Yes","https://www.akwa.co.za/product/ntl-marine-lab-reef-multi-test/","https://www.akwa.co.za/wp-content/uploads/2025/05/NTL0179FR-e1748846885420-300x300.png","NTL0179FR"
"18836","NTL NARROW PH 6-7.6 TEST – 40 TESTS","R127.00 Excl. Vat","Yes","https://www.akwa.co.za/product/ntl-narrow-ph-6-7-6-test-40-tests/","https://www.akwa.co.za/wp-content/uploads/2025/05/NTL0004-e1748849043189-300x300.png","NTL0004"
"18817","NTL NH3 (AMMONIA) TEST – 40 TESTS","R143.00 Excl. Vat","Yes","https://www.akwa.co.za/product/ntl-nh3-ammonia-test-40-tests/","https://www.akwa.co.za/wp-content/uploads/2025/05/NTL0001-e1748849431946-300x300.png","NTL0001"
"18828","NTL NO2 (NITRITE) TEST – 40 TESTS","R127.00 Excl. Vat","Yes","https://www.akwa.co.za/product/ntl-no2-nitrite-test-40-tests/","https://www.akwa.co.za/wp-content/uploads/2025/05/NTL0002-e1748849339695-300x300.png","NTL0002"
"18832","NTL NO3 (NITRATE) TEST – 30 TESTS","R127.00 Excl. Vat","Yes","https://www.akwa.co.za/product/ntl-no3-nitrate-test-30-tests/","https://www.akwa.co.za/wp-content/uploads/2025/05/NTL0003-e1748849144434-300x300.png","NTL0003"
"","NTL OPTIMUS – WATER CONDITIONER","R106.00 – R343.00Price range: R106.00 through R343.00 Excl. Vat","Yes","https://www.akwa.co.za/product/ntl-optimus-water-conditioner/","https://www.akwa.co.za/wp-content/uploads/2025/11/Optimus-300x300.png","Optimus"
"18849","NTL PO4 (PHOSPHATE) TEST – 40 TESTS","R127.00 Excl. Vat","Yes","https://www.akwa.co.za/product/ntl-po4-phosphate-test-40-tests/","https://www.akwa.co.za/wp-content/uploads/2025/05/NTL0007FR-e1748848704527-300x300.png","NTL0007FR"
"","NTL SATUS – BACTERIA","R106.00 – R343.00Price range: R106.00 through R343.00 Excl. Vat","Yes","https://www.akwa.co.za/product/ntl-satus-bacteria/","https://www.akwa.co.za/wp-content/uploads/2025/11/Satus-300x300.png","Satus"
"3195","AQUARIUM ORNAMENT – SKELETON FENCE","R128.20 Excl. Vat","Yes","https://www.akwa.co.za/product/aquarium-ornament-skeleton-fence/","https://www.akwa.co.za/wp-content/uploads/2020/05/AO0310-300x300.png","AO0310"
"3227","AQUARIUM ORNAMENT – STAR WARS WALKER","R249.50 Excl. Vat","Yes","https://www.akwa.co.za/product/aquarium-ornament-star-wars-walker/","https://www.akwa.co.za/wp-content/uploads/2020/05/AO0881-300x300.png","AO0881"
"3223","AQUARIUM ORNAMENT – SUSHI BAR","R133.70 Excl. Vat","Yes","https://www.akwa.co.za/product/aquarium-ornament-sushi-bar/","https://www.akwa.co.za/wp-content/uploads/2020/05/AO0795-300x300.png","AO0795"
"14790","AQUARIUM STAR ORNAMENT","R47.50 Excl. Vat","Yes","https://www.akwa.co.za/product/aquarium-star-ornament/","https://www.akwa.co.za/wp-content/uploads/2024/01/AO0100-300x300.png","AO0100"
"15343","BEACH HOUSE PALM ORNAMENT – XY-113C","R95.20 Excl. Vat","Yes","https://www.akwa.co.za/product/beach-house-palm-ornament-xy-113c/","https://www.akwa.co.za/wp-content/uploads/2024/03/AOXY113C-300x300.png","AOXY113C"
"9499","BEETLE WRECK – 0086","R70.25 Excl. Vat","Yes","https://www.akwa.co.za/product/beetle-wreck-0086/","https://www.akwa.co.za/wp-content/uploads/2021/08/AO0086-300x300.png","AO0086"
"17156","BIG MOUTH CROC ORNAMENT – XY-363C","R83.15 Excl. Vat","Yes","https://www.akwa.co.za/product/big-mouth-croc-ornament-xy-363c/","https://www.akwa.co.za/wp-content/uploads/2024/11/AOXY363C-e1748869178507-300x300.png","AOXY363C"
"15348","BIG MOUTH FROG ORNAMENT – XY-363A/B","R83.15 Excl. Vat","Yes","https://www.akwa.co.za/product/big-mouth-frog-ornament-xy-363a-b/","https://www.akwa.co.za/wp-content/uploads/2024/03/AOXY363AB-300x300.png","AOXY363AB"
"15345","BLUE ANCHOR ORNAMENT – XY-165","R89.20 Excl. Vat","Yes","https://www.akwa.co.za/product/blue-anchor-ornament-xy-165/","https://www.akwa.co.za/wp-content/uploads/2024/03/AOXY165-300x300.png","AOXY165"
"9479","BLUE OCTOPUS – 0079","R86.65 Excl. Vat","Yes","https://www.akwa.co.za/product/blue-octopus-0079/","https://www.akwa.co.za/wp-content/uploads/2021/08/AO0079-300x300.png","AO0079"
"15349","BRANCH AND PLANT ORNAMENT – XY-6059","R173.65 Excl. Vat","Yes","https://www.akwa.co.za/product/branch-and-plant-ornament-xy-6059/","https://www.akwa.co.za/wp-content/uploads/2024/03/AOXY6059-300x300.png","AOXY6059"
"3192","BROKEN BARREL SMALL – U-229S","R60.00 Excl. Vat","Yes","https://www.akwa.co.za/product/broken-barrel-small-u-229s/","https://www.akwa.co.za/wp-content/uploads/2020/05/AO0229S-300x300.png","AO0229S"
"9501","BROKEN POT – 0007BP","R79.60 Excl. Vat","Yes","https://www.akwa.co.za/product/broken-pot-0007bp/","https://www.akwa.co.za/wp-content/uploads/2021/08/AO0007BP-300x300.png","AO0007BP"
"9502","BROKEN POT – 0008","R74.90 Excl. Vat","Yes","https://www.akwa.co.za/product/broken-pot-0008/","https://www.akwa.co.za/wp-content/uploads/2021/08/AO0008-300x300.png","AO0008"
"9522","CASTLE ORNAMENT – 0145","R67.87 Excl. Vat","Yes","https://www.akwa.co.za/product/castle-ornament-0145/","https://www.akwa.co.za/wp-content/uploads/2021/08/AO0145-300x300.png","AO0145"
"3205","CORAL AQUA-COLOUR BUBBLE – LIGHT","R355.25 Excl. Vat","Yes","https://www.akwa.co.za/product/coral-aqua-colour-bubble-light/","https://www.akwa.co.za/wp-content/uploads/2020/05/AO0741-300x300.png","AO0741"
"9471","CORAL ORNAMENT – 0012","R715.70 Excl. Vat","Yes","https://www.akwa.co.za/product/coral-ornament-0012/","https://www.akwa.co.za/wp-content/uploads/2021/08/AO0012-300x300.png","AO0012"
"9472","CORAL ORNAMENT – 0229","R231.25 Excl. Vat","Yes","https://www.akwa.co.za/product/coral-ornament-0229/","https://www.akwa.co.za/wp-content/uploads/2021/08/AO0229-300x300.png","AO0229"
"9474","CORAL ORNAMENT – 0590","R128.25 Excl. Vat","Yes","https://www.akwa.co.za/product/coral-ornament-0590/","https://www.akwa.co.za/wp-content/uploads/2021/08/AO0590-300x300.png","AO0590"
"9475","CORAL ORNAMENT – 0646","R171.80 Excl. Vat","Yes","https://www.akwa.co.za/product/coral-ornament-0646/","https://www.akwa.co.za/wp-content/uploads/2021/08/AO0646-300x300.png","AO0646"
"9476","CORAL ORNAMENT – 0656","R150.26 Excl. Vat","Yes","https://www.akwa.co.za/product/coral-ornament-0656/","https://www.akwa.co.za/wp-content/uploads/2021/08/AO0656-300x300.png","AO0656"
"9473","COREL ORNAMENT – 0228","R128.25 Excl. Vat","Yes","https://www.akwa.co.za/product/corel-ornament-0228/","https://www.akwa.co.za/wp-content/uploads/2021/08/AO0228-300x300.png","AO0228"
"9503","DIVER HELMET ORNAMENT – 0600","R126.40 Excl. Vat","Yes","https://www.akwa.co.za/product/diver-helmet-ornament-0600/","https://www.akwa.co.za/wp-content/uploads/2021/08/AO0600-300x300.png","AO0600"
"3211","DOPHIN BLUE MONSTER DECO – U-769","R75.00 Excl. Vat","Yes","https://www.akwa.co.za/product/dophin-blue-monster-deco-u-769/","https://www.akwa.co.za/wp-content/uploads/2020/05/AO0769-300x300.png","AO0769"
"3212","DOPHIN FISH HEAD SKELETON – U-776","R57.95 Excl. Vat","Yes","https://www.akwa.co.za/product/dophin-fish-head-skeleton-u-776/","https://www.akwa.co.za/wp-content/uploads/2020/05/AO0776-300x300.png","AO0776"
"3209","DOPHIN GREEN MONSTER DECO – U-767","R69.75 Excl. Vat","Yes","https://www.akwa.co.za/product/dophin-green-monster-deco-u-767/","https://www.akwa.co.za/wp-content/uploads/2020/05/AO0767-300x300.png","AO0767"
"3210","DOPHIN WHITE MONSTER DECO – U-768","R75.00 Excl. Vat","Yes","https://www.akwa.co.za/product/dophin-white-monster-deco-u-768/","https://www.akwa.co.za/wp-content/uploads/2020/05/AO0768-300x300.png","AO0768"
"9524","GARDEN LIGHT ORNAMENT – 0416","R93.60 Excl. Vat","Yes","https://www.akwa.co.za/product/garden-light-ornament-0416/","https://www.akwa.co.za/wp-content/uploads/2021/08/AO0416-300x300.png","AO0416"
"15338","GHOST PUMPKIN HOUSE ORNAMENT – XY-049A","R95.20 Excl. Vat","Yes","https://www.akwa.co.za/product/ghost-pumpkin-house-ornament-xy-049a/","https://www.akwa.co.za/wp-content/uploads/2024/03/AOXY049A-300x300.png","AOXY049A"
"11232","HALF TREE STUMP LARGE ORNAMENT – U657","R336.55 Excl. Vat","Yes","https://www.akwa.co.za/product/half-tree-stump-large-ornament-u657/","https://www.akwa.co.za/wp-content/uploads/2022/07/AO0657-300x300.png","AO0657"
"9480","HALF TREE TRUNK – 0028","R145.10 Excl. Vat","Yes","https://www.akwa.co.za/product/half-tree-trunk-0028/","https://www.akwa.co.za/wp-content/uploads/2021/08/AO0028-300x300.png","AO0028"
"9485","HALF TREE TRUNK – 0805T","R96.91 Excl. Vat","Yes","https://www.akwa.co.za/product/half-tree-trunk-0805t/","https://www.akwa.co.za/wp-content/uploads/2021/08/AO0805T-300x300.png","AO0805T"
"11229","HOLLOW TREE HOUSE ORNAMENT – U119","R79.15 Excl. Vat","Yes","https://www.akwa.co.za/product/hollow-tree-house-ornament-u119/","https://www.akwa.co.za/wp-content/uploads/2022/07/AO0119-300x300.png","AO0119"
"15352","I’M GROOT ORNAMENT – BABY GROOT","R95.20 Excl. Vat","Yes","https://www.akwa.co.za/product/im-groot-ornament-small-xy-690a/","https://www.akwa.co.za/wp-content/uploads/2024/03/AOXY690A-1-300x300.png","AOXY690A-1"
"19650","I’M GROOT ORNAMENT MEDIUM – LOVE","R112.35 Excl. Vat","Yes","https://www.akwa.co.za/product/im-groot-ornament-medium-love/","https://www.akwa.co.za/wp-content/uploads/2024/03/AOXY690B-300x300.png","AOXY690B"
"15351","I’M GROOT ORNAMENT MEDIUM – THINK","R112.35 Excl. Vat","Yes","https://www.akwa.co.za/product/im-groot-ornament-medium-xy-690/","https://www.akwa.co.za/wp-content/uploads/2024/03/AOXY690-1-300x300.png","AOXY690-1"
"9527","LIFE IS GOOD ORNAMENT – 0878","R107.70 Excl. Vat","Yes","https://www.akwa.co.za/product/life-is-good-ornament-0878/","https://www.akwa.co.za/wp-content/uploads/2021/08/AO0878-300x300.png","AO0878"
"9520","LIGHT TOWER ORNAMENT – 0031","R126.40 Excl. Vat","Yes","https://www.akwa.co.za/product/light-tower-ornament-0031/","https://www.akwa.co.za/wp-content/uploads/2021/08/AO0031-300x300.png","AO0031"
"15316","MOUNTAIN RIVER WHEEL ORNAMENT – XY-001","R183.90 Excl. Vat","Yes","https://www.akwa.co.za/product/mountain-river-wheel-ornament-xy-001/","https://www.akwa.co.za/wp-content/uploads/2024/03/AOXY-001-300x300.png","AOXY-001"
"15339","MUSHROOM HOUSE ORNAMENT – XY-055","R101.20 Excl. Vat","Yes","https://www.akwa.co.za/product/mushroom-house-ornament-xy-055/","https://www.akwa.co.za/wp-content/uploads/2024/03/AOXY055-300x300.png","AOXY055"
"9478","NEMO ORNAMENT – 0018","R107.15 Excl. Vat","Yes","https://www.akwa.co.za/product/nemo-ornament-0018/","https://www.akwa.co.za/wp-content/uploads/2021/08/AO0018-300x300.png","AO0018"
"9516","NO FISHING SIGN – 0021B","R70.25 Excl. Vat","Yes","https://www.akwa.co.za/product/no-fishing-sign-0021b/","https://www.akwa.co.za/wp-content/uploads/2021/08/AO0021B-300x300.png","AO0021B"
"9515","NO SWIMMING SIGN – 0011","R32.75 Excl. Vat","Yes","https://www.akwa.co.za/product/no-swimming-sign-0011/","https://www.akwa.co.za/wp-content/uploads/2021/08/AO0011-300x300.png","AO0011"
"9491","ORNAMENT – 0669","R101.60 Excl. Vat","Yes","https://www.akwa.co.za/product/ornament-0669/","https://www.akwa.co.za/wp-content/uploads/2021/08/AO0669-300x300.png","AO0669"
"9490","ORNAMENT – 0670","R121.70 Excl. Vat","Yes","https://www.akwa.co.za/product/ornament-0670/","https://www.akwa.co.za/wp-content/uploads/2021/08/AO0670-300x300.png","AO0670"
"9489","ORNAMENT – 0671","R177.85 Excl. Vat","Yes","https://www.akwa.co.za/product/ornament-0671/","https://www.akwa.co.za/wp-content/uploads/2021/08/AO0671-300x300.png","AO0671"
"9488","ORNAMENT – 0672","R234.05 Excl. Vat","Yes","https://www.akwa.co.za/product/ornament-0672/","https://www.akwa.co.za/wp-content/uploads/2021/08/AO0672-300x300.png","AO0672"
"9483","ORNAMENT – 0815A","R49.20 Excl. Vat","Yes","https://www.akwa.co.za/product/ornament-0851a/","https://www.akwa.co.za/wp-content/uploads/2021/08/AO0815A-300x300.png","AO0815A"
"9484","ORNAMENT – 0816B","R49.20 Excl. Vat","Yes","https://www.akwa.co.za/product/ornament-0816b/","https://www.akwa.co.za/wp-content/uploads/2021/08/AO0816B-300x300.png","AO0816B"
"3242","ORNAMENT – 17732","R111.75 Excl. Vat","Yes","https://www.akwa.co.za/product/ornament-17732/","https://www.akwa.co.za/wp-content/uploads/2020/05/AO17732-300x300.png","AO17732"
"3191","ORNAMENT – U-220S","R50.95 Excl. Vat","Yes","https://www.akwa.co.za/product/ornament-u-220s/","https://www.akwa.co.za/wp-content/uploads/2020/05/AO0220S-300x300.png","AO0220S"
"3197","ORNAMENT U-546","R124.60 Excl. Vat","Yes","https://www.akwa.co.za/product/ornament-u-546/","https://www.akwa.co.za/wp-content/uploads/2020/05/AO0546-300x300.png","AO0546"
"9523","PILLAR ORNAMENT – 0030","R93.20 Excl. Vat","Yes","https://www.akwa.co.za/product/pillar-ornament-0030/","https://www.akwa.co.za/wp-content/uploads/2021/08/AO0030-300x300.png","AO0030"
"15353","PINEAPPLE HOUSE ORNAMENT – XY-918","R95.20 Excl. Vat","Yes","https://www.akwa.co.za/product/pineapple-house-ornament-xy-918/","https://www.akwa.co.za/wp-content/uploads/2024/03/AOXY918-300x300.png","AOXY918"
"9517","PIRATE SHIPWRECK – 0426","R795.75 Excl. Vat","Yes","https://www.akwa.co.za/product/pirate-shipwreck-0426/","https://www.akwa.co.za/wp-content/uploads/2021/08/AO0426-300x300.png","AO0426"
"9512","PLAIN WRECK – 0029","R84.20 Excl. Vat","Yes","https://www.akwa.co.za/product/plain-wreck-0029/","https://www.akwa.co.za/wp-content/uploads/2021/08/AO0029-300x300.png","AO0029"
"15346","PUMPKIN ORNAMENT – XY-186A","R78.45 Excl. Vat","Yes","https://www.akwa.co.za/product/pumpkin-ornament-xy-186a/","https://www.akwa.co.za/wp-content/uploads/2024/03/AOXY186A-300x300.png","AOXY186A"
"15341","ROCK FORMATION WATER WHEEL – XY-097","R95.20 Excl. Vat","Yes","https://www.akwa.co.za/product/rock-formation-water-wheel-xy-097/","https://www.akwa.co.za/wp-content/uploads/2024/03/AOXY097-300x300.png","AOXY097"
"9493","ROCK ORNAMENT – 0010","R126.40 Excl. Vat","Yes","https://www.akwa.co.za/product/rock-ornament-0010/","https://www.akwa.co.za/wp-content/uploads/2021/08/AO0010-300x300.png","AO0010"
"9494","ROCK ORNAMENT – 0016","R79.60 Excl. Vat","Yes","https://www.akwa.co.za/product/rock-ornament-0016/","https://www.akwa.co.za/wp-content/uploads/2021/08/AO0016-300x300.png","AO0016"
"9492","ROCK ORNAMENT – 0019","R248.05 Excl. Vat","Yes","https://www.akwa.co.za/product/rock-ornament-0019/","https://www.akwa.co.za/wp-content/uploads/2021/08/AO0019-300x300.png","AO0019"
"9518","RUINS ORNAMENT – 0007","R140.40 Excl. Vat","Yes","https://www.akwa.co.za/product/ruins-ornament-0007/","https://www.akwa.co.za/wp-content/uploads/2021/08/AO0007-300x300.png","AO0007"
"9513","SHIPWRECK ORNAMENT – 0001M","R201.30 Excl. Vat","Yes","https://www.akwa.co.za/product/shipwreck-ornament-0001m/","https://www.akwa.co.za/wp-content/uploads/2021/08/AO0001M-300x300.png","AO0001M"
"9486","SKULL MOUNTAIN ORNAMENT – 0697","R819.15 Excl. Vat","Yes","https://www.akwa.co.za/product/skull-mountain-ornament-0697/","https://www.akwa.co.za/wp-content/uploads/2021/08/AO0697-300x300.png","AO0697"
"9496","SKULL ORNAMENT – 0512","R154.45 Excl. Vat","Yes","https://www.akwa.co.za/product/skull-ornament-0512/","https://www.akwa.co.za/wp-content/uploads/2021/08/AO0512-300x300.png","AO0512"
"15337","SMALL HOUSE ELEPHANT ORNAMENT – XY-049","R95.20 Excl. Vat","Yes","https://www.akwa.co.za/product/small-house-elephant-ornament-xy-049/","https://www.akwa.co.za/wp-content/uploads/2024/03/AOXY049-300x300.png","AOXY049"
"15340","SMALL MUSHROOM ORNAMENT – XY-057","R83.15 Excl. Vat","Yes","https://www.akwa.co.za/product/small-mushroom-ornament-xy-057/","https://www.akwa.co.za/wp-content/uploads/2024/03/AOXY057-300x300.png","AOXY057"
"15356","SMILING TREE STUMP ORNAMENT – XY-979#","R153.05 Excl. Vat","Yes","https://www.akwa.co.za/product/smiling-tree-stump-ornament-xy-979/","https://www.akwa.co.za/wp-content/uploads/2024/03/AOXY979-300x300.png","AOXY979"
"11231","STONE PODIUM ORNAMENT – U-536","R82.55 Excl. Vat","Yes","https://www.akwa.co.za/product/stone-podium-ornament-u-536/","https://www.akwa.co.za/wp-content/uploads/2022/07/AO0536-300x300.png","AO0536"
"9514","STOP SIGN ORNAMENT – 0003","R42.10 Excl. Vat","Yes","https://www.akwa.co.za/product/stop-sign-ornament-0003/","https://www.akwa.co.za/wp-content/uploads/2021/08/AO0003-300x300.png","AO0003"
"15344","SUNKEN FISHING BOAT – XY-146","R163.35 Excl. Vat","Yes","https://www.akwa.co.za/product/sunken-fishing-boat-xy-146/","https://www.akwa.co.za/wp-content/uploads/2024/03/AOXY146-300x300.png","AOXY146"
"9521","TOWER CASTLE ORNAMENT – 0004","R229.35 Excl. Vat","Yes","https://www.akwa.co.za/product/tower-castle-ornament-0004/","https://www.akwa.co.za/wp-content/uploads/2021/08/AO0004-300x300.png","AO0004"
"15336","TOWER ORNAMENT GRASS ROOF -XY-048","R153.05 Excl. Vat","Yes","https://www.akwa.co.za/product/tower-ornament-grass-roof-xy-048/","https://www.akwa.co.za/wp-content/uploads/2024/03/AOXY048-300x300.png","AOXY048"
"9477","TREASURE CHEST – 0603","R152.15 Excl. Vat","Yes","https://www.akwa.co.za/product/treasure-chest-0603/","https://www.akwa.co.za/wp-content/uploads/2021/08/AO0603-300x300.png","AO0603"
"3246","TREASURE SHIPWRECK ORNAMENT – 201045","R162.45 Excl. Vat","Yes","https://www.akwa.co.za/product/treasure-shipwreck-ornament-201045/","https://www.akwa.co.za/wp-content/uploads/2020/05/AO201045-300x300.png","AO201045"
"9481","TREE FACE ORNAMENT – 0065","R332.30 Excl. Vat","Yes","https://www.akwa.co.za/product/tree-face-ornament-0065/","https://www.akwa.co.za/wp-content/uploads/2021/08/AO0065-300x300.png","AO0065"
"9482","TREE ROOTS ORNAMENT – 0854B","R425.95 Excl. Vat","Yes","https://www.akwa.co.za/product/tree-roots-ornament-0854b/","https://www.akwa.co.za/wp-content/uploads/2021/08/AO0854B-300x300.png","AO0854B"
"15354","TREE STUMP ORNAMENT – XY-922","R153.05 Excl. Vat","Yes","https://www.akwa.co.za/product/tree-stump-ornament-xy-922/","https://www.akwa.co.za/wp-content/uploads/2024/03/AOXY922-300x300.png","AOXY922"
"13644","U-673B – SAND STONE ROCK ORNAMENT EXSTRA SMALL","R37.05 Excl. Vat","Yes","https://www.akwa.co.za/product/u-673b-sand-stone-rock-ornament-exstra-small/","https://www.akwa.co.za/wp-content/uploads/2023/09/AO0673-300x300.png","AO0673"
"13645","U-674B – SAND STONE ROCK ORNAMENT SMALL","R43.95 Excl. Vat","Yes","https://www.akwa.co.za/product/u-674b-sand-stone-rock-ornament-small/","https://www.akwa.co.za/wp-content/uploads/2023/09/AO0674-300x300.png","AO0674"
"13647","U-676B – SAND STONE ROCK ORNAMENT LARGE","R66.20 Excl. Vat","Yes","https://www.akwa.co.za/product/u-676b-sand-stone-rock-ornament-large/","https://www.akwa.co.za/wp-content/uploads/2023/09/AO0676-300x300.png","AO0676"
"13648","U-708B (U-673-676 IN ONE SET)","R192.10 Excl. Vat","Yes","https://www.akwa.co.za/product/u-708b-u-673-676-in-one-set/","https://www.akwa.co.za/wp-content/uploads/2023/09/AO0708-300x300.png","AO0708"
"13627","U-840B – SAND STONE FACE ORNAMENT","R184.70 Excl. Vat","Yes","https://www.akwa.co.za/product/u-840b-sand-stone-face-ornament/","https://www.akwa.co.za/wp-content/uploads/2023/09/AO0840-300x300.png","AO0840"
"13639","U-843 – FLOATING BALLOON BLUE WHITE CHECKED","R115.70 Excl. Vat","Yes","https://www.akwa.co.za/product/u-843-floating-balloon-blue-white-checked/","https://www.akwa.co.za/wp-content/uploads/2023/09/AO0843-300x300.png","AO0843"
"13640","U-844 – FLOATING BALLOON BLUE SHADED","R115.70 Excl. Vat","Yes","https://www.akwa.co.za/product/u-844-floating-balloon-blue-shaded/","https://www.akwa.co.za/wp-content/uploads/2023/09/AO0844-300x300.png","AO0844"
"13641","U-845 – FLOATING BALLOON GREEN WHITE BLUE","R115.70 Excl. Vat","Yes","https://www.akwa.co.za/product/u-845-floating-balloon-green-white-blue/","https://www.akwa.co.za/wp-content/uploads/2023/09/AO0845-300x300.png","AO0845"
"13642","U-846 – FLOATING BALLOON RED BLUE","R115.70 Excl. Vat","Yes","https://www.akwa.co.za/product/u-846-floating-balloon-red-blue/","https://www.akwa.co.za/wp-content/uploads/2023/09/AO0846-300x300.png","AO0846"
"13643","U-847 – FLOATING BALLOON RED WHITE STRIPES","R115.70 Excl. Vat","Yes","https://www.akwa.co.za/product/u-847-floating-balloon-red-white-stripes/","https://www.akwa.co.za/wp-content/uploads/2023/09/AO0847-300x300.png","AO0847"
"9525","VILLAGE HOUSE ORNAMENT – 0609","R130.55 Excl. Vat","Yes","https://www.akwa.co.za/product/village-house-ornament-0609/","https://www.akwa.co.za/wp-content/uploads/2021/08/AO0609-300x300.png","AO0609"
"9500","VW VAN WRECK – 0144","R70.25 Excl. Vat","Yes","https://www.akwa.co.za/product/vw-van-wreck-0144/","https://www.akwa.co.za/wp-content/uploads/2021/08/AO0144-300x300.png","AO0144"
"9510","WAR HELICOPTER ORNAMENT – 0003","R472.75 Excl. Vat","Yes","https://www.akwa.co.za/product/war-helicopter-ornament-0003/","https://www.akwa.co.za/wp-content/uploads/2021/08/AO0003L-300x300.png","AO0003L"
"9511","WAR HELICOPTER ORNAMENT – 0003S","R117.00 Excl. Vat","Yes","https://www.akwa.co.za/product/war-helicopter-ornament-0003s/","https://www.akwa.co.za/wp-content/uploads/2021/08/AO0003S-300x300.png","AO0003S"
"9509","WAR PLANE ORNAMENT – 0002P","R220.05 Excl. Vat","Yes","https://www.akwa.co.za/product/war-plane-ornament-0002p/","https://www.akwa.co.za/wp-content/uploads/2021/08/AO0002P-300x300.png","AO0002P"
"9505","WARSHIP ORNAMENT – 0002L – 2 PIECE","R472.75 Excl. Vat","Yes","https://www.akwa.co.za/product/warship-ornament-0002l-2-piece/","https://www.akwa.co.za/wp-content/uploads/2021/08/AO0002L-300x300.png","AO0002L"
"9506","WARSHIP ORNAMENT – 0002M","R79.60 Excl. Vat","Yes","https://www.akwa.co.za/product/warship-ornament-0002m/","https://www.akwa.co.za/wp-content/uploads/2021/08/AO0002M-300x300.png","AO0002M"
"9507","WARSHIP ORNAMENT – 0063","R234.05 Excl. Vat","Yes","https://www.akwa.co.za/product/warship-ornament-0063/","https://www.akwa.co.za/wp-content/uploads/2021/08/AO0063-300x300.png","AO0063"
"9526","WOOD CABIN OPNAMENT – 0796","R234.05 Excl. Vat","Yes","https://www.akwa.co.za/product/wood-cabin-opnament-0796/","https://www.akwa.co.za/wp-content/uploads/2021/08/AO0796-300x300.png","AO0796"
"9508","YELLOW OCTOPUS SHIPWRECK – 0156","R145.10 Excl. Vat","Yes","https://www.akwa.co.za/product/yellow-octopus-shipwreck-0156/","https://www.akwa.co.za/wp-content/uploads/2021/08/AO0156-300x300.png","AO0156"
"14756","AQUARIUM PLASTIC PLANT / 5.5 – PP9685","R32.39 Excl. Vat","Yes","https://www.akwa.co.za/product/aquarium-plastic-plant-5-5-pp9686/","https://www.akwa.co.za/wp-content/uploads/2024/01/PP9685-1-e1748852676231-300x300.png","PP9685-1"
"14758","AQUARIUM PLASTIC PLANT / 5.5 – PP9686","R32.39 Excl. Vat","Yes","https://www.akwa.co.za/product/aquarium-plastic-plant-5-5-pp9686-2/","https://www.akwa.co.za/wp-content/uploads/2024/01/PP9686-1-e1748852652102-300x300.png","PP9686-1"
"14774","AQUARIUM PLASTIC PLANT / 6.5 – PP9874","R32.39 Excl. Vat","Yes","https://www.akwa.co.za/product/aquarium-plastic-plant-6-5-pp9874/","https://www.akwa.co.za/wp-content/uploads/2024/01/PP9874-1-e1748852201441-300x300.png","PP9874-1"
"14778","AQUARIUM PLASTIC PLANT / 8 – PP9891","R41.91 Excl. Vat","Yes","https://www.akwa.co.za/product/aquarium-plastic-plant-8-pp9891/","https://www.akwa.co.za/wp-content/uploads/2024/01/PP9891-1-e1748852177294-300x300.png","PP9891-1"
"14779","AQUARIUM PLASTIC PLANT / 8 – PP9903","R90.61 Excl. Vat","Yes","https://www.akwa.co.za/product/aquarium-plastic-plant-8-pp9903/","https://www.akwa.co.za/wp-content/uploads/2024/01/PP9903-1-e1748852156600-300x300.png","PP9903-1"
"3403","PLASTIC PLANT – 8504","R56.45 Excl. Vat","Yes","https://www.akwa.co.za/product/plastic-plant-8504/","https://www.akwa.co.za/wp-content/uploads/2020/05/PP8504-300x300.png","PP8504"
"3382","PLASTIC PLANT – PP6406","R41.50 Excl. Vat","Yes","https://www.akwa.co.za/product/plastic-plant-pp6406/","https://www.akwa.co.za/wp-content/uploads/2020/05/PP6406-1-e1748856825417-300x300.png","PP6406-1"
"3381","PLASTIC PLANT – PP6409","R33.10 Excl. Vat","Yes","https://www.akwa.co.za/product/plastic-plant-pp6409/","https://www.akwa.co.za/wp-content/uploads/2020/05/PP6409-1-e1748856778815-300x300.png","PP6409-1"
"3385","PLASTIC PLANT – PP6412","R49.70 Excl. Vat","Yes","https://www.akwa.co.za/product/plastic-plant-pp6412/","https://www.akwa.co.za/wp-content/uploads/2020/05/PP6412-1-e1748856522237-300x300.png","PP6412-1"
"3383","PLASTIC PLANT – PP6415","R57.95 Excl. Vat","Yes","https://www.akwa.co.za/product/plastic-plant-pp6415/","https://www.akwa.co.za/wp-content/uploads/2020/05/PP6415-300x300.png","PP6415"
"3384","PLASTIC PLANT – PP6417","R57.95 Excl. Vat","Yes","https://www.akwa.co.za/product/plastic-plant-pp6417/","https://www.akwa.co.za/wp-content/uploads/2020/05/PP6417-1-e1748856733831-300x300.png","PP6417-1"
"3380","PLASTIC PLANT – PP6422","R50.75 Excl. Vat","Yes","https://www.akwa.co.za/product/plastic-plant-pp6422/","https://www.akwa.co.za/wp-content/uploads/2020/05/PP6422-1-e1748856755252-300x300.png","PP6422-1"
"3427","PLASTIC PLANT – PP6503","R124.65 Excl. Vat","Yes","https://www.akwa.co.za/product/plastic-plant-pp6503/","https://www.akwa.co.za/wp-content/uploads/2020/05/PP6503-300x300.png","PP6503"
"3392","PLASTIC PLANT – PP7003","R106.50 Excl. Vat","Yes","https://www.akwa.co.za/product/plastic-plant-pp7003/","https://www.akwa.co.za/wp-content/uploads/2020/05/PP7003-1-e1748856350415-300x300.png","PP7003-1"
"3393","PLASTIC PLANT – PP7004","R104.95 Excl. Vat","Yes","https://www.akwa.co.za/product/plastic-plant-pp7004/","https://www.akwa.co.za/wp-content/uploads/2020/05/PP7004-1-e1748855931716-300x300.png","PP7004-1"
"3411","PLASTIC PLANT – PP7018","R50.75 Excl. Vat","Yes","https://www.akwa.co.za/product/plastic-plant-pp7018/","https://www.akwa.co.za/wp-content/uploads/2020/05/PP7018-1-e1748855443271-300x300.png","PP7018-1"
"3410","PLASTIC PLANT – PP7020","R50.78 Excl. Vat","Yes","https://www.akwa.co.za/product/plastic-plant-pp7020/","https://www.akwa.co.za/wp-content/uploads/2020/05/PP7020-1-e1748855485719-300x300.png","PP7020-1"
"3397","PLASTIC PLANT – PP7030M","R81.25 Excl. Vat","Yes","https://www.akwa.co.za/product/plastic-plant-pp7030m/","https://www.akwa.co.za/wp-content/uploads/2020/05/PP7030-1-e1748855839813-300x300.png","PP7030-1"
"3396","PLASTIC PLANT – PP7031XS","R45.48 Excl. Vat","Yes","https://www.akwa.co.za/product/plastic-plant-pp7031xs/","https://www.akwa.co.za/wp-content/uploads/2020/05/PP7031XS-1-e1748855903727-300x300.png","PP7031XS-1"
"10304","PLASTIC PLANT – PP7118","R42.35 Excl. Vat","Yes","https://www.akwa.co.za/product/plastic-plant-pp7118/","https://www.akwa.co.za/wp-content/uploads/2021/11/PP7118-1-e1748855761605-300x300.png","PP7118-1"
"3423","PLASTIC PLANT – PP7308","R26.40 Excl. Vat","Yes","https://www.akwa.co.za/product/plastic-plant-pp7308/","https://www.akwa.co.za/wp-content/uploads/2020/05/PP7308-1-e1748853582291-300x300.png","PP7308-1"
"3420","PLASTIC PLANT – PP7309","R26.40 Excl. Vat","Yes","https://www.akwa.co.za/product/plastic-plant-pp7309/","https://www.akwa.co.za/wp-content/uploads/2020/05/PP7309-1-e1748855132565-300x300.png","PP7309-1"
"3408","PLASTIC PLANT – PP7515","R50.75 Excl. Vat","Yes","https://www.akwa.co.za/product/plastic-plant-pp7515/","https://www.akwa.co.za/wp-content/uploads/2020/05/PP7515-1-e1748855554652-300x300.png","PP7515-1"
"3426","PLASTIC PLANT – PP7601","R30.52 Excl. Vat","Yes","https://www.akwa.co.za/product/plastic-plant-pp7601/","https://www.akwa.co.za/wp-content/uploads/2020/05/PP7601-1-e1748853511216-300x300.png","PP7601-1"
"3424","PLASTIC PLANT – PP7602","R30.52 Excl. Vat","Yes","https://www.akwa.co.za/product/plastic-plant-pp7602/","https://www.akwa.co.za/wp-content/uploads/2020/05/PP7602-1-e1748854875930-300x300.png","PP7602-1"
"3421","PLASTIC PLANT – PP7604","R30.52 Excl. Vat","Yes","https://www.akwa.co.za/product/plastic-plant-pp7604/","https://www.akwa.co.za/wp-content/uploads/2020/05/PP7604-1-e1748855079316-300x300.png","PP7604-1"
"3422","PLASTIC PLANT – PP7608","R30.52 Excl. Vat","Yes","https://www.akwa.co.za/product/plastic-plant-pp7608/","https://www.akwa.co.za/wp-content/uploads/2020/05/PP7608-1-e1748855032476-300x300.png","PP7608-1"
"3425","PLASTIC PLANT – PP7709","R30.52 Excl. Vat","Yes","https://www.akwa.co.za/product/plastic-plant-pp7709/","https://www.akwa.co.za/wp-content/uploads/2020/05/PP7709-1-e1748854991701-300x300.png","PP7709-1"
"3444","PLASTIC PLANT – PP7809","R20.70 Excl. Vat","Yes","https://www.akwa.co.za/product/plastic-plant-pp7809/","https://www.akwa.co.za/wp-content/uploads/2020/05/PP7809-1-e1748852811268-300x300.png","PP7809-1"
"3443","PLASTIC PLANT – PP7812","R20.70 Excl. Vat","Yes","https://www.akwa.co.za/product/plastic-plant-pp7812/","https://www.akwa.co.za/wp-content/uploads/2020/05/PP7812-1-e1748852837107-300x300.png","PP7812-1"
"3386","PLASTIC PLANT – PP7815","R20.75 Excl. Vat","Yes","https://www.akwa.co.za/product/plastic-plant-pp7815/","https://www.akwa.co.za/wp-content/uploads/2020/05/PP7815-1-e1748856580427-300x300.png","PP7815-1"
"3413","PLASTIC PLANT – PP7817","R42.35 Excl. Vat","Yes","https://www.akwa.co.za/product/plastic-plant-pp7817/","https://www.akwa.co.za/wp-content/uploads/2020/05/PP7817-1-e1748855382962-300x300.png","PP7817-1"
"3414","PLASTIC PLANT – PP7818","R42.35 Excl. Vat","Yes","https://www.akwa.co.za/product/plastic-plant-pp7818/","https://www.akwa.co.za/wp-content/uploads/2020/05/PP7818-1-e1748855352594-300x300.png","PP7818-1"
"3417","PLASTIC PLANT – PP8141","R79.60 Excl. Vat","Yes","https://www.akwa.co.za/product/plastic-plant-pp8141/","https://www.akwa.co.za/wp-content/uploads/2020/05/PP8141-1-e1748855265135-300x300.png","PP8141-1"
"3405","PLASTIC PLANT – PP8143","R79.60 Excl. Vat","Yes","https://www.akwa.co.za/product/plastic-plant-pp8143/","https://www.akwa.co.za/wp-content/uploads/2020/05/PP8143-300x300.png","PP8143"
"3415","PLASTIC PLANT – PP8144","R79.60 Excl. Vat","Yes","https://www.akwa.co.za/product/plastic-plant-pp8144/","https://www.akwa.co.za/wp-content/uploads/2020/05/PP8144-1-e1748855328350-300x300.png","PP8144-1"
"3416","PLASTIC PLANT – PP8145","R79.60 Excl. Vat","Yes","https://www.akwa.co.za/product/plastic-plant-pp8145/","https://www.akwa.co.za/wp-content/uploads/2020/05/PP8145-1-e1748855301952-300x300.png","PP8145-1"
"3412","PLASTIC PLANT – PP8230","R50.75 Excl. Vat","Yes","https://www.akwa.co.za/product/plastic-plant-pp8230/","https://www.akwa.co.za/wp-content/uploads/2020/05/PP8230-300x300.png","PP8230"
"3409","PLASTIC PLANT – PP8231","R50.78 Excl. Vat","Yes","https://www.akwa.co.za/product/plastic-plant-pp8231/","https://www.akwa.co.za/wp-content/uploads/2020/05/PP8231-1-e1748855524809-300x300.png","PP8231-1"
"3407","PLASTIC PLANT – PP8314","R67.20 Excl. Vat","Yes","https://www.akwa.co.za/product/plastic-plant-pp8314/","https://www.akwa.co.za/wp-content/uploads/2020/05/PP8314-1-e1748855592820-300x300.png","PP8314-1"
"3398","PLASTIC PLANT – PP8402","R37.20 Excl. Vat","Yes","https://www.akwa.co.za/product/plastic-plant-pp8402/","https://www.akwa.co.za/wp-content/uploads/2020/05/PP8402-1-e1748855792418-300x300.png","PP8402-1"
"3445","PLASTIC PLANT – PP8506","R37.17 Excl. Vat","Yes","https://www.akwa.co.za/product/plastic-plant-pp8506/","https://www.akwa.co.za/wp-content/uploads/2020/05/PP8506-1-e1748852776697-300x300.png","PP8506-1"
"3404","PLASTIC PLANT – PP8507","R38.39 Excl. Vat","Yes","https://www.akwa.co.za/product/plastic-plant-pp8507/","https://www.akwa.co.za/wp-content/uploads/2020/05/PP8507-1-e1748855675221-300x300.png","PP8507-1"
"3440","PLASTIC PLANT – PP8525","R46.48 Excl. Vat","Yes","https://www.akwa.co.za/product/plastic-plant-pp8525/","https://www.akwa.co.za/wp-content/uploads/2020/05/PP8525-1-e1748852974223-300x300.png","PP8525-1"
"3389","PLASTIC PLANT – PP8530","R46.52 Excl. Vat","Yes","https://www.akwa.co.za/product/plastic-plant-pp8530/","https://www.akwa.co.za/wp-content/uploads/2020/05/PP8530-1-e1748856404685-300x300.png","PP8530-1"
"3401","PLASTIC PLANT – PP8601","R56.43 Excl. Vat","Yes","https://www.akwa.co.za/product/plastic-plant-pp8601/","https://www.akwa.co.za/wp-content/uploads/2020/05/PP8601-1-e1748855736360-300x300.png","PP8601-1"
"3388","PLASTIC PLANT – PP8615","R54.91 Excl. Vat","Yes","https://www.akwa.co.za/product/plastic-plant-pp8615/","https://www.akwa.co.za/wp-content/uploads/2020/05/PP8615-1-e1748856474345-300x300.png","PP8615-1"
"3387","PLASTIC PLANT – PP8616","R52.30 Excl. Vat","Yes","https://www.akwa.co.za/product/plastic-plant-pp8616/","https://www.akwa.co.za/wp-content/uploads/2020/05/PP8616-300x300.png","PP8616"
"3441","PLASTIC PLANT – PP8618","R54.70 Excl. Vat","Yes","https://www.akwa.co.za/product/plastic-plant-pp8618/","https://www.akwa.co.za/wp-content/uploads/2020/05/PP8618-1-e1748852883740-300x300.png","PP8618-1"
"3395","PLASTIC PLANT – PP8627","R53.87 Excl. Vat","Yes","https://www.akwa.co.za/product/plastic-plant-pp8627/","https://www.akwa.co.za/wp-content/uploads/2020/05/PP8627-2-e1748855864475-300x300.png","PP8627-2"
"3442","PLASTIC PLANT – PP8628","R54.70 Excl. Vat","Yes","https://www.akwa.co.za/product/plastic-plant-pp8628/","https://www.akwa.co.za/wp-content/uploads/2020/05/PP8628-300x300.png","PP8628"
"3391","PLASTIC PLANT – PP8912S","R38.40 Excl. Vat","Yes","https://www.akwa.co.za/product/plastic-plant-pp8912s/","https://www.akwa.co.za/wp-content/uploads/2020/05/PP8912S-300x300.png","PP8912S"
"3390","PLASTIC PLANT – PP8913L","R54.91 Excl. Vat","Yes","https://www.akwa.co.za/product/plastic-plant-pp8913l/","https://www.akwa.co.za/wp-content/uploads/2020/05/PP8913L-1-e1748856433330-300x300.png","PP8913L-1"
"3402","PLASTIC PLANT – PP8919L","R39.91 Excl. Vat","Yes","https://www.akwa.co.za/product/plastic-plant-pp8919l/","https://www.akwa.co.za/wp-content/uploads/2020/05/PP8919L-1-e1748855709123-300x300.png","PP8919L-1"
"3394","PLASTIC PLANT – PP8921","R28.91 Excl. Vat","Yes","https://www.akwa.co.za/product/plastic-plant-pp8921/","https://www.akwa.co.za/wp-content/uploads/2020/05/PP8921-1-e1748855955845-300x300.png","PP8921-1"
"3429","PLASTIC PLANT – PP9103L","R141.17 Excl. Vat","Yes","https://www.akwa.co.za/product/plastic-plant-pp9103l/","https://www.akwa.co.za/wp-content/uploads/2020/05/PP9103L-1-e1748853394591-300x300.png","PP9103L-1"
"3428","PLASTIC PLANT – PP9106L","R141.17 Excl. Vat","Yes","https://www.akwa.co.za/product/plastic-plant-pp9106l/","https://www.akwa.co.za/wp-content/uploads/2020/05/PP9106L-2-e1748853436721-300x300.png","PP9106L-2"
"3436","PLASTIC PLANT – PP9110","R68.85 Excl. Vat","Yes","https://www.akwa.co.za/product/plastic-plant-pp9110/","https://www.akwa.co.za/wp-content/uploads/2020/05/PP9110-300x300.png","PP9110"
"3437","PLASTIC PLANT – PP9111","R68.83 Excl. Vat","Yes","https://www.akwa.co.za/product/plastic-plant-pp9111/","https://www.akwa.co.za/wp-content/uploads/2020/05/PP9111-1-e1748853112975-300x300.png","PP9111-1"
"3435","PLASTIC PLANT – PP9124","R102.45 Excl. Vat","Yes","https://www.akwa.co.za/product/plastic-plant-pp9124/","https://www.akwa.co.za/wp-content/uploads/2020/05/PP9124-300x300.png","PP9124"
"3430","PLASTIC PLANT – PP9127","R83.30 Excl. Vat","Yes","https://www.akwa.co.za/product/plastic-plant-pp9127/","https://www.akwa.co.za/wp-content/uploads/2020/05/PP9127-2-e1748853196794-300x300.png","PP9127-2"
"3431","PLASTIC PLANT – PP9128","R83.30 Excl. Vat","Yes","https://www.akwa.co.za/product/plastic-plant-pp9128/","https://www.akwa.co.za/wp-content/uploads/2020/05/PP9128-1-e1748853168438-300x300.png","PP9128-1"
"3434","PLASTIC PLANT – PP9202 (10-PACK)","R124.05 Excl. Vat","Yes","https://www.akwa.co.za/product/plastic-plant-pp9202-10-pack/","https://www.akwa.co.za/wp-content/uploads/2020/05/PP9202-300x300.png","PP9202"
"3418","PLASTIC PLANT – PP9253","R79.61 Excl. Vat","Yes","https://www.akwa.co.za/product/plastic-plant-pp9253/","https://www.akwa.co.za/wp-content/uploads/2020/05/PP9253-1-e1748855197723-300x300.png","PP9253-1"
"3419","PLASTIC PLANT – PP9257","R79.61 Excl. Vat","Yes","https://www.akwa.co.za/product/plastic-plant-pp9257/","https://www.akwa.co.za/wp-content/uploads/2020/05/PP9257-1-e1748855162443-300x300.png","PP9257-1"
"3433","PLASTIC PLANT – PP9270 (10-PACK)","R124.05 Excl. Vat","Yes","https://www.akwa.co.za/product/plastic-plant-pp9270-10-pack/","https://www.akwa.co.za/wp-content/uploads/2020/05/PP9270-300x300.png","PP9270"
"3432","PLASTIC PLANT – PP9272 (10-PACK)","R124.05 Excl. Vat","Yes","https://www.akwa.co.za/product/plastic-plant-pp9272-10-pack/","https://www.akwa.co.za/wp-content/uploads/2020/05/PP9272-300x300.png","PP9272"
"14787","PLASTIC PLANT / 2.5 – PP9934","R37.96 Excl. Vat","Yes","https://www.akwa.co.za/product/plastic-plant-2-5-pp9934/","https://www.akwa.co.za/wp-content/uploads/2024/01/PP9934-1-e1748851990198-300x300.png","PP9934-1"
"14784","PLASTIC PLANT / 5 – PP9919","R51.78 Excl. Vat","Yes","https://www.akwa.co.za/product/plastic-plant-5-pp9919/","https://www.akwa.co.za/wp-content/uploads/2024/01/PP9919-1-e1748852057230-300x300.png","PP9919-1"
"14785","PLASTIC PLANT / 5 – PP9925","R51.78 Excl. Vat","Yes","https://www.akwa.co.za/product/plastic-plant-5-pp9925/","https://www.akwa.co.za/wp-content/uploads/2024/01/PP9925-1-e1748852036146-300x300.png","PP9925-1"
"14786","PLASTIC PLANT / 5 – PP9929","R51.78 Excl. Vat","Yes","https://www.akwa.co.za/product/plastic-plant-5-pp9929/","https://www.akwa.co.za/wp-content/uploads/2024/01/PP9929-1-e1748852015345-300x300.png","PP9929-1"
"14789","PLASTIC PLANT / 5 – PP9940","R51.78 Excl. Vat","Yes","https://www.akwa.co.za/product/plastic-plant-5-pp9940/","https://www.akwa.co.za/wp-content/uploads/2024/01/PP9940-1-e1748851967723-300x300.png","PP9940-1"
"14783","PLASTIC PLANT / 6 – PP9911","R51.78 Excl. Vat","Yes","https://www.akwa.co.za/product/plastic-plant-6-pp9911/","https://www.akwa.co.za/wp-content/uploads/2024/01/PP9911-1-e1748852113979-300x300.png","PP9911-1"
"14781","PLASTIC PLANT / 8 – PP9907","R133.35 Excl. Vat","Yes","https://www.akwa.co.za/product/aquarium-plastic-plant-8-pp9907/","https://www.akwa.co.za/wp-content/uploads/2024/01/PP9907-1-e1748852135517-300x300.png","PP9907-1"
"3439","PLASTIC PLANT 18″ – PP8915L","R39.91 Excl. Vat","Yes","https://www.akwa.co.za/product/plastic-plant-18-pp8915l/","https://www.akwa.co.za/wp-content/uploads/2020/05/PP8915L-1-e1748853043443-300x300.png","PP8915L-1"
"3438","PLASTIC PLANT 8.5″ – PP8328","R38.39 Excl. Vat","Yes","https://www.akwa.co.za/product/plastic-plant-8-5-pp8328/","https://www.akwa.co.za/wp-content/uploads/2020/05/PP8328-1-e1748853081730-300x300.png","PP8328-1"
"3406","PLASTIC PLANT- PP8234","R79.60 Excl. Vat","Yes","https://www.akwa.co.za/product/plastic-plant-pp8234/","https://www.akwa.co.za/wp-content/uploads/2020/05/PP8234-1-e1748855640671-300x300.png","PP8234-1"
"13741","HYGGER TEST STRIPS – HG-006 / 50 TEST","R126.25 Excl. Vat","Yes","https://www.akwa.co.za/product/hygger-test-strips-hg-006-50-test/","https://www.akwa.co.za/wp-content/uploads/2023/09/HYG0006-1-300x300.png","HYG0006-1"
"13745","HYGGER VACUUM GRAVEL CLEANER – AQ-013","R415.45 Excl. Vat","Yes","https://www.akwa.co.za/product/hygger-vacuum-gravel-cleaner-aq-013/","https://www.akwa.co.za/wp-content/uploads/2023/09/HYG0013-1-e1749540123842-300x300.png","HYG0013-1"
"16589","HYGGER VISUAL FEEDER WHITE – HG082","R1,786.10 Excl. Vat","Yes","https://www.akwa.co.za/product/hygger-visual-feeder-white-hg082/","https://www.akwa.co.za/wp-content/uploads/2024/08/618shnrHsL._AC_SL1500_-300x300.jpg","618shnrHsL._AC_SL1500_"
"16580","HYGGER VISUAL FISH FEEDER BLACK – HG082","R1,786.10 Excl. Vat","Yes","https://www.akwa.co.za/product/hygger-visual-fish-feeder-black-hg082/","https://www.akwa.co.za/wp-content/uploads/2024/08/61ogga0KAnL._AC_SL1500_-300x300.jpg","61ogga0KAnL._AC_SL1500_"
"20533","HYGGER WATER QUALITY METER – 5in1","R478.25 Excl. Vat","Yes","https://www.akwa.co.za/product/hygger-water-quality-meter-5in1/","https://www.akwa.co.za/wp-content/uploads/2025/11/hygger-water-quality-meter6-300x300.jpg","hygger-water-quality-meter6"
"15283","HYGGER WAVE MAKER – HG951-14W – 6000 L/H","R1,420.15 Excl. Vat","Yes","https://www.akwa.co.za/product/hygger-wave-maker-hg-951-14w/","https://www.akwa.co.za/wp-content/uploads/2024/03/HG951-26-300x300.jpg","HG951-26"
"15313","HYGGER WAVE MAKER – HG951-20W – 9840 L/H","R2,151.10 Excl. Vat","Yes","https://www.akwa.co.za/product/hygger-wave-maker-hg951-20w/","https://www.akwa.co.za/wp-content/uploads/2024/03/HG951-8-300x300.jpg","HG951-8"
"20601","S/STEEL COLOUR TOOL KIT – HG030/4pcs","R267.85 Excl. Vat","Yes","https://www.akwa.co.za/product/s-steel-colour-tool-kit-hg030-4pcs/","https://www.akwa.co.za/wp-content/uploads/2025/12/Hygger-aquarium-aquascaping-tools-kit-300x300.webp","Hygger-aquarium-aquascaping-tools-kit"